<?xml version="1.0" encoding="utf-8"?>
<COLLADA xmlns="http://www.collada.org/2005/11/COLLADASchema" version="1.4.1">
  <asset>
    <contributor>
      <author>Mixamo</author>
      <authoring_tool>COLLADA Mixamo exporter</authoring_tool>
      <comments/>
    </contributor>
    <created>2025-12-01T21:47:57Z</created>
    <modified>2025-12-01T21:47:57Z</modified>
    <revision/>
    <title/>
    <unit meter="0.010000"/>
    <up_axis>Y_UP</up_axis>
  </asset>
  <library_images>
    <image id="file6-image" name="file6">
      <init_from>textures/Guard_02__diffuse.png</init_from>
    </image>
    <image id="file7-image" name="file7">
      <init_from>textures/Guard_02__specular.png</init_from>
    </image>
    <image id="file10-image" name="file10">
      <init_from>textures/Guard_02__normal.png</init_from>
    </image>
  </library_images>
  <library_materials>
    <material id="Guard_02" name="Guard_02">
      <instance_effect url="#Guard_02-fx"/>
    </material>
  </library_materials>
  <library_effects>
    <effect id="Guard_02-fx" name="Guard_02">
      <profile_COMMON>
        <newparam sid="file6-surface">
          <surface type="2D">
            <init_from>file6-image</init_from>
          </surface>
        </newparam>
        <newparam sid="file6-sampler">
          <sampler2D>
            <source>file6-surface</source>
            <minfilter>LINEAR</minfilter>
            <magfilter>LINEAR</magfilter>
          </sampler2D>
        </newparam>
        <newparam sid="file7-surface">
          <surface type="2D">
            <init_from>file7-image</init_from>
          </surface>
        </newparam>
        <newparam sid="file7-sampler">
          <sampler2D>
            <source>file7-surface</source>
            <minfilter>LINEAR</minfilter>
            <magfilter>LINEAR</magfilter>
          </sampler2D>
        </newparam>
        <newparam sid="file10-surface">
          <surface type="2D">
            <init_from>file10-image</init_from>
          </surface>
        </newparam>
        <newparam sid="file10-sampler">
          <sampler2D>
            <source>file10-surface</source>
            <minfilter>LINEAR</minfilter>
            <magfilter>LINEAR</magfilter>
          </sampler2D>
        </newparam>
        <technique sid="standard">
          <phong>
            <emission>
              <color sid="emission">0.000000  0.000000 0.000000 1.000000</color>
            </emission>
            <ambient>
              <color sid="ambient">0.000000  0.000000 0.000000 1.000000</color>
            </ambient>
            <diffuse>
              <texture texture="file6-sampler" texcoord="CHANNEL0">
                <extra>
                  <technique profile="MAYA">
                    <wrapU sid="wrapU0">TRUE</wrapU>
                    <wrapV sid="wrapV0">TRUE</wrapV>
                    <blend_mode>NONE</blend_mode>
                  </technique>
                </extra>
                <extra type="texture_offset">
                  <technique profile="ADOBE">
                    <offsets>
                      <offsetu>0.000000</offsetu>
                      <offsetu>0.000000</offsetu>
                      <offsetv>0.000000</offsetv>
                      <scaleu>1.000000</scaleu>
                      <scalev>1.000000</scalev>
                      <angle>0.000000</angle>
                    </offsets>
                  </technique>
                </extra>
              </texture>
            </diffuse>
            <specular>
              <texture texture="file7-sampler" texcoord="CHANNEL0">
                <extra>
                  <technique profile="MAYA">
                    <wrapU sid="wrapU0">TRUE</wrapU>
                    <wrapV sid="wrapV0">TRUE</wrapV>
                    <blend_mode>NONE</blend_mode>
                  </technique>
                </extra>
                <extra type="texture_offset">
                  <technique profile="ADOBE">
                    <offsets>
                      <offsetu>0.000000</offsetu>
                      <offsetu>0.000000</offsetu>
                      <offsetv>0.000000</offsetv>
                      <scaleu>1.000000</scaleu>
                      <scalev>1.000000</scalev>
                      <angle>0.000000</angle>
                    </offsets>
                  </technique>
                </extra>
              </texture>
            </specular>
            <shininess>
              <float sid="shininess">6.311791</float>
            </shininess>
            <reflective>
              <color sid="reflective">0.000000  0.000000 0.000000 1.000000</color>
            </reflective>
            <reflectivity>
              <float sid="reflectivity">0.500000</float>
            </reflectivity>
            <transparent opaque="RGB_ZERO">
              <color>0.000000 0.000000 0.000000 1.0</color>
            </transparent>
            <transparency>
              <float sid="transparency">1.000000</float>
            </transparency>
          </phong>
          <extra>
            <technique profile="FCOLLADA">
              <displacement>
                <texture texture="file10-sampler" texcoord="CHANNEL0">
                  <extra>
                    <technique profile="MAYA">
                      <wrapU sid="wrapU0">TRUE</wrapU>
                      <wrapV sid="wrapV0">TRUE</wrapV>
                      <blend_mode>NONE</blend_mode>
                    </technique>
                  </extra>
                  <extra type="texture_offset">
                    <technique profile="ADOBE">
                      <offsets>
                        <offsetu>0.000000</offsetu>
                        <offsetu>0.000000</offsetu>
                        <offsetv>0.000000</offsetv>
                        <scaleu>1.000000</scaleu>
                        <scalev>1.000000</scalev>
                        <angle>0.000000</angle>
                      </offsets>
                    </technique>
                  </extra>
                  <extra>
                    <technique profile="MAX3D">
                      <amount>1.000000</amount>
                    </technique>
                  </extra>
                </texture>
              </displacement>
            </technique>
          </extra>
        </technique>
      </profile_COMMON>
    </effect>
  </library_effects>
  <library_geometries>
    <geometry id="Guard02-lib" name="Guard02Mesh">
      <mesh>
        <source id="Guard02-lib-Position" name="position">
          <float_array id="Guard02-lib-Position-array" count="7230"> -0.050516 176.142639 -17.138508 -0.050516 209.700211 -7.634675 -0.050516 204.015686 17.953272 -0.050516 188.676010 21.368595 -0.050516 174.107239 -12.039908 -0.050515 160.882370 17.153311 -0.050516 189.297409 -15.888203 -0.050516 195.966751 -14.383720 -0.050516 186.138351 21.705088 -0.050516 186.180801 20.175369 -9.671529 175.810654 -14.528724 -14.917342 174.170715 -7.672261 -17.483496 170.830688 2.067601 -15.379552 164.831589 10.766257 -8.211873 160.479156 19.900362 -6.644565 209.319427 -5.920608 -11.441651 208.279083 -1.237687 -13.197508 206.857956 5.159300 -11.441651 205.436813 11.556288 -5.858212 204.350800 16.444893 -7.223021 189.199234 19.338366 -14.364831 191.139038 11.183434 -7.251981 173.492813 -10.103087 -11.133751 172.267624 -5.007929 -13.058913 169.489716 2.227566 -11.493741 165.183136 8.635566 -6.130813 161.718689 15.393320 -7.986781 176.739502 19.984171 -15.109877 179.811813 11.007121 -17.138222 183.583405 2.686450 -14.783410 186.595963 -6.542702 -8.881850 188.609039 -13.395100 -7.712156 184.199799 19.919113 -14.784700 186.129333 11.034753 -14.626342 188.877808 11.175079 -16.593420 191.019714 3.302138 -14.377168 193.344345 -5.322722 -8.364736 195.350052 -12.027433 -7.372195 186.708466 19.612160 -1.893315 183.524536 21.842306 -1.899531 176.381317 21.760290 -2.236497 161.169022 21.914038 -2.280527 159.664124 21.758230 -9.504674 204.890213 14.174850 -11.620953 190.041489 15.937724 -11.620790 187.375793 16.642981 -11.738663 185.138550 16.943159 -12.329658 177.886215 16.237949 -12.529956 162.202896 16.005354 -9.483154 162.792648 12.643510 -6.316926 184.885788 18.516270 -9.146831 185.535370 15.965425 -6.483035 186.766953 18.547333 -9.580868 187.428223 15.318360 -1.593416 162.533981 18.622974 -1.446368 184.193893 19.735762 -1.354792 176.618576 19.832817 -9.523810 186.467117 15.239525 -11.879374 186.261597 16.604815 -0.050516 202.421509 18.374474 -5.868264 202.768753 16.803530 -9.509860 203.327805 14.401716 -11.487474 203.920120 11.540576 -13.221303 205.367035 4.981419 -11.462160 206.839249 -1.678808 -6.656090 207.970840 -6.615159 -0.050516 208.365082 -8.398922 -6.304990 184.312454 18.310312 -9.241686 185.103973 15.633597 -0.050516 186.789871 20.204111 -6.428507 187.372589 18.601662 -9.708381 187.739685 15.098797 -1.864775 162.279984 18.482065 -1.751711 183.908478 19.537947 -1.948169 176.622467 19.687284 -9.801474 186.338547 14.734070 -0.050516 175.137482 -11.621231 -7.160017 174.526245 -9.708469 -10.975675 173.292633 -4.607232 -12.879609 170.461456 2.730883 -11.271749 166.138931 9.155390 -9.309524 163.817841 13.020180 -6.040008 162.788742 15.682830 -0.050515 161.964584 17.408669 9.570498 175.743378 -14.528724 14.816309 174.026901 -7.672261 17.382462 170.520798 2.067601 15.278521 164.831589 10.766257 8.110842 160.479156 19.900362 6.543532 209.319427 -5.920608 11.340618 208.279083 -1.237687 13.096475 206.857956 5.159300 11.340618 205.436813 11.556288 5.757180 204.350800 16.444893 7.121989 189.199234 19.338366 14.263797 191.139038 11.183434 7.150949 173.492813 -10.103087 11.032719 172.267624 -5.007929 12.957885 169.489716 2.227563 11.392711 165.183136 8.635566 6.029781 161.718689 15.393320 7.885748 176.739502 19.984171 15.008843 179.811813 11.007121 17.037189 183.583405 2.686450 14.682378 186.595963 -6.542702 8.780817 188.609039 -13.395100 7.611123 184.199799 19.919113 14.683667 186.129333 11.034753 14.525309 188.877808 11.175079 16.492386 191.019714 3.302138 14.276135 193.344345 -5.322722 8.263702 195.350052 -12.027433 7.271162 186.708466 19.612160 1.792282 183.524536 21.842306 1.798499 176.381317 21.760290 2.135467 161.169022 21.914038 2.179496 159.664124 21.758230 9.403642 204.890213 14.174850 11.519919 190.041489 15.937724 11.519757 187.375793 16.642981 11.637631 185.138550 16.943159 12.228624 177.886215 16.237949 12.428926 162.202896 16.005354 9.382124 162.792648 12.643510 6.215893 184.885788 18.516270 9.045798 185.535370 15.965425 6.382003 186.766953 18.547333 9.479835 187.428223 15.318360 1.492385 162.533981 18.622974 1.345335 184.193893 19.735762 1.253759 176.618576 19.832817 9.422778 186.467117 15.239525 11.778340 186.261597 16.604815 5.767232 202.768753 16.803530 9.408828 203.327805 14.401716 11.386441 203.920120 11.540576 13.120271 205.367035 4.981419 11.361126 206.839249 -1.678808 6.555058 207.970840 -6.615159 6.203958 184.312454 18.310312 9.140655 185.103973 15.633597 6.327476 187.372589 18.601662 9.607348 187.739685 15.098797 1.763744 162.279984 18.482065 1.650679 183.908478 19.537947 1.847136 176.622467 19.687284 9.700439 186.338547 14.734070 7.058984 174.526245 -9.708468 10.874641 173.292633 -4.607232 12.778581 170.461456 2.730880 11.170717 166.138931 9.155390 9.208493 163.817841 13.020180 5.938977 162.788742 15.682830 -0.050516 206.570358 6.476620 8.106704 161.992889 19.935715 12.433891 163.674210 16.045931 15.282766 166.228058 10.798800 17.384260 171.560806 2.115388 14.830438 175.310806 -7.608541 9.524474 176.941132 -14.466863 -0.050516 177.334854 -17.071814 -9.625504 177.008377 -14.466863 -14.931469 175.352432 -7.608541 -17.485294 172.065018 2.115388 -15.383801 166.228058 10.798800 -12.534921 163.674210 16.045931 -8.207735 161.992889 19.935715 1.765921 162.654327 18.513519 1.486157 162.901581 18.654554 2.055532 161.804611 21.442587 7.835471 162.589523 19.370762 12.022244 164.057251 15.434979 14.776614 166.648529 10.535369 16.807808 171.754990 2.144017 14.342292 175.357193 -7.253206 9.193458 176.936432 -13.447957 -0.050516 177.325043 -15.965213 -9.294488 176.999741 -12.825148 -14.252462 175.396347 -7.066409 -16.710976 172.229645 2.144017 -14.877648 166.648529 10.535369 -12.123275 164.202164 15.611313 -7.936502 162.589523 19.370762 -2.156563 161.804611 21.442587 -1.587188 162.901581 18.654554 -1.866951 162.654327 18.513519 10.904024 203.719345 11.221962 9.004307 203.144684 13.986529 5.519598 202.606308 16.295141 -0.050516 202.271881 17.801138 -5.620631 202.606308 16.295141 -9.105337 203.144684 13.986529 -11.005055 203.719345 11.221962 -12.666954 205.065582 4.946217 -10.981714 206.485580 -1.443130 -6.378424 207.581528 -6.184253 -0.050516 207.961685 -7.895319 6.277392 207.581528 -6.184253 10.880680 206.485580 -1.443130 12.565920 205.065582 4.946217 10.262114 196.593079 14.962128 12.583910 197.429199 11.202699 14.273932 198.955643 4.231042 12.357703 200.769165 -3.217826 7.141438 202.260834 -9.165016 -0.050516 202.743881 -11.156753 -7.242469 202.260834 -9.165016 -12.458738 200.769165 -3.217826 -14.374967 198.955643 4.231042 -12.684944 197.429199 11.202699 -10.363145 196.593079 14.962128 -6.337218 195.941940 17.545799 0.034091 195.513107 19.313911 6.405402 195.941940 17.545799 -1.907561 169.638397 19.100399 -1.470990 169.760086 19.243681 -2.028047 169.092972 21.601433 -7.961642 169.664505 19.677465 -12.226465 171.044174 15.924629 -14.993760 173.077209 10.771244 -16.924597 177.014297 2.415233 -14.517936 180.539200 -6.855540 -9.088169 182.551361 -13.390539 -0.050516 183.058197 -16.207123 8.987137 182.519699 -13.701943 14.512336 180.519592 -6.948939 16.922497 176.776947 2.415233 14.892726 173.077209 10.771244 12.125433 170.971725 15.836461 7.860609 169.664505 19.677465 1.927015 169.092972 21.601435 1.369957 169.760086 19.243681 1.806528 169.638397 19.100399 -7.103608 187.383347 17.395874 -4.101084 185.578217 17.977198 -1.075873 184.506989 17.228529 -9.789527 191.148743 8.028131 -11.706635 190.765244 10.630354 -11.001765 190.032898 13.937737 -9.034616 188.905716 16.333002 -4.741803 189.966934 17.283926 -0.690841 188.030380 16.626665 -8.495940 194.168274 8.393640 -10.723687 193.838745 10.641194 -9.165355 192.622055 15.107162 -4.565411 185.162201 16.001822 -6.801450 186.842667 15.518248 -2.411806 184.197433 15.605279 -10.272279 189.670273 10.920626 -8.858799 189.710052 8.980252 -9.608946 189.162949 13.026823 -8.282360 188.213562 14.736271 7.222107 187.383347 17.395874 4.219584 185.578217 17.977198 1.194373 184.506989 17.432411 9.908027 191.148743 8.028131 11.825135 190.765244 10.630354 11.120265 190.032898 13.937737 9.153115 188.905716 16.333002 4.860302 189.966934 17.283926 0.809341 188.030380 16.626665 8.614440 194.168274 8.393640 10.842186 193.838745 10.641194 9.283854 192.622055 15.107162 4.683911 185.162201 16.001822 6.919950 186.842667 15.518248 2.530305 184.197433 15.605279 10.390778 189.670273 10.920626 8.977299 189.710052 8.980252 9.727446 189.162949 13.026823 8.400860 188.213562 14.736271 -7.681707 185.440277 15.593462 -7.038990 188.602585 16.025221 -5.956257 187.573532 16.457760 -5.038839 185.930161 16.629564 -4.721180 184.475891 16.364527 -5.200997 183.431442 15.600695 -6.400002 183.034256 14.576601 -7.765403 183.456024 13.844696 -8.779816 184.384476 13.643184 -9.305144 185.583237 13.873991 -9.309171 186.900833 14.367620 -8.824747 188.089386 14.961675 -8.011074 188.756668 15.526302 -6.396013 190.848419 15.525320 -4.465321 189.366287 16.177349 -2.805815 186.825760 16.386349 -2.197878 184.527023 15.933154 -2.892178 182.865356 14.755565 -4.886947 182.280106 13.154382 -7.201789 183.107803 12.006718 -8.900288 184.632812 11.755714 -9.817080 186.397034 12.228712 -9.937543 188.265030 13.050655 -9.274978 189.984360 13.957413 -8.020668 190.993591 14.784909 -5.313058 192.645706 11.951370 -3.095596 191.464554 12.541594 -1.261442 189.513885 12.744238 -0.550242 187.589447 12.360971 -1.198196 186.193726 11.323980 -3.133423 185.714706 9.976344 -5.471566 186.393356 9.022290 -7.393649 187.740936 8.828485 -8.574230 189.299881 9.248924 -8.926498 190.836670 9.939480 -8.429204 192.152084 10.667749 -7.171426 192.852692 11.319496 7.800208 185.440277 15.593462 7.157491 188.602585 16.025221 6.074758 187.573532 16.457760 5.157340 185.930161 16.629564 4.839681 184.475891 16.364527 5.319498 183.431442 15.600695 6.518502 183.034256 14.576601 7.883903 183.456024 13.844696 8.898315 184.384476 13.643184 9.423644 185.583237 13.873991 9.427670 186.900833 14.367620 8.943247 188.089386 14.961675 8.129573 188.756668 15.526302 6.514513 190.848419 15.525320 4.583821 189.366287 16.177349 2.924315 186.825760 16.386349 2.316378 184.527023 15.933154 3.010678 182.865356 14.755565 5.005447 182.280106 13.154382 7.320289 183.107803 12.006718 9.018787 184.632812 11.755714 9.935579 186.397034 12.228712 10.056043 188.265030 13.050655 9.393477 189.984360 13.957413 8.139167 190.993591 14.784909 5.431559 192.645706 11.951370 3.214096 191.464554 12.541594 1.379942 189.513885 12.744238 0.668742 187.589447 12.360971 1.316696 186.193726 11.323980 3.251923 185.714706 9.976344 5.590067 186.393356 9.022290 7.512149 187.740936 8.828485 8.692729 189.299881 9.248924 9.044998 190.836670 9.939480 8.547703 192.152084 10.667749 7.289927 192.852692 11.319496 -2.825121 187.567963 14.982356 -3.637853 186.386520 15.664290 -5.070715 185.468872 15.307117 -6.603227 185.084305 14.480141 -7.741121 185.263977 13.529177 -8.223353 186.073868 12.693404 -8.373163 187.720581 12.017231 -8.294260 189.285492 11.434177 -7.446937 190.329498 10.890797 -1.444220 187.401291 15.840522 -2.717865 185.887497 16.879852 -4.794523 184.548599 16.534796 -7.186371 184.033676 15.560295 -9.035652 184.367065 14.372107 -9.689319 185.577057 13.140656 -9.750892 188.011047 12.108883 -9.582918 190.214645 11.175803 -8.320201 191.802490 10.153368 -0.641858 186.764053 15.648542 -2.131779 184.927979 16.778706 -4.542872 183.482361 16.407427 -7.446000 183.157104 15.670850 -9.778234 183.715759 14.643300 -10.644400 185.198425 13.418955 -10.639585 188.071075 12.185346 -10.330982 190.491760 10.960268 -8.724306 192.284119 9.546534 -0.901962 185.639297 14.117225 -2.273080 183.700958 15.262136 -4.637507 182.439102 14.978067 -7.510151 182.370209 14.577135 -9.831283 183.153427 13.858264 -10.737836 184.776825 12.825305 -10.771548 187.533905 11.609039 -10.423597 189.774536 10.288595 -8.795957 191.506851 8.872953 -2.214665 184.616394 11.839735 -3.301498 182.827744 12.714611 -5.263790 181.859314 12.731395 -7.601355 181.898636 12.563828 -9.498226 182.756973 12.148231 -10.302119 184.377472 11.447478 -10.391813 186.614380 10.491359 -10.034340 188.334091 9.271459 -8.650618 189.632248 8.091299 2.943621 187.567963 14.982356 3.756352 186.386520 15.664290 5.189215 185.468872 15.307117 6.721726 185.084305 14.480141 7.859621 185.263977 13.529177 8.341853 186.073868 12.693404 8.491662 187.720581 12.017231 8.412760 189.285492 11.434177 7.565436 190.329498 10.890797 1.562720 187.401291 15.840522 2.836365 185.887497 16.910517 4.913022 184.548599 16.534796 7.304871 184.033676 15.560295 9.154152 184.367065 14.372107 9.807818 185.577057 13.140656 9.869390 188.011047 12.108883 9.701418 190.214645 11.175803 8.438700 191.802490 10.153368 0.760357 186.764053 15.648542 2.250279 184.927979 16.878145 4.661371 183.482361 16.407427 7.564499 183.157104 15.670850 9.896733 183.715759 14.643300 10.762899 185.198425 13.418955 10.758083 188.071075 12.185346 10.449481 190.491760 10.960268 8.842806 192.284119 9.546534 1.020461 185.639297 14.117225 2.391579 183.700958 15.262136 4.756007 182.439102 14.978067 7.628650 182.370209 14.577135 9.949782 183.153427 13.858264 10.856336 184.776825 12.825305 10.890048 187.533890 11.609039 10.542097 189.774536 10.288595 8.914456 191.506851 8.872953 2.333164 184.616394 11.839735 3.419997 182.827744 12.714611 5.382290 181.859314 12.731395 7.719854 181.898636 12.563828 9.616726 182.756973 12.148231 10.420619 184.377472 11.447478 10.510313 186.614380 10.491359 10.152840 188.334091 9.271459 8.769116 189.632248 8.091299 -2.160455 186.941116 13.876502 -3.888954 184.405396 15.367434 -7.199781 183.520004 13.627307 -8.522853 185.544510 11.689445 -8.020381 188.963867 10.287951 -0.499159 187.930954 12.998781 -0.469829 186.136719 15.784321 -1.966276 184.358139 17.122299 -4.406204 182.785004 16.600042 -8.302852 182.643677 15.031422 -10.269342 183.770950 13.325400 -10.229596 186.853165 11.399901 -10.032239 189.442245 10.303594 -8.548633 191.307846 9.102305 0.413224 187.773376 12.393828 0.472892 185.388031 15.558760 -1.277665 183.230759 17.003458 -4.110533 181.532272 16.450394 -8.891614 181.478317 14.981318 -11.279407 183.548523 12.939147 -11.273749 186.923691 11.489739 -10.911164 189.767838 10.050355 -9.023429 191.873734 8.389317 -0.065179 186.778320 11.032178 0.167287 184.066513 13.759564 -1.443682 181.789093 15.104757 -4.221722 180.306519 14.770995 -8.960465 180.685684 13.877615 -11.389189 183.053177 12.241651 -11.428799 186.292542 10.812617 -11.019980 188.925125 9.261188 -9.107612 190.960495 7.597906 -1.614145 185.324036 9.221662 -1.375049 182.864700 11.083672 -2.652003 180.763138 12.111589 -4.957561 179.625320 12.131312 -7.916600 180.219604 9.202698 -9.766329 182.383209 8.243646 -9.861008 184.744446 7.234385 -10.562630 187.232727 8.066123 -8.936851 188.757965 6.679516 2.278954 186.941116 13.876502 4.007453 184.405396 15.367434 7.318281 183.520004 13.627307 8.641352 185.544510 11.689445 8.138881 188.963867 10.287951 0.617658 187.930954 12.998781 0.588329 186.136719 15.784321 2.084775 184.358139 17.122299 4.524704 182.785004 16.600042 8.479263 182.501343 15.188429 10.420999 183.879593 13.438820 10.348096 186.853165 11.399901 10.150739 189.442245 10.303594 8.667132 191.307846 9.102305 -0.294725 187.773376 12.393828 -0.354393 185.388031 15.558760 1.396164 183.230759 17.003458 4.229032 181.532272 16.450394 9.010113 181.478317 14.981318 11.397906 183.548523 12.939147 11.392249 186.923691 11.489739 11.029664 189.767838 10.050355 9.141929 191.873734 8.389317 0.183678 186.778320 11.032178 -0.048787 184.066513 13.759564 1.562181 181.789093 15.104757 4.340221 180.306519 14.770995 9.078965 180.685684 13.877615 11.507689 183.053177 12.241651 11.547297 186.292542 10.812617 11.138479 188.925125 9.261188 9.226111 190.960495 7.597906 1.732644 185.324036 9.221662 1.493548 182.864700 11.083672 2.770502 180.763138 12.111589 5.076061 179.625320 12.131312 8.035100 180.219604 9.202698 9.884828 182.383209 8.243646 9.979507 184.744446 7.234385 10.681129 187.232727 8.066123 9.055350 188.757965 6.679516 11.846955 97.429497 15.235500 9.277306 109.716843 18.043598 11.486547 109.262589 20.668879 13.500977 97.019821 17.341175 12.443758 110.716805 16.506866 14.072908 110.216789 18.991796 16.091803 97.979843 15.572698 14.556914 98.229988 13.439043 9.537070 108.587425 17.681488 10.850750 107.993988 19.331568 12.797725 98.559853 17.103245 11.550443 98.991119 15.503916 12.724062 109.573647 16.184141 13.878647 109.164551 17.583143 15.764936 99.774803 15.399853 14.269147 99.930244 13.729571 13.702466 98.491966 18.235884 16.360682 99.409775 16.610863 -9.611048 109.465233 24.697075 5.058806 109.395081 23.752834 7.936386 109.628593 22.178837 8.792163 93.710716 17.692341 4.696403 92.461777 20.089912 -9.524424 92.788635 20.449545 -9.551497 110.281197 21.304422 4.396116 110.011490 21.456818 4.428093 92.975327 17.861767 -8.907262 93.818680 16.496136 -6.869651 106.186325 24.002190 4.545183 95.707390 20.731585 -6.709645 95.517387 21.335167 6.399556 106.864052 21.945570 6.252738 96.179436 20.361557 -6.651119 106.788277 21.907036 -7.458080 96.652527 17.727041 -6.833988 102.568405 23.398882 -6.910830 103.033638 21.443235 -6.747743 100.399803 22.844456 -6.803956 101.056549 20.704821 -4.218105 100.814316 21.285131 -4.263194 102.830940 21.617266 -7.519107 100.208878 23.457508 -7.602189 102.231529 23.997810 -4.863701 102.172112 23.760153 -4.818441 100.155495 23.205727 -8.373516 100.384338 23.215473 -8.432313 102.400803 23.770697 4.891636 96.749596 18.908154 5.145972 106.171883 22.965000 4.952196 106.925934 20.693111 8.228469 94.063690 15.830243 7.228034 110.085358 20.220982 8.276655 106.929070 21.188444 8.096082 107.277832 19.291784 8.737513 96.489769 18.159481 8.583515 96.520515 16.491383 6.413157 109.504990 23.012026 6.451427 92.910805 19.249882 -28.165508 158.286865 5.789044 -23.365026 157.147034 5.353518 -24.394650 150.756454 9.840906 -20.398668 165.019196 -11.208934 -22.062756 165.949646 -1.215251 -26.080896 164.895584 -1.056017 -25.351582 166.438950 -8.383837 -25.910328 134.122864 11.124543 -30.178152 135.766571 10.993832 -29.138477 141.756317 12.560610 -25.029615 139.773682 12.958399 -28.056484 131.253555 4.684198 -32.070889 133.266388 5.551135 -28.806463 133.189957 -5.938396 -32.528339 134.933044 -5.020050 -25.022871 135.917160 -14.157015 -30.599592 138.158752 -12.365928 -22.510481 148.668701 -19.407362 -29.133776 148.082779 -17.937897 -26.340000 162.674683 -16.337238 -27.754644 156.363892 -17.891523 -20.811852 156.720612 -18.862162 -20.209051 161.193237 -16.246002 -41.682899 140.086807 -3.469346 -40.123398 142.611771 -11.356685 -46.306259 144.062943 -9.790143 -47.630791 141.079269 -2.244146 -45.381016 157.132172 -14.200317 -45.850117 150.254196 -12.907607 -36.502987 149.622604 -16.680500 -35.601902 156.393448 -17.066170 -36.041531 163.799255 -15.168109 -45.229031 163.617676 -12.601949 -35.343666 167.233444 -7.921031 -44.928276 167.172699 -6.632380 -39.263271 140.194443 10.638748 -40.645630 138.787308 4.988746 -47.685940 140.707489 5.317436 -47.897724 142.205795 9.581937 -47.701672 148.168503 11.496840 -38.091557 145.971848 11.851507 -59.043701 142.306839 4.128707 -59.536144 141.944519 -2.816999 -68.077156 140.832321 -5.910795 -65.635979 141.281738 0.705566 -60.224262 144.159286 -8.838598 -69.708847 143.861130 -12.521059 -57.386883 156.076401 8.967213 -57.690250 149.789780 10.652768 -64.192894 149.284866 7.454073 -64.971954 155.451324 7.230978 -59.698074 156.011490 -12.397716 -59.940907 149.627441 -11.055983 -59.192688 161.999481 -10.688724 -58.582458 165.232376 -5.983257 -70.402161 163.752655 -9.712906 -70.767189 161.156067 -13.007208 -58.237030 165.873978 -0.021627 -57.487198 162.484100 6.085426 -66.717224 161.776276 3.679443 -68.777573 164.460815 -2.841097 -58.547695 144.318314 8.304229 -64.586281 143.992676 4.937654 -34.698402 166.461548 -0.609875 -35.489193 160.192856 5.983901 -45.663692 162.000763 6.665347 -44.970867 166.916107 0.755764 -92.230103 153.419952 -9.519680 -92.026909 149.102859 -8.040472 -90.663048 148.600327 -10.665897 -90.916664 153.365540 -11.581746 -90.642326 143.718460 1.228618 -90.643295 143.404755 -2.596318 -91.973618 145.879013 -2.421327 -91.931061 146.162048 0.930457 -91.476624 160.386673 -8.118979 -92.279282 158.153244 -6.978106 -90.908264 161.652100 -2.909701 -92.216385 159.118607 -3.053655 -90.324692 146.832245 6.311762 -91.631233 148.339172 4.458257 -91.660889 151.353943 6.278649 -90.359810 151.485580 8.265475 -101.988838 145.638199 0.493498 -104.221733 147.969986 -2.717657 -107.193542 147.324600 4.046011 -95.867523 153.829178 -11.046972 -96.430412 159.200821 -7.332725 -100.224693 158.597488 -7.257949 -100.610817 153.841949 -11.076377 -99.707405 160.146072 -3.632129 -96.112549 160.331955 -3.514385 -95.346718 159.884644 1.295512 -99.031242 159.811325 2.357779 -94.603889 152.293076 6.027137 -94.052292 149.288330 6.539854 -97.064651 149.313354 8.446303 -99.177162 151.534790 7.284860 -100.377792 148.946854 -9.605351 -95.566933 148.437256 -8.787607 -99.347397 147.012299 -5.513260 -97.900826 146.070740 -0.417455 -93.470360 146.129654 -1.402153 -94.717796 146.884766 -5.643027 -96.464966 144.410324 5.411036 -92.998383 145.009750 3.016567 -115.170990 141.078293 9.364805 -114.432457 142.568314 11.637010 -112.704445 141.013367 13.659701 -111.715485 137.161026 11.298716 -108.727783 143.317307 11.604405 -107.637688 139.311356 9.007316 -109.636261 140.131485 5.966748 -112.863213 138.239105 8.453206 -111.589081 143.707977 5.998066 -110.549316 145.937027 8.917103 -126.266212 150.989609 -0.191846 -127.292664 154.513931 0.281071 -126.202499 154.207458 0.720366 -125.227509 150.456970 0.300365 -122.040375 153.643082 4.455650 -122.113640 151.069244 3.480017 -124.784554 150.185577 3.425960 -125.465309 153.110443 4.392921 -121.279350 150.507812 -3.954875 -125.986267 150.471313 -3.962564 -121.788277 150.411087 0.340393 -91.906235 155.973465 4.266792 -90.233757 157.414368 6.340046 -104.946358 143.099319 4.705667 -99.599411 155.321350 6.611266 -95.014694 156.654449 5.177012 -71.162575 141.442657 -0.419110 -68.955780 139.967758 0.050585 -70.518143 139.592896 -6.197248 -72.445595 140.742798 -5.696386 -70.263550 156.182281 6.672351 -67.133553 155.684448 8.268193 -67.049141 149.307281 8.124665 -69.800743 149.993011 7.213549 -71.386780 162.540009 2.734560 -68.633980 163.050598 4.162547 -67.760872 143.214584 5.693211 -70.222832 144.104477 4.893939 -72.107048 164.989609 -10.352392 -70.700157 165.701828 -2.728279 -72.877281 164.594254 -3.321547 -74.048523 163.891342 -9.909434 -72.622955 162.594162 -13.820402 -74.819870 161.731461 -12.666331 -75.193298 155.022110 -15.286322 -72.960381 155.364090 -16.449892 -70.722061 155.247482 -15.690070 -72.219658 143.020859 -13.033690 -46.688072 155.115311 10.035308 -86.762764 146.944916 6.197804 -86.739777 151.538040 8.488690 -86.629120 157.535782 6.819752 -88.319916 161.218842 -8.335505 -87.564217 162.472122 -2.620173 -87.489235 153.928009 -11.988830 -86.832764 148.915527 -10.868032 -87.166069 143.698532 1.284561 -86.855400 143.524445 -3.458831 -122.242645 156.101013 0.353490 -122.364151 155.371780 0.757269 -117.582504 147.965240 -10.847514 -118.322983 151.237366 -12.204767 -122.197739 150.176712 -12.252385 -121.259949 148.122772 -11.279936 -116.950325 154.494858 5.238285 -117.468071 151.727249 4.202486 -116.315086 150.756638 -2.984051 -117.126869 150.620056 1.133441 -116.187462 157.471741 -3.966798 -116.399437 157.217133 1.348219 -121.811012 155.807953 -4.612619 -114.054367 148.966919 -10.253406 -114.032883 152.251816 -11.625436 -105.625587 150.331253 6.462039 -112.504692 148.793793 1.742287 -111.208054 150.378555 4.147870 -112.207191 148.782150 -3.008542 -109.430885 157.057358 -4.317898 -109.107529 156.299637 0.994101 -111.667969 148.487259 -10.231451 -110.707375 151.708374 -11.701586 -121.812775 150.460632 0.576793 -102.854515 146.703720 9.530974 -101.912628 142.804932 8.209788 -104.817154 148.350357 -5.461916 -111.958809 148.636627 -6.476458 -110.134880 152.974365 4.583968 -127.259529 153.708298 -4.483088 -115.208641 149.893417 -6.586318 -119.275047 148.259323 -7.977593 -122.574043 149.202072 -8.695306 -122.874199 151.531281 -9.047739 -119.747322 152.967041 -8.739404 -115.210114 154.943161 -8.079679 -109.813400 154.855774 -8.205001 -70.291954 148.755905 -15.316712 -91.822350 147.240631 -5.849423 -90.631760 144.757416 -7.530650 -86.478828 144.922089 -8.317583 -72.749985 148.533325 -15.981035 -75.039406 148.645340 -14.572854 -74.283714 143.662552 -11.980563 -86.968933 161.604172 2.596083 -90.436829 160.719452 2.580091 -91.779770 158.709854 1.039007 -36.435425 152.418976 9.493309 -120.126289 153.715469 -8.569552 -125.515030 151.244003 -8.645796 -124.065720 149.326233 -7.636067 -119.457184 148.969803 -7.404028 -105.489464 149.626312 -9.379044 -103.818054 154.272278 5.945345 -102.892845 158.511734 1.945350 -103.492500 158.974884 -3.671022 -103.982491 157.596161 -7.233672 -105.295807 153.709106 -10.904258 -121.494705 155.174408 -4.910373 -124.801773 150.331665 -4.536856 -126.391197 152.539032 -5.115891 -121.131363 150.364883 -4.237835 0.058751 183.841751 20.090277 8.006898 183.119568 14.673264 2.903145 174.596878 19.220879 -0.205671 174.475006 19.676151 12.651957 188.089828 6.977124 12.008217 182.190002 6.037217 0.262030 193.298325 16.617281 12.022188 194.932953 8.494239 7.782328 193.695374 14.740121 11.818542 172.365570 -3.586121 10.958268 168.699890 3.064012 7.989473 175.100571 5.323526 9.937521 177.819092 -0.022726 7.204393 164.536270 6.817952 2.960634 163.028442 16.221830 0.642303 162.282303 10.330894 0.127757 162.433441 16.200266 -3.017795 174.596878 19.220879 -11.889717 182.189972 6.037222 -7.888398 183.119568 14.673264 -12.533457 188.089828 6.977126 -11.903689 194.932953 8.494238 -7.663830 193.695389 14.740123 -23.926403 130.207870 15.464787 -22.361116 102.050392 7.084793 -14.106769 98.246910 16.251822 -11.959238 59.541386 21.403948 -23.321066 62.225685 16.574039 -23.475317 75.867790 10.603498 -13.445319 76.727608 18.965485 0.339490 96.077957 19.035818 -0.075870 76.876480 20.810694 -0.984537 60.283779 22.473198 -23.589092 84.512985 8.182175 -13.961890 85.352440 17.652006 0.262994 85.254265 20.141083 -6.276727 58.420891 22.252365 -8.397666 76.635956 20.210808 -8.854306 85.471275 19.729120 -9.245162 97.349899 17.377106 -23.079399 104.534874 0.405617 -22.603838 108.062744 -10.460032 -17.235788 102.076584 -20.121731 7.386045 66.411560 -22.025408 21.507196 103.034355 8.275632 13.919391 97.879608 15.094738 13.045132 59.932240 22.167900 24.326643 62.763855 17.036654 24.512617 76.490067 13.527377 14.824385 76.785652 19.676483 24.246353 84.722794 11.695369 14.719024 85.399132 18.590410 7.500185 57.590782 22.630547 9.185493 76.571198 20.484596 9.529712 85.483215 20.081373 9.557136 97.389359 16.655848 21.757223 104.619194 0.457564 23.963207 79.030006 -11.908220 22.624331 107.852943 -8.070021 25.174084 89.812988 -11.356810 15.663874 79.016899 -21.651735 16.678265 90.663597 -21.778381 16.367989 102.113304 -20.290764 9.889708 55.644299 -16.767780 13.696872 66.754097 -20.662487 21.146414 66.349701 -11.883746 -14.689354 108.893822 17.680790 -8.578655 107.571793 21.509634 0.315302 106.674301 23.027624 -21.995222 114.813324 0.565150 20.428911 111.498329 8.986683 13.812839 109.827911 16.324228 8.633430 107.867622 19.677431 21.103020 114.944977 0.530805 16.180712 120.303864 -15.923877 -17.541622 128.154114 22.012173 -17.469513 140.537735 -20.691488 23.233337 129.374084 16.563049 18.835249 141.298019 -20.614019 -22.599646 139.493103 17.118774 -8.935160 137.570480 23.869003 0.371484 137.135254 24.852877 19.897846 139.429932 19.233215 9.333935 137.619553 23.391909 -17.365210 161.810165 7.776300 -7.975097 159.906067 10.509044 0.475755 159.381989 12.096910 17.349148 161.802795 6.989292 8.093519 159.906097 10.509029 19.377956 149.266235 16.082003 8.925342 148.263275 20.667856 0.371487 148.051102 22.087854 -8.526076 148.230057 20.667856 -21.355713 149.369888 14.717553 22.988483 114.733147 0.339013 14.735280 109.483887 17.844601 9.627424 107.296738 21.401188 0.409117 105.949585 23.239857 -8.966510 106.855690 21.850033 -15.800702 108.104935 18.796858 -22.445520 110.973816 10.006891 -23.945225 114.057953 1.467559 -16.108582 120.401550 -16.702320 8.942958 120.907722 -17.929281 16.679300 119.951775 -16.467962 23.382347 105.915741 0.405615 16.243074 99.341354 15.919708 9.904247 97.451843 19.965708 0.406227 96.400574 22.106806 -9.441190 97.232178 20.236479 -15.449830 99.043129 17.441790 -22.809265 101.831047 9.237567 -24.492159 104.934471 1.241999 -23.256332 109.715805 -11.382449 -16.615156 111.944702 -17.637180 8.789040 112.386444 -19.208271 16.478434 111.872269 -17.521488 22.285961 109.592194 -8.745108 18.271795 111.397682 13.885883 18.880068 110.911934 15.029776 20.967978 101.445190 13.292462 18.620775 100.077309 13.030464 19.755308 85.132179 15.857376 25.341686 105.315826 9.710029 23.922283 111.721802 10.074096 21.852264 101.049637 11.086692 23.291924 102.205574 11.609553 -16.669426 124.837311 -17.414808 9.321008 124.686218 -17.971474 17.384008 123.812378 -16.659407 -17.425241 148.794495 -22.732088 18.834515 148.865082 -22.135487 -16.910341 157.640106 -24.169844 18.268036 157.695740 -22.537148 -15.009581 166.552246 -20.321177 15.533141 166.568878 -19.761080 -15.550373 171.803421 -12.039498 16.664894 171.549576 -12.921953 -17.544493 169.453354 -1.272806 -10.435910 168.236893 3.064015 -11.043097 171.586670 -3.516265 24.270109 135.339188 -12.740521 20.710783 157.213654 -17.288263 19.752672 162.581741 -15.878373 18.278559 169.593216 -1.714713 22.488245 157.795380 7.125547 25.119595 139.762451 14.238254 27.233603 129.936401 6.495182 27.664919 131.068298 -5.957225 25.807657 131.911819 12.753062 40.573956 137.554825 5.004379 41.452751 139.306183 -3.593647 40.251381 142.037506 -11.352772 37.027763 145.753494 12.206915 36.623692 149.706299 -16.673761 35.704659 156.477020 -17.060139 36.128422 163.878876 -15.162709 35.665405 167.057510 -7.926965 33.809460 167.438293 -0.551064 38.730518 139.022491 10.599138 55.491650 140.515320 -2.048000 56.747330 143.183914 -8.228271 55.754608 156.050522 9.950416 56.362076 162.463470 -10.990290 56.719933 165.658020 -6.783925 56.323742 166.275528 -0.261416 91.645149 143.096313 -4.840174 55.383114 149.687347 11.263717 54.959339 143.001144 9.171253 55.244801 141.030731 5.098086 92.172211 151.342972 -9.581866 93.292839 158.736176 -6.857946 93.398842 151.502350 10.339986 93.082764 145.850082 -3.338716 93.928345 145.406311 3.744831 94.895561 151.293335 8.230313 93.875717 151.832703 -7.795083 94.461472 157.355576 -5.538682 103.588493 142.191010 5.249383 95.188652 147.364975 0.043193 105.553154 147.091919 -1.521317 106.026733 150.978271 7.210085 97.208717 147.961197 -6.328321 101.899498 148.685516 10.927842 94.249550 146.557541 5.110749 99.522980 144.166122 8.681967 112.504608 143.339249 11.335446 111.766281 144.925919 13.408583 110.540909 143.463593 15.683455 110.001007 139.387192 13.965391 110.974426 140.763565 10.911031 106.765045 147.608170 5.009147 125.733658 154.154388 5.467095 126.099731 152.012466 4.688838 122.132088 146.278305 -8.306718 121.996986 148.316177 -9.523298 93.045006 157.225464 7.857129 94.557854 155.664795 5.814063 103.286980 145.199097 2.114160 126.369080 152.263046 1.371756 -7.088686 164.106201 7.776834 -8.286804 174.774048 5.225258 -10.051979 177.300781 -0.022687 -3.525444 163.028442 16.221930 9.053102 171.306427 -8.984129 -9.261673 171.898422 -9.576667 9.053102 178.513214 -7.882148 -9.331910 179.135452 -8.224189 22.873209 84.873085 9.951776 22.801882 76.387756 11.466886 -23.303961 84.730400 6.580993 -23.105066 74.948860 8.865812 -11.946941 59.302769 18.502769 -23.307005 61.987747 13.675472 -0.970749 60.119133 19.653526 -6.274172 58.457218 18.449020 23.330410 62.602779 14.398571 7.487962 57.352180 19.729376 13.032908 59.693634 19.266729 17.041512 59.481838 18.271456 17.053736 59.720448 21.172626 20.102604 76.662117 17.220396 19.946487 61.392399 19.708052 19.715008 61.236271 16.441753 17.345367 98.640762 12.752240 19.171963 99.630302 10.940042 19.861826 101.538582 8.748170 19.630264 101.612511 7.595565 19.480492 104.424011 0.403993 18.995361 107.166245 -8.070021 21.974928 89.477798 -10.530594 22.228678 79.078758 -10.771123 19.799204 67.065414 -10.713448 0.915241 62.175053 -15.115854 -23.766600 80.282722 -12.071734 -16.307184 79.037010 -21.453690 -17.496956 90.670029 -21.824085 -22.177532 69.891991 -12.191175 -14.269328 66.844360 -20.511734 -9.211075 55.682167 -16.769396 -16.913713 59.109127 -12.945956 -18.702797 104.158775 0.404031 -16.846830 107.162552 -9.427915 -22.022024 80.291153 -10.878799 -20.782858 70.421638 -10.981106 -15.804001 60.064266 -11.220294 -8.505530 56.411671 -15.232265 -19.988935 102.037262 5.993545 -7.557870 71.647522 13.764240 16.183723 72.200226 13.220887 -4.559656 81.956932 10.956765 15.708284 82.278358 10.329403 -4.359786 98.093002 9.236794 16.107996 98.863396 8.531872 -0.085103 74.013763 -17.513718 68.682495 140.400101 -1.892790 69.227341 157.666550 10.502993 67.984482 151.407745 11.249062 71.010780 164.540924 5.665534 72.509407 166.496521 -1.488642 73.260323 165.029633 -8.444942 73.292114 162.324188 -11.555863 70.419518 143.091324 -9.159768 67.875893 163.741821 6.269261 70.152939 166.195679 -0.740786 71.092369 164.811295 -7.583328 71.135475 162.089127 -10.760525 70.476082 155.147385 -12.373223 67.824226 143.218124 -8.046726 66.399513 140.074371 -2.467535 65.191765 140.706375 4.171141 63.841614 150.420654 8.953732 65.515213 157.362274 10.422771 45.378387 155.115326 10.034327 43.530254 166.751022 0.649356 43.761017 167.483734 -6.926930 44.113010 163.872742 -13.000257 44.281883 157.319962 -14.525071 45.563126 143.619934 -10.322634 46.566498 140.471909 -2.495617 46.405102 140.074921 5.116364 46.463169 141.462631 9.417738 46.480724 148.106918 11.459383 89.749504 151.531998 10.834463 89.540550 157.340042 8.603457 90.201744 159.520493 -6.921688 89.088806 151.924606 -9.790688 88.300781 143.329224 -5.204709 122.681839 154.006989 5.737030 120.208344 149.222183 -9.859533 120.293617 146.113632 -8.242643 117.938492 153.495483 5.950271 116.200027 150.435974 -10.165212 116.024681 147.422638 -8.589533 112.696602 150.104202 -10.167590 112.903740 147.173080 -8.522636 112.790909 147.922516 3.129720 111.561279 150.146225 5.514738 118.370468 150.774017 5.146772 123.413193 151.512497 5.039766 106.861725 144.709290 14.390782 105.966644 140.850739 12.229506 108.049789 141.703705 8.689616 108.992714 145.504410 8.132889 108.219025 147.464432 11.382751 101.227043 148.070282 -7.939164 99.506195 146.124130 0.967135 97.484253 145.570099 7.379625 105.875267 148.355576 -8.445955 110.530647 153.018326 5.383202 28.265429 158.318298 5.790787 27.248402 164.928970 -1.055970 26.988632 166.398911 -8.370634 27.786615 162.458252 -16.341105 30.316076 137.435242 -12.375214 32.818771 134.355392 -5.014782 32.345551 132.728409 5.555664 30.436277 134.227783 11.702075 29.633226 141.957977 13.299067 70.823387 151.821381 10.542168 71.707245 157.779800 9.340410 73.244804 164.037842 4.605511 74.892029 164.190277 -7.944922 74.942520 161.940109 -10.521282 72.618683 143.524490 -8.289599 21.586592 165.242386 -1.075210 20.168976 167.092407 -10.203466 22.462015 122.311302 14.737310 15.305081 120.845840 21.049580 9.024855 119.784653 23.436102 0.368831 119.149391 25.140078 -8.900365 119.764877 24.480679 -17.352266 121.197525 21.071157 -23.783617 123.238174 12.742930 -17.154335 130.313828 -18.604414 9.808585 130.515488 -18.969164 5.261730 170.881058 -11.480353 -4.768229 171.154892 -12.157545 3.012074 55.747902 -15.722129 4.383606 54.983601 -17.304594 8.862292 79.139679 -23.694931 9.630731 90.968445 -23.896788 9.386844 102.442261 -22.633450 8.704726 121.237289 -17.336746 10.000200 141.880005 -22.313482 9.962565 149.315659 -23.920090 9.784840 158.066956 -23.873692 9.261336 166.035904 -20.914795 -3.509600 55.492599 -15.747413 -3.914768 54.845470 -17.424360 -6.746012 66.427803 -22.150364 -8.224419 79.170410 -23.909122 -9.094585 90.996758 -24.274639 -8.873846 102.483421 -22.819489 -8.327202 112.441032 -19.244675 -8.242584 121.081268 -18.038216 -8.163157 121.402168 -17.186602 -8.560451 125.284111 -18.534843 -8.817713 130.974426 -19.523563 -8.879466 141.862961 -23.102682 -8.827155 149.257553 -24.532490 -8.651642 158.077652 -24.659298 -7.938903 165.942215 -21.203739 8.802113 170.317902 -16.891775 -7.019130 170.372070 -17.148117 5.252841 178.586166 -10.478224 -4.497733 178.940674 -10.986710 -21.018452 111.855667 8.830315 25.511810 126.446297 5.513571 -23.060843 132.700989 -14.956506 -17.375051 135.355850 -19.504826 -8.868772 136.291275 -21.072130 9.943612 136.031448 -20.407814 18.718048 135.240891 -18.886419 23.303213 132.337418 -13.022688 25.593969 129.022308 -6.339417 24.298653 123.463287 4.382185 23.708328 126.687576 -6.879512 22.056625 128.448639 -13.500523 -22.140284 129.452728 -14.647020 18.400126 129.424713 -17.803236 -17.407845 138.723831 20.256876 -16.817122 148.800537 16.970175 -13.600935 161.062363 9.798096 -9.032801 166.141174 5.169814 -7.242610 171.214874 10.085651 15.236070 138.522171 21.537418 14.626067 148.574875 18.529921 13.503210 160.852158 9.889970 9.096974 166.474060 4.720340 6.727054 171.371002 9.946064 125.916733 155.542847 1.159148 122.350258 155.930984 1.559711 117.701691 149.418335 -1.758774 122.926147 150.000092 -2.053515 125.915726 150.862045 -2.534674 125.657196 154.169449 -3.302744 117.951874 155.741150 -3.078619 111.547539 156.126648 -3.684136 -12.901566 67.874901 20.170750 -8.000470 67.243622 21.564585 -0.613055 68.325752 21.434116 9.038628 67.011993 21.749174 14.531446 67.936302 20.695520 -23.197332 68.874580 13.162259 -23.069923 68.272682 11.159964 15.727655 68.080360 20.465567 20.440933 68.373474 18.460657 24.838665 68.819000 15.279470 23.254974 68.175964 12.998285 -20.770571 123.769211 -13.588923 -24.103325 119.085892 1.670771 -22.985922 116.239700 10.437169 -16.140329 113.305794 19.695398 -8.867686 111.774078 22.617441 0.363194 111.339638 24.134838 8.894905 112.202545 21.353714 21.801922 116.842072 13.060703 23.305557 119.717300 2.869186 22.496000 122.377480 -7.789101 21.021570 123.493652 -13.425341 57.153080 155.407303 -12.117834 15.748198 128.302078 22.358513 9.540058 127.415947 24.327669 0.371075 126.793961 25.884102 -9.202176 127.362816 25.184954 14.585292 113.376343 18.699522 118.196609 149.530380 2.246338 123.337868 150.486221 2.083767 -25.405939 125.385971 3.108868 -26.374681 128.633163 3.853542 112.795540 147.951508 -1.569156 29.272682 148.141357 -17.934008 22.662201 149.150909 -17.757553 12.889097 173.383957 -11.552596 15.388226 171.843155 -3.150586 14.694816 165.526733 5.426555 11.627166 164.006622 7.594668 7.888123 162.743530 9.568813 0.559028 161.542145 11.829699 -7.774381 162.528503 10.048265 -11.644509 164.034897 7.523315 -14.495965 165.328186 5.426565 -14.754477 171.799622 -3.100896 -11.959453 173.205078 -11.820196 -5.803086 171.764511 -15.272317 6.996982 171.926910 -14.753043 -7.508145 172.588913 13.457241 7.119188 172.692352 13.411626 -4.718459 185.516754 -9.697379 9.936008 185.089294 -6.592790 5.578280 185.162247 -9.188888 -10.214816 185.711502 -6.934862 -4.680424 197.875107 -4.270379 9.783869 197.079178 -0.320247 5.522202 197.462326 -3.628176 -10.062676 197.701370 -0.662319 10.144514 191.874023 -3.795894 5.655136 191.946991 -6.391990 -4.770585 192.301483 -6.900484 -10.423322 192.496246 -4.137966 -1.629537 193.385147 16.365795 -3.646551 184.119034 16.960667 -0.079633 178.023453 18.686380 3.944835 184.132690 16.881411 2.382610 193.417786 16.101889 -2.588721 178.822510 17.629656 2.632173 178.868713 17.541349 -1.726691 184.054825 18.862564 -1.794234 180.183609 19.517433 -0.071009 179.735336 19.958618 1.828452 180.238327 19.624907 1.908925 184.055115 18.860907 1.772634 189.047638 18.284519 0.145838 188.831772 19.430208 -1.317442 189.027924 18.443871 -2.998454 188.977966 16.524847 3.665465 189.074432 16.477072 2.911381 173.750763 17.702517 -0.157899 173.561127 18.089472 -3.090529 173.750763 17.242369 7.928159 56.534519 -15.392785 24.471144 100.044815 -9.416817 20.659676 99.427765 -9.381065 -23.608135 100.662560 -11.244442 -19.196682 100.646889 -10.129493 16.554476 110.690727 -17.002140 8.956431 111.165985 -18.541594 -8.491464 111.219887 -18.543888 -16.717510 110.824165 -16.888023 -23.152454 95.302040 7.131122 -21.646791 95.428391 5.845713 -4.340893 91.852272 9.687739 16.050119 92.494400 8.968742 21.452515 95.225113 8.416475 21.821722 95.087105 9.658868 21.372879 93.989067 11.003070 18.419476 93.559120 13.832841 14.320678 93.182663 16.670513 9.609078 92.997086 18.541918 0.343355 92.131981 19.601570 -9.151777 92.995499 18.710119 -14.150341 93.407310 16.931856 -4.052438 59.573654 22.282831 -3.887683 59.589451 18.807535 -13.106120 60.389996 21.114014 -13.047405 60.141312 18.228313 4.701847 59.465809 22.499722 4.540628 59.278599 19.618788 19.882408 128.961746 19.530600 19.468847 121.553841 18.290081 18.911530 115.397377 16.337666 22.475788 139.277817 17.007769 17.781910 65.919189 -16.529884 20.806644 78.934769 -16.828581 21.281012 101.013359 -15.056242 20.172071 109.184067 -13.483832 20.285782 110.644447 -13.337403 19.843475 118.766937 -13.395301 19.076515 119.087830 -12.693015 19.600487 123.653008 -15.552462 20.626072 128.936691 -15.879115 21.407482 133.785370 -16.181791 21.903605 138.291260 -16.627747 20.702782 148.983841 -19.944649 19.490843 157.453430 -19.911345 17.965654 164.719513 -18.302265 18.293285 168.227402 -11.562703 19.882856 167.408478 -1.394956 20.058765 159.983871 7.057419 21.576561 149.907532 13.864974 20.264338 117.719238 -8.040274 21.453362 117.329903 -8.464259 -19.128134 68.292336 -16.806633 -20.930906 79.570122 -17.202652 -21.332014 101.329338 -16.145014 -19.767729 109.842583 -13.961264 -20.376043 111.047050 -15.158974 -20.036539 119.385880 -14.617961 -18.840389 119.437347 -12.783340 -26.273207 130.830215 -6.440648 -24.613855 127.577888 -7.209604 -23.149025 122.261223 -8.848385 -21.402472 118.133774 -9.504390 -23.132280 117.871628 -10.521733 -15.775846 120.538826 -15.389934 -15.870782 62.653336 -16.967573 -10.865381 59.294277 -18.207399 -4.744287 58.731220 -18.923468 5.438740 58.981918 -18.859842 11.620379 59.536259 -18.265924 15.537596 62.272308 -16.691376 16.459930 59.756916 -13.126473 14.439230 60.228287 -12.016878 0.681449 197.754898 -5.044663 0.713907 192.102692 -7.494385 0.695141 185.317932 -10.291281 0.615679 178.741882 -11.580616 0.441120 170.825470 -12.621905 0.746334 171.376236 -16.066017 1.068612 169.960648 -18.464273 0.746220 165.814713 -21.378670 0.676033 158.229034 -24.547686 0.679885 149.462769 -24.792891 0.675079 142.193283 -23.446659 0.645047 136.440613 -21.228411 0.599288 131.018387 -19.573689 0.527559 125.190147 -18.635788 0.423022 121.603027 -17.772131 0.505758 121.250549 -18.424648 0.463828 112.573250 -19.746309 0.468719 111.329887 -19.048634 0.423180 102.547676 -23.254122 0.411834 91.267944 -24.533674 0.217501 79.510361 -24.262136 -0.359343 66.613960 -22.343046 -0.727388 58.926472 -19.160658 -1.039358 54.905045 -17.606575 -1.318986 55.557774 -15.912567 -21.826773 90.556999 -17.315403 -24.390961 90.769104 -11.932630 -21.942257 90.530838 -10.882626 21.967930 90.136932 -16.592133 93.431969 147.157150 -5.321638 91.881523 146.698883 -7.816037 88.492645 147.052689 -8.148721 73.364822 148.283035 -11.042615 71.400612 148.310196 -12.259048 69.443726 148.764511 -11.032166 56.947365 148.808624 -10.633469 44.794971 150.395798 -13.257054 70.869308 141.341034 -1.689072 89.020042 142.405487 -0.269805 92.544762 142.312958 0.330148 93.599335 144.905716 0.128437 63.692711 145.224747 6.682398 67.443375 145.173782 9.504169 70.270081 145.781311 8.720883 89.583733 146.739716 9.003409 93.176613 147.093582 8.767833 94.382507 148.332962 7.014853 92.775612 142.990234 4.095837 89.619438 143.031509 4.408875 70.027985 142.578949 3.616548 67.562202 141.410034 4.261962 112.071854 153.659439 -7.199372 74.409645 165.451279 -1.470647 89.818687 161.330688 -1.316438 93.052856 160.510208 -1.770994 94.317787 158.084503 -1.761849 89.586243 160.976974 3.990355 92.909203 160.155716 3.785815 94.136154 158.073578 2.351315 110.493881 155.875336 1.435494 117.794388 155.845764 2.038221 74.290489 154.512756 -12.279410 72.458199 154.998688 -13.292791 28.102953 156.234772 -17.910105 23.796240 149.891434 11.574941 29.494432 150.719269 9.485549 36.544979 152.500946 9.499344 35.574562 160.287460 5.990140 44.335735 162.030151 6.526073 56.207767 162.327423 6.150949 117.177826 153.102783 -6.943673 120.969841 151.419189 -6.876941 122.324654 150.736115 -6.768079 123.056389 148.623367 -6.227071 121.540245 147.166946 -5.696100 116.848068 148.402496 -5.235668 96.356140 147.168137 -3.445596 100.762032 146.494812 -3.781183 105.771172 147.231857 -4.547922 112.847626 147.576752 -4.916608 97.858017 153.168320 -8.447069 99.066284 157.934677 -5.298142 98.414932 158.302032 -2.433037 97.911156 158.085999 1.842229 98.800827 156.044708 6.510708 97.814163 152.275574 7.197312 96.692070 149.875076 7.378164 81.708115 153.218140 -11.034799 82.581215 161.088196 -8.488232 82.555969 162.213272 -7.200049 82.179108 163.273315 -1.381034 81.477798 162.564987 4.082809 80.625076 157.556000 8.973699 80.243469 151.670990 10.690845 79.909645 146.534164 8.642118 79.772125 142.804245 3.982699 79.831268 142.323288 -1.116405 80.470200 143.326340 -6.971313 81.021400 147.654266 -9.264421 99.911453 149.707825 9.615679 101.980095 152.038010 7.756279 102.817116 155.525894 6.389562 102.202919 158.812500 1.408012 102.316086 158.581528 -3.656077 102.510117 157.162506 -6.823124 101.812866 152.253464 -9.998793 106.588882 153.581558 6.053830 106.212891 157.616547 1.367712 106.390907 157.642059 -3.855331 106.234482 155.912811 -7.140207 106.427933 151.644836 -10.324564 122.637909 155.320648 2.015767 125.561508 155.092209 2.091174 125.998840 151.855362 1.901230 123.343529 150.563477 2.306347 125.082497 153.283081 -3.650906 125.175499 150.435699 -2.993615 122.828026 149.799530 -2.311347 121.138016 152.232971 -6.786018 124.383881 151.466690 -6.456271 124.521347 148.927612 -5.677205 121.523026 147.938065 -5.212147 122.085747 154.884277 -3.124943 121.988609 154.325211 -3.411704 -29.259283 151.385452 9.459501 -79.229088 162.090332 2.534580 -78.493164 156.871033 6.666139 -78.297539 150.774734 7.792001 -78.497398 145.531784 5.501884 -79.149124 142.574814 0.410545 -79.645103 142.137360 -4.589559 -80.400932 144.296539 -10.162606 -80.971573 148.783737 -12.731070 -81.388077 154.477783 -13.646243 -81.603668 161.476440 -10.505037 -81.217995 162.556381 -9.126595 -80.234833 163.536728 -2.989800 105.929260 145.222275 14.204963 104.955124 141.193481 11.939757 107.443069 141.900467 8.321707 108.193619 146.055130 7.710626 107.396904 148.208755 11.020211 122.638283 150.441452 2.327530 122.701843 151.475159 5.086330 121.933205 154.000610 5.789946 121.748604 155.496628 2.011810 117.003258 153.570297 5.974891 116.838333 156.046936 2.084660 117.055901 156.034393 -3.046475 116.412025 153.450470 -6.868658 115.661880 150.670578 -10.096147 115.529648 147.653778 -8.532334 116.248917 148.497299 -5.130256 116.988792 149.366257 -1.678196 117.461151 149.415558 2.454695 117.446014 150.853729 5.290335 111.390396 153.021851 5.466263 111.384132 155.764221 1.506434 112.388191 155.927002 -3.602618 112.802597 153.398636 -7.168815 113.208138 149.938995 -10.178971 113.375145 147.007431 -8.526731 113.404945 147.542480 -4.962089 113.440872 148.061127 -1.588747 113.461052 148.087234 2.992341 112.413902 150.154068 5.459443 107.139511 153.657166 5.875249 106.931717 157.391022 1.332741 107.150688 157.430008 -3.890676 106.964722 155.560196 -7.213331 107.111130 151.439621 -10.375517 106.603592 148.210800 -8.527182 106.588013 147.358353 -4.684282 106.473640 147.310516 -1.604213 107.591782 147.735596 4.624675 106.824623 150.903091 6.794448 121.614258 155.973740 1.640974 121.534439 155.040497 -3.125607 121.459587 154.561432 -3.370194 120.621162 152.367432 -6.801136 120.404961 151.728317 -6.877112 119.659729 149.399536 -9.881608 119.706764 146.363495 -8.252531 120.828964 147.460587 -5.526381 120.964798 148.023132 -5.170341 122.212471 149.774002 -2.181168 122.291267 149.938690 -1.968950 122.636513 150.380783 2.151263 -109.838242 146.725159 8.541385 -110.882591 144.370239 5.483821 -107.977776 140.670395 4.447302 -106.715164 139.711273 8.492689 -107.950043 143.849136 11.322377 -122.697701 153.478302 4.381170 -122.670212 150.820206 3.416145 -122.415085 150.417496 0.461642 -122.578438 150.522980 0.141064 -122.012672 150.489471 -4.025526 -121.637047 150.312225 -4.330469 -120.095688 148.986542 -7.454913 -119.613495 148.357056 -8.080172 -117.957275 147.864151 -10.844714 -118.641495 150.901672 -12.136738 -119.966835 152.561905 -8.750667 -120.832123 153.171906 -8.621395 -122.166962 154.611984 -5.021485 -122.581238 155.381195 -4.676411 -123.058960 155.772232 0.236532 -122.952911 155.099243 0.680798 -116.267464 154.515289 5.306325 -116.799049 151.745834 4.355875 -116.586823 150.557877 1.315924 -115.801262 150.689789 -2.892466 -114.774368 149.936264 -6.476011 -113.700653 149.127502 -10.151462 -113.641426 152.410721 -11.523349 -114.644577 155.165710 -7.971802 -115.526558 157.652176 -3.885679 -115.698433 157.327713 1.438577 -110.823952 153.079498 4.659689 -111.918770 150.487701 4.196004 -113.096512 148.991409 1.680004 -112.740547 148.969757 -3.054734 -112.417793 148.700027 -6.564011 -112.073296 148.411011 -10.314085 -111.147247 151.624390 -11.779552 -110.441795 154.725388 -8.274058 -110.148056 156.987030 -4.352529 -109.848915 156.294403 0.972301 -105.008385 151.188141 6.019671 -106.494286 148.155182 3.371730 -105.226265 148.390594 -2.642314 -106.046425 148.431641 -5.533575 -106.289841 149.704254 -9.387842 -106.083565 153.623611 -10.895512 -104.853546 157.362747 -7.259181 -104.363037 158.894592 -3.636072 -103.704262 158.386734 1.879154 -104.584099 154.309601 5.687548 12.467295 164.740387 -6.226566 25.891848 167.724884 -6.044046 25.892651 164.740051 3.390571 14.237215 162.248947 3.421339 28.543566 158.501846 -18.976864 27.384493 163.210480 -15.334706 14.919768 161.521988 -14.456402 19.818319 155.342773 -19.523718 44.698513 158.933228 -16.906933 45.194599 164.040405 -13.253810 39.312843 164.042923 -14.194031 39.875278 159.502335 -17.670967 38.036060 165.763702 3.059654 38.348000 168.678558 -5.745118 44.954891 168.642548 -5.438607 44.510727 165.669708 3.275971 40.358200 159.112061 8.909188 44.661026 158.845657 9.002937 28.660942 158.448044 8.813578 19.613300 155.336868 8.293412 44.952370 160.215164 -18.955151 44.153210 160.059769 9.857407 18.362753 156.555069 9.985653 11.281224 167.225021 -6.238436 14.232526 163.262680 -15.830297 19.517696 156.877670 -21.960155 44.598465 171.136551 -5.403594 27.684278 159.737396 10.848425 44.227982 167.794800 4.118095 24.300627 167.332397 4.637030 13.200976 163.969482 4.249045 45.186699 166.192596 -14.334823 26.202627 165.498184 -16.871796 28.390203 159.736252 -21.041407 24.306589 170.753586 -6.201237 39.397964 160.413162 10.069993 37.940723 168.322876 4.178962 38.282261 171.655869 -5.838319 39.385101 166.329147 -15.556535 39.802940 160.746170 -19.732258 39.875278 159.502335 -17.670967 34.089237 159.432953 -18.345369 33.147186 163.988541 -14.813209 31.871967 168.575348 -5.919991 31.683331 165.615891 3.175021 34.463852 159.161102 8.847824 33.448170 160.466202 10.432459 30.943892 168.269257 4.380960 31.162874 171.660141 -6.055226 32.671455 166.316879 -16.283592 33.945957 160.668518 -20.409504 34.089237 159.432953 -18.345369 18.459341 165.811127 4.444778 17.419331 169.101288 -6.231946 19.930710 164.543716 -16.371519 23.691114 158.467239 -21.522406 23.918373 157.082626 -19.271908 20.785725 162.468567 -14.918412 18.904135 166.394241 -6.143630 19.675848 163.580399 3.401569 23.867781 157.058517 8.547595 22.755196 158.311890 10.422988 31.562048 169.660828 -11.538643 38.524742 169.660294 -11.026781 44.943359 169.607544 -10.090793 45.123966 167.232666 -9.574070 38.499302 166.986099 -10.271195 32.167088 166.912018 -10.694387 26.291975 166.116104 -11.035303 19.354338 165.179703 -10.779179 12.994515 163.937851 -10.493627 12.087067 166.034195 -11.187904 18.173771 167.586761 -11.575708 24.847141 168.814209 -11.932768 37.671150 170.757248 -0.622509 44.356747 170.458725 -0.441004 44.683975 168.144012 -0.903561 37.755657 167.975815 -1.164363 31.335011 167.849045 -1.183319 25.445057 166.983505 -1.128142 18.840620 165.721222 -1.187901 12.861706 164.186783 -1.237101 11.692012 166.276855 -0.801472 17.476740 168.203156 -0.679662 23.850311 169.808411 -0.551323 30.606230 170.732727 -0.617140 38.432545 164.727493 7.350977 44.084347 164.369293 7.219755 44.479630 162.699707 6.371457 38.960320 162.797363 6.210919 32.836792 162.747971 6.237922 27.039993 161.953522 6.328573 21.535006 160.678955 6.201081 16.568399 159.076492 6.078815 15.545064 160.621750 7.343849 20.370470 162.420990 7.660383 25.755648 163.894363 7.969226 31.959230 164.727203 7.633208 -12.367196 164.676910 -6.231376 -25.791712 167.661377 -6.049022 -25.792542 164.677002 3.385745 -14.137149 162.185944 3.416656 -28.443436 158.437698 -18.981382 -27.284355 163.146515 -15.339461 -14.819688 161.458054 -14.461050 -19.718245 155.278595 -19.528063 -44.598320 158.869217 -16.911505 -45.094391 163.976578 -13.258635 -39.212639 163.979050 -14.198849 -39.775089 159.438263 -17.675558 -37.935883 165.700638 3.054755 -38.247807 168.615082 -5.750164 -44.854687 168.579102 -5.443657 -44.410545 165.606705 3.271070 -40.258049 159.049301 8.904619 -44.560871 158.782944 8.998376 -28.560854 158.385284 8.809059 -19.513250 155.274139 8.289065 -44.852177 160.151047 -18.959785 -44.053047 159.997101 9.852785 -18.262703 156.492401 9.981247 -11.181134 167.161530 -6.243370 -14.132445 163.198669 -15.835029 -19.417608 156.813370 -21.964581 -44.498245 171.073120 -5.408770 -27.584185 159.674744 10.843843 -44.127785 167.731827 4.113089 -24.200520 167.269424 4.632078 -13.100917 163.906479 4.244277 -45.086487 166.128708 -14.339753 -26.102486 165.434143 -16.876661 -28.290079 159.671997 -21.045982 -24.206451 170.690079 -6.206359 -39.297810 160.350464 10.065360 -37.840530 168.259918 4.173936 -38.182049 171.592377 -5.843513 -39.284904 166.265182 -15.561464 -39.702740 160.682022 -19.736910 -39.775089 159.438263 -17.675558 -33.989067 159.368851 -18.349951 -33.047016 163.924591 -14.818010 -31.771793 168.511856 -5.925021 -31.583178 165.552841 3.170140 -34.363720 159.098358 8.843260 -33.348034 160.403534 10.427831 -30.843742 168.206268 4.375948 -31.062700 171.596603 -6.060407 -32.571281 166.252853 -16.288511 -33.845791 160.604279 -20.414145 -33.989067 159.368851 -18.349951 -18.359261 165.748138 4.439911 -17.319220 169.037781 -6.236976 -19.830603 164.479675 -16.376328 -23.591007 158.402985 -21.526915 -23.818272 157.018463 -19.276346 -20.685617 162.404617 -14.923117 -18.804035 166.330704 -6.148527 -19.575773 163.517365 3.396811 -23.767712 156.995789 8.543156 -22.655132 158.249237 10.418487 -31.461874 169.597046 -11.543725 -38.424534 169.596542 -11.031877 -44.843140 169.543869 -10.095892 -45.023750 167.169022 -9.579052 -38.399097 166.922409 -10.276157 -32.066921 166.848267 -10.699333 -26.191835 166.052353 -11.040198 -19.254236 165.115952 -10.784015 -12.894428 163.874115 -10.498392 -11.986968 165.970490 -11.192781 -18.073656 167.522964 -11.580664 -24.747009 168.750397 -11.937795 -37.570950 170.694016 -0.627656 -44.256531 170.395538 -0.446144 -44.583771 168.080780 -0.908586 -37.655460 167.912567 -1.169372 -31.234856 167.785782 -1.188310 -25.344938 166.920242 -1.133079 -18.740536 165.657944 -1.192764 -12.761636 164.123520 -1.241880 -11.591932 166.213623 -0.806354 -17.376652 168.139893 -0.684647 -23.750185 169.745193 -0.556397 -30.506069 170.669464 -0.622273 -38.332371 164.664673 7.346129 -43.984165 164.306488 7.214919 -44.379452 162.636856 6.366704 -38.860142 162.734497 6.206168 -32.736649 162.685089 6.233181 -26.939894 161.890640 6.323884 -21.434933 160.616074 6.196465 -16.468346 159.013626 6.074286 -15.445003 160.558929 7.339244 -20.270393 162.358170 7.655681 -25.655552 163.831573 7.964443 -31.859081 164.664383 7.628371 -22.707273 47.781261 9.924540 -25.925243 50.831482 -0.050859 -26.310017 53.261284 -6.024718 -15.824005 55.269650 -11.725041 -7.242102 55.982780 -10.517759 -0.664406 52.701359 5.097145 -5.067254 49.665894 13.684834 -22.822702 52.824902 11.378568 -26.186626 55.204620 2.116387 -26.169706 56.583237 -4.543662 -7.911792 58.880085 -8.663690 -2.024365 56.871384 5.724275 -21.768572 19.537727 -4.598993 -20.054634 19.440779 -10.561723 -6.124224 19.765488 -13.010649 -3.727917 20.129532 -2.896026 -6.646730 28.718302 -12.067079 -15.972254 39.978443 11.930175 -24.364338 40.421104 8.088698 -30.208351 42.857723 -5.684391 -21.879318 44.386707 -9.393603 -2.527153 40.010620 11.025345 -28.331152 39.829571 8.616902 -4.611991 44.464401 13.122158 -18.495291 42.431725 15.089942 -5.577481 53.593922 13.915763 -5.696561 14.405649 5.958562 -2.892746 10.210492 -3.892356 -6.196740 9.817970 -13.987599 -22.455645 10.210490 -3.892357 -20.629524 9.817969 -12.103381 -7.187608 -1.477185 -14.049282 -13.543636 -0.983325 -16.277227 -20.956068 -0.994056 -12.977255 -21.950403 8.386713 16.251345 -7.553384 9.598747 16.329531 -5.034323 7.017170 15.241058 -3.667750 -1.609491 14.532889 -25.684334 -1.036560 14.638036 -24.348679 4.705504 15.120388 -24.065384 -1.115255 -4.392165 -3.509469 -1.651737 -4.526305 -6.499701 5.964517 21.051594 -7.129158 -1.173138 22.665960 -22.874634 -0.525935 23.323265 -19.930216 6.851193 26.477327 -14.799683 7.226225 28.294497 -9.333549 6.381012 26.095398 -19.725542 0.159506 26.827402 -14.617985 1.191808 28.872286 -9.878551 0.160872 27.019043 -8.503569 8.382130 21.839262 -14.500754 10.636205 22.652746 -20.641531 8.885334 22.288433 -22.515459 5.592364 21.209278 -14.854411 20.103390 7.849222 -14.456881 15.853005 10.475102 -14.336889 12.209778 17.555353 -25.170364 41.505295 -5.640039 -26.642698 47.105652 -7.360894 -5.725915 20.413885 4.472532 -0.293729 42.332607 0.616452 -7.047264 43.556641 11.166860 -5.994205 39.996716 9.012844 -2.303572 41.871941 0.240068 -7.460812 48.650524 -11.461456 -15.229320 48.094349 -13.958162 -0.741685 44.445915 -4.710164 -1.320671 48.043182 -6.377823 -0.495388 47.039879 2.981716 -8.249531 47.082664 -11.338309 -3.314102 47.288071 -6.838294 -2.488469 44.155869 -5.041779 -23.453104 41.860386 11.447509 -22.467503 41.246983 9.368071 -16.176777 41.231560 11.818866 -15.786456 44.733284 -12.915309 -24.983572 46.020267 -8.119718 -15.772891 46.909679 -12.761225 -16.248671 58.353191 -10.273678 -8.053574 45.159084 -11.044192 -5.909215 28.358646 6.113872 -15.342972 27.668303 8.940556 -13.874852 28.117725 -13.934216 -13.418732 19.517992 -14.288386 -13.413534 9.817971 -15.691655 -19.707827 48.369431 16.698969 -19.097696 57.080170 15.277465 -2.084695 54.499504 -3.475445 -3.025542 58.541512 -2.194119 -20.764687 54.801872 9.683137 -24.683952 55.737499 2.086000 -23.360519 57.125172 -2.375321 -15.482828 59.253326 -6.432990 -8.805494 59.267590 -5.002468 -4.571311 58.721554 -1.364457 -3.573031 56.435234 5.575506 -7.280172 54.734695 10.398076 -15.827199 54.503643 11.354615 -23.759014 65.324730 -9.322051 -24.941086 65.530228 -3.506172 -24.403389 62.286045 7.982811 -16.136469 61.355125 12.680886 -20.939404 61.208473 10.636570 -2.564578 100.899292 -12.237930 -0.526110 100.947495 -4.823600 -0.436330 101.131264 1.669376 -6.645961 62.444626 -7.260642 -2.557370 61.949120 -0.165954 -21.889170 102.323074 -5.632219 -0.098516 91.652794 3.307243 -0.295356 91.369797 -4.609749 -2.779658 91.769112 -12.011096 -3.085331 91.424049 8.518675 -25.185106 63.868649 2.473103 -22.881050 102.472389 0.578065 -17.429075 102.186768 9.113999 -12.500265 101.396767 9.515522 -2.592739 101.185791 6.137836 -19.146366 100.687630 -13.419396 -20.645119 92.577820 -13.398551 -23.429102 93.449661 -5.449567 -23.955208 55.122726 6.063325 -29.337788 40.466232 3.451043 -25.143778 39.714584 1.279243 -3.758792 60.128452 7.203368 -6.626883 60.423748 10.482072 -13.421299 92.737244 12.358991 -18.601055 93.933563 11.007970 -24.008135 94.004974 0.815296 -4.623664 109.244720 -12.237931 -2.293165 109.292938 -4.823602 -2.378339 109.292862 2.019120 -15.269381 110.460304 5.089566 -9.019848 109.292862 4.888072 -18.920780 111.132744 -3.726593 -16.869799 109.228363 -12.266496 -17.885595 110.880112 2.361014 -15.975058 34.965820 10.848561 -5.826985 35.224545 7.728049 -2.421566 36.379223 -0.588295 -24.073948 34.457924 -5.482042 -24.182693 34.411312 0.890080 -6.978819 36.726376 -11.634815 -14.658189 36.165833 -13.677941 -21.563082 35.473862 -11.013839 -21.943613 10.158344 9.688276 -24.125181 6.400600 6.762224 -26.171051 -1.095839 5.122921 -3.120547 -1.901548 5.003283 -4.465096 8.111779 7.163342 -6.943203 11.535682 11.593925 -14.285817 13.540951 13.633592 -19.641497 58.248428 -4.442883 -22.770733 57.428329 -7.823987 -22.663425 53.854229 -9.543341 -21.988016 47.751518 -10.265857 -21.877352 46.607559 -9.852935 -10.898090 109.292923 -15.476973 -10.902179 100.934540 -16.007153 -11.574844 92.339661 -15.386334 -14.280356 63.810875 -10.057214 -0.118464 73.511993 -2.188944 -25.708996 76.252518 -4.624098 -0.605113 82.913902 3.908379 -14.283046 84.529625 12.268847 -19.467197 85.174828 10.723348 -24.764158 85.674896 1.080271 -22.216305 84.832352 -12.620234 -12.195516 84.411575 -14.397103 -3.163554 83.837646 -11.604880 -0.412062 83.146141 -3.897964 -23.373713 85.501289 7.307165 -22.711559 94.489914 7.165745 -21.067083 102.479210 6.247454 -24.882986 54.053429 6.238909 -24.931959 49.412094 4.878137 -8.958703 56.726227 16.743387 -7.731401 48.512489 18.113953 -7.859657 43.101879 15.249460 -8.935747 43.309967 11.258672 -8.946258 56.773827 15.089496 -18.508034 57.315884 14.223629 -25.604183 0.300687 5.222174 -23.696159 0.641291 -4.091749 -20.779478 0.693295 -12.769142 -13.504305 0.702409 -16.350368 -6.883917 0.283001 -14.070096 -3.302746 0.185686 -4.205665 -3.192710 -0.260330 5.128399 -3.837787 -0.192717 14.462483 -6.647070 0.719292 22.426609 -9.732630 2.444775 27.466219 -14.640574 3.382055 29.574352 -19.887249 2.661165 27.519548 -22.768871 0.542641 22.701937 -25.277433 -0.006060 14.536124 -4.147922 82.797112 8.931710 -24.579828 85.538879 -5.170591 -24.007526 74.764114 7.680722 -20.168064 74.329254 10.730695 -15.076139 74.159630 12.528148 -5.395119 72.797836 9.615957 -1.138656 73.011368 5.888505 -3.298147 74.068283 -9.841540 -13.017374 74.982910 -12.865908 -23.562635 75.771225 -11.299133 -25.571533 75.682167 1.678906 -2.381615 66.257858 6.598143 -5.948449 66.418411 10.195669 -15.627895 67.450180 12.614572 -20.574516 67.444954 10.692680 -24.255018 68.179443 7.857368 -25.777269 69.452538 2.086964 -25.800522 70.578972 -4.093530 -23.979992 70.242088 -10.287443 -13.564642 69.024513 -11.359236 -4.739979 67.978783 -8.581822 -1.119306 67.458084 -1.070493 -19.410513 53.638908 16.454361 -8.474614 54.859234 18.383375 -5.369274 51.508202 13.868535 -1.121403 54.796173 5.425666 -2.333738 56.518421 -2.827514 -7.581581 57.393124 -9.590664 -16.038717 56.790524 -10.992167 -22.717075 55.640007 -8.676190 -26.238724 54.931004 -5.280319 -26.368225 53.291256 1.445144 -25.151243 52.141930 5.974669 -23.008121 50.716022 11.075855 -5.699095 109.292862 3.453596 -6.925862 101.167618 8.956948 -7.688505 91.525963 11.736814 -8.821545 83.579285 11.875658 -9.866247 73.440437 12.256661 -10.349577 66.981194 12.598582 -10.873270 61.010151 12.732857 -11.416457 54.908115 11.570366 -13.769127 57.793350 14.622931 -14.069555 57.656887 15.976703 -13.706956 54.661118 18.584757 -13.134977 48.165451 18.602118 -12.953171 42.027550 15.675935 -12.535146 41.885925 11.555988 -10.983230 39.987579 10.471510 -10.648525 35.133392 10.421278 -10.432379 28.045135 8.614031 -10.155492 20.312506 7.185369 -9.976257 15.513317 9.022720 -10.429658 12.732629 12.700830 -10.792985 10.904262 16.942440 -11.375812 9.948263 22.246004 -11.807585 6.892842 27.872335 -12.186604 3.000628 29.077116 -12.248268 0.704377 28.286257 -8.397701 43.205921 13.254066 -12.744158 41.956738 13.615961 -17.336035 41.831642 13.454405 -22.960302 41.553684 10.407789 -27.158180 38.851444 8.262030 -27.152004 38.874020 2.569278 -27.136261 40.985798 -6.476848 -25.813133 46.562958 -7.740306 -21.932684 47.179539 -10.059396 -15.501106 47.502010 -13.359694 -7.855170 47.866589 -11.399883 -2.317387 47.665630 -6.608057 -1.615077 44.300892 -4.875971 -1.298651 42.102272 0.428259 -4.260678 40.003666 10.019094 -17.171761 0.900852 28.190437 -17.142157 3.327889 29.271671 -17.364948 7.137483 28.101757 -17.948772 10.098100 22.470591 -18.481283 10.993619 16.942442 -18.523409 12.411755 12.700828 -18.224400 14.998621 9.061467 -19.050524 19.865089 6.072276 -21.852848 13.205029 4.497657 -21.526497 19.625355 1.401604 -22.887335 27.561571 0.660112 -3.353684 36.560482 -6.323866 -3.657938 19.972284 -8.409753 -3.948892 10.036401 -9.437564 -4.541324 0.231473 -9.431081 -4.742921 -1.573457 -9.574160 -3.432221 28.792658 -7.429760 -3.256762 28.849495 -1.722503 -22.861298 27.586374 -5.309818 -20.792494 27.646505 -11.155181 -20.412081 27.714619 6.211547 -21.995386 34.906158 7.372650 -8.918560 7.829115 24.124039 -11.591698 8.976357 25.215878 -14.650217 9.599683 25.725283 -17.656858 9.178354 25.442883 -20.285872 8.315807 24.539589 22.825155 47.774734 9.924306 26.043676 50.824883 -0.050803 26.428600 53.255280 -6.024923 15.942798 55.263561 -11.725370 7.361127 55.973923 -10.518182 0.782578 52.694866 5.095968 5.185011 49.658875 13.683309 22.941120 52.813850 11.375267 26.304790 55.200108 2.111274 26.288055 56.578045 -4.543794 8.030615 58.871983 -8.664375 2.142481 56.865234 5.723406 21.887188 19.534756 -4.599089 20.173380 19.438231 -10.561750 6.243003 19.762154 -13.011175 3.846163 20.124800 -2.896706 6.765728 28.711802 -12.068171 16.090002 39.971958 11.929585 24.482300 40.414577 8.088563 30.327074 42.851135 -5.684213 21.998243 44.380142 -9.393875 2.644944 40.004189 11.024027 28.449085 39.823032 8.616983 4.729686 44.457962 13.120949 18.612877 42.425240 15.089486 5.695362 53.585846 13.914212 5.815162 14.405656 5.958551 3.011346 10.210492 -3.892367 6.315342 9.817966 -13.987611 22.574255 10.210489 -3.892367 20.748135 9.817965 -12.103391 7.306208 -1.477199 -14.049294 13.662238 -0.983339 -16.277239 21.074677 -0.994069 -12.977263 22.068993 8.386692 16.251286 7.671974 9.598728 16.329475 5.152913 7.017150 15.241005 3.786340 -1.609517 14.532828 25.802923 -1.036586 14.637976 24.467268 4.705483 15.120331 24.183990 -1.115266 -4.392176 3.628066 -1.651749 -4.526318 6.618288 5.964487 21.051514 7.247743 -1.173171 22.665882 22.993214 -0.525968 23.323189 20.048798 6.851164 26.477251 14.918266 7.226196 28.294422 9.452133 6.380982 26.095322 19.844122 0.159473 26.827326 14.736567 1.191776 28.872213 9.997137 0.160840 27.018967 8.622153 8.382101 21.839182 14.619339 10.636177 22.652670 20.760113 8.885305 22.288355 22.634039 5.592334 21.209200 14.972254 20.098427 7.848890 14.575481 15.853010 10.475087 14.455479 12.209761 17.555296 25.289076 41.498730 -5.640131 26.761522 47.099072 -7.360911 5.843970 20.408567 4.471673 0.412092 42.326160 0.615012 7.165063 43.550190 11.165783 6.112106 39.990265 9.011715 2.421955 41.865482 0.238737 7.579855 48.644012 -11.462512 15.348499 48.087799 -13.958798 0.860344 44.439449 -4.711580 1.439434 48.036701 -6.379210 0.613640 47.033428 2.980284 8.368564 47.076153 -11.339321 3.432889 47.281586 -6.839573 2.607146 44.149391 -5.043102 23.570889 41.853870 11.447322 22.585398 41.240467 9.367831 16.294537 41.225075 11.818287 15.905571 44.726734 -12.915912 25.102436 46.013695 -8.119823 15.892004 46.903133 -12.761830 16.367392 58.346382 -10.273792 8.172583 45.152569 -11.045213 6.027224 28.352186 6.112741 15.460827 27.661812 8.939937 13.993951 28.111191 -13.934915 13.537656 19.514381 -14.288799 13.532140 9.817965 -15.691668 19.825342 48.362934 16.698566 19.215292 57.073643 15.276989 2.203272 54.492966 -3.476506 3.144037 58.534866 -2.194974 20.882769 54.794483 9.682557 24.802235 55.730927 2.086163 23.478903 57.118717 -2.375152 15.601372 59.246361 -6.433043 8.924527 59.256466 -5.004144 4.689655 58.715855 -1.364769 3.691220 56.428486 5.574850 7.397904 54.729988 10.397797 15.945109 54.497185 11.354362 23.877741 65.318398 -9.322062 25.059591 65.523590 -3.506186 24.521511 62.279411 7.983073 16.254471 61.348488 12.680920 21.057444 61.201942 10.636683 2.683064 100.899300 -12.237928 0.644598 100.947502 -4.823600 0.554702 101.129814 1.669322 6.764634 62.436745 -7.261610 2.675756 61.942657 -0.166646 22.007715 102.322311 -5.632246 0.216844 91.650986 3.307155 0.413811 91.369080 -4.609791 2.898133 91.767868 -12.011097 3.203642 91.422096 8.518577 25.301674 63.861412 2.475840 22.999743 102.471527 0.577773 17.547314 102.185654 9.114254 12.618274 101.395088 9.516044 2.711061 101.184303 6.137816 19.265589 100.684174 -13.420443 20.763687 92.572647 -13.398417 23.547646 93.445892 -5.449492 24.073298 55.116657 6.064143 29.456005 40.459667 3.451178 25.262108 39.708031 1.279150 3.876910 60.121883 7.202803 6.744877 60.417416 10.481536 13.539576 92.736931 12.358994 18.719465 93.932121 11.007828 24.126621 94.001640 0.815322 4.742160 109.244720 -12.237931 2.411661 109.292938 -4.823602 2.496836 109.292862 2.019120 15.387877 110.460289 5.089566 9.138346 109.292862 4.888072 19.039274 111.132729 -3.726593 16.988293 109.228348 -12.266496 18.004089 110.880096 2.361015 16.092842 34.959335 10.847975 5.944937 35.218086 7.726912 2.539971 36.372761 -0.589616 24.192621 34.451363 -5.482190 24.301020 34.404766 0.889938 7.097826 36.719868 -11.635890 14.777309 36.159294 -13.678601 21.682060 35.467300 -11.014122 22.062212 10.158341 9.688253 24.243782 6.400594 6.762206 26.289652 -1.095853 5.122900 3.239141 -1.901563 5.003256 4.583691 8.111775 7.163322 7.061800 11.535678 11.593898 14.404414 13.540946 13.633560 19.759939 58.241917 -4.442762 22.889212 57.422878 -7.823957 22.782242 53.847298 -9.543215 22.106997 47.744949 -10.266125 21.996309 46.600994 -9.853209 11.016586 109.292915 -15.476973 11.020720 100.934311 -16.007231 11.693302 92.335190 -15.386199 14.398943 63.804131 -10.057262 1.256821 73.004700 5.888226 5.514585 72.791229 9.612511 15.191243 74.155334 12.532491 20.286112 74.322731 10.730844 25.689655 75.675850 1.679427 23.680456 75.764099 -11.297760 13.137451 74.979012 -12.867962 3.416695 74.061684 -9.841777 4.264751 82.796661 8.933636 24.697916 85.532982 -5.169794 24.125645 74.757690 7.680980 22.830050 94.487213 7.165603 21.184929 102.478622 6.248366 25.002954 54.034798 6.219411 25.050121 49.405548 4.878022 9.076215 56.719738 16.742359 7.848837 48.506042 18.112904 7.977232 43.095432 15.248428 9.053541 43.303501 11.257699 9.064987 56.757977 15.088675 18.625811 57.308334 14.223077 25.722784 0.300675 5.222153 23.814766 0.641281 -4.091759 20.898087 0.693283 -12.769154 13.622907 0.702396 -16.350378 7.071575 0.282988 -14.070107 3.490398 0.185676 -4.205677 3.311305 -0.260344 5.128375 3.956377 -0.192743 14.462423 6.765656 0.719260 22.426531 9.851215 2.444744 27.466145 14.759157 3.382025 29.574278 20.005829 2.661133 27.519474 22.887451 0.542609 22.701859 25.396021 -0.006086 14.536064 23.491402 85.495872 7.308093 19.584734 85.170250 10.724306 14.399850 84.527046 12.270769 0.723436 82.912018 3.908272 0.530378 83.143311 -3.897997 3.281886 83.834648 -11.604695 12.312765 84.404190 -14.395142 22.334436 84.825951 -12.619333 24.882311 85.669540 1.080778 0.236820 73.505356 -2.189272 25.826921 76.245865 -4.623059 2.514208 66.172752 6.605578 6.071714 66.338791 10.202533 15.752429 67.365425 12.615432 20.697489 67.358185 10.692101 24.375898 68.096268 7.859842 25.897747 69.373611 2.092265 25.919641 70.506516 -4.086526 24.103809 70.172348 -10.275954 13.687907 68.947807 -11.339289 4.875411 67.900330 -8.568469 1.249385 67.380974 -1.059267 19.528044 53.632397 16.453920 8.592034 54.852760 18.382338 5.487100 51.500595 13.866871 1.239553 54.789795 5.424770 2.452269 56.511738 -2.828414 7.700675 57.382984 -9.591297 16.157461 56.784035 -10.992326 22.835730 55.633778 -8.676209 26.357225 54.925137 -5.280466 26.486563 53.284840 1.444739 25.269348 52.135380 5.974554 23.125944 50.709496 11.075624 5.817591 109.292862 3.453596 7.044047 101.165932 8.957137 7.806757 91.524666 11.736811 8.937551 83.579536 11.878748 9.982774 73.436035 12.258796 10.472181 66.899750 12.603945 10.991110 61.004929 12.732161 11.534182 54.903038 11.570245 13.886759 57.786839 14.622153 14.187114 57.650375 15.975953 13.824369 54.654625 18.584003 13.252387 48.158985 18.601360 13.070722 42.021084 15.675179 12.652921 41.879452 11.555211 11.101055 39.981113 10.470651 10.766333 35.126926 10.420403 10.550253 28.038664 8.613146 10.273318 20.306963 7.184763 10.094859 15.513324 9.022707 10.548254 12.732625 12.700801 10.911576 10.904244 16.942387 11.494394 9.948236 22.245926 11.926170 6.892812 27.872259 12.305189 3.000596 29.077042 12.366852 0.704345 28.286184 8.515386 43.199471 13.253064 12.861822 41.950268 13.615194 17.453707 41.825157 13.453887 23.078144 41.547169 10.407577 27.276131 38.844910 8.262046 27.270262 38.867466 2.569295 27.255018 40.979225 -6.476833 25.931976 46.556381 -7.740366 22.051653 47.172970 -10.059667 15.620252 47.495468 -13.360315 7.974208 47.860077 -11.400918 2.436162 47.659145 -6.609393 1.733745 44.294422 -4.877340 1.417024 42.095818 0.426874 4.378525 39.997227 10.017870 17.290342 0.900820 28.190363 17.260738 3.327859 29.271597 17.483530 7.137453 28.101683 18.067352 10.098071 22.470512 18.599871 10.993601 16.942387 18.642008 12.411750 12.700798 18.343002 14.998627 9.061454 19.168335 19.860800 6.072305 21.971453 13.205031 4.497646 21.644541 19.623026 1.401906 23.005646 27.555031 0.659901 3.472401 36.554005 -6.325137 3.776487 19.968002 -8.410448 4.067493 10.036397 -9.437575 4.728978 0.231461 -9.431092 4.861520 -1.573470 -9.574170 3.550965 28.786182 -7.431025 3.375196 28.843029 -1.723777 22.979931 27.579821 -5.310029 20.911442 27.639950 -11.155506 20.530088 27.708103 6.211202 22.113363 34.899639 7.372388 9.037145 7.829087 24.123959 11.710280 8.976329 25.215799 14.768800 9.599654 25.725204 17.775440 9.178327 25.442804 20.404453 8.315779 24.539511 -65.300987 164.297272 -7.334386 -65.593384 161.429504 -11.227073 -65.779640 155.479523 -13.406290 -65.855324 149.043701 -12.592084 -65.672241 143.921783 -10.178527 -64.463943 141.301437 -4.208540 -62.974834 141.765091 2.355440 -62.258694 144.179642 6.500844 -61.615440 149.549377 9.002377 -61.805180 155.735535 8.243566 -62.857258 162.063065 5.065901 -64.279854 165.002396 -1.098804 62.029556 163.005707 6.756067 63.139870 166.139084 0.290297 63.731068 165.113571 -6.141112 63.334381 162.144394 -9.697438 63.304470 155.171310 -11.107727 62.833416 148.722351 -9.918054 62.091095 143.182449 -7.387739 61.009705 140.344376 -1.684438 60.452747 141.031540 5.055932 59.498016 144.198364 8.298285 59.785446 150.165451 10.430351 60.661098 156.786270 10.573129</float_array>
          <technique_common>
            <accessor count="2410" source="#Guard02-lib-Position-array" stride="3">
              <param name="X" type="float"/>
              <param name="Y" type="float"/>
              <param name="Z" type="float"/>
            </accessor>
          </technique_common>
        </source>
        <source id="Guard02-lib-Normal0" name="normal">
          <float_array id="Guard02-lib-Normal0-array" count="7230"> -0.002069 -0.789106 -0.614254 0.000000 0.999882 -0.015380 0.000000 0.882562 0.470196 -0.001388 0.237910 0.971286 -0.002516 -0.963553 -0.267507 -0.000000 -0.889429 -0.457074 -0.003528 0.137210 -0.990536 -0.000000 0.323082 -0.946371 0.000000 -0.332626 0.943059 0.000000 -0.928989 -0.370107 -0.254996 -0.780938 -0.570187 -0.448581 -0.777291 -0.441128 -0.520562 -0.768048 -0.372984 -0.468490 -0.821121 -0.326001 -0.229536 -0.973129 0.018267 -0.125920 0.991970 0.011815 -0.221455 0.970923 0.090915 -0.265122 0.942281 0.204493 -0.254288 0.920023 0.298154 -0.097854 0.894961 0.435281 -0.370881 0.236700 0.898009 -0.900753 0.213298 0.378349 -0.049626 -0.958691 -0.280086 -0.054063 -0.946630 -0.317756 -0.034734 -0.887248 -0.459983 -0.025831 -0.847532 -0.530115 0.009905 -0.902644 -0.430274 -0.470370 -0.016187 0.882321 -0.942699 0.002420 0.333637 -0.999608 0.023881 -0.014589 -0.895761 0.069496 -0.439069 -0.543244 0.118355 -0.831191 -0.435408 0.196548 0.878515 -0.939368 0.046542 0.339736 -0.913975 0.086417 0.396462 -0.985091 0.171853 -0.007927 -0.886059 0.232420 -0.401099 -0.546260 0.300328 -0.781923 -0.410740 -0.366388 0.834897 0.059038 0.183200 0.981301 0.036323 -0.016462 0.999205 -0.124268 0.460558 0.878888 -0.105723 -0.991268 0.078801 -0.178521 0.905140 0.385814 -0.695264 0.214587 0.685973 -0.730445 -0.057078 0.680582 -0.747602 0.110595 0.654875 -0.785067 -0.009632 0.619336 -0.406705 -0.908971 -0.091443 -0.013501 -0.898508 -0.438749 0.065869 0.974591 0.214089 0.189914 0.933200 0.305075 0.041631 -0.948038 -0.315422 0.334720 -0.932733 -0.134061 0.103066 0.948198 0.300495 0.723253 0.649040 0.235907 0.999601 -0.003948 0.027964 0.668116 0.241595 0.703742 -0.703995 0.138772 0.696515 -0.000000 -0.072861 0.997342 -0.373793 -0.103824 0.921683 -0.663180 -0.186205 0.724928 -0.907488 -0.269840 0.321951 -0.972500 -0.229331 -0.040642 -0.847040 -0.102673 -0.521518 -0.490672 0.084517 -0.867236 0.000000 0.168674 -0.985672 0.486268 0.325805 -0.810799 0.753851 0.236669 -0.612940 0.000000 0.056742 -0.998389 0.419047 0.015045 -0.907840 0.759642 -0.036843 -0.649297 0.042753 0.448917 -0.892550 0.331170 0.125104 -0.935241 0.310728 0.032462 -0.949944 0.889559 0.065519 -0.452098 0.000000 -0.377483 0.926016 0.542910 -0.352563 0.762200 0.903724 -0.269867 0.332347 0.987132 -0.150163 -0.054971 0.940113 -0.025731 -0.339892 0.800165 0.084222 -0.593838 0.452291 0.198175 -0.869574 -0.000000 0.232993 -0.972478 0.251413 -0.782765 -0.569272 0.425551 -0.789164 -0.442862 0.474511 -0.792293 -0.383550 0.450240 -0.831108 -0.326410 0.229536 -0.973129 0.018266 0.125920 0.991970 0.011816 0.221455 0.970923 0.090916 0.265122 0.942281 0.204493 0.254288 0.920022 0.298155 0.097854 0.894961 0.435281 0.371730 0.232675 0.898710 0.900753 0.213299 0.378348 0.037403 -0.961119 -0.273590 0.017378 -0.949757 -0.312506 -0.005809 -0.890978 -0.454010 0.004318 -0.850437 -0.526059 -0.009905 -0.902644 -0.430273 0.472442 -0.017426 0.881189 0.941706 0.004415 0.336407 0.999484 0.029737 -0.012172 0.896915 0.078887 -0.435110 0.544202 0.129864 -0.828843 0.435408 0.196548 0.878515 0.939368 0.046542 0.339736 0.913975 0.086416 0.396461 0.985091 0.171853 -0.007927 0.886059 0.232420 -0.401099 0.546260 0.300328 -0.781923 0.410738 -0.366387 0.834898 -0.059038 0.183201 0.981301 -0.036323 -0.016462 0.999204 0.124269 0.460560 0.878887 0.105723 -0.991268 0.078803 0.178521 0.905139 0.385817 0.699290 0.211602 0.682802 0.730446 -0.057079 0.680581 0.747602 0.110595 0.654875 0.784935 -0.011529 0.619471 0.406705 -0.908971 -0.091443 0.013501 -0.898508 -0.438750 -0.065870 0.974591 0.214088 -0.189914 0.933199 0.305079 -0.041631 -0.948039 -0.315419 -0.334720 -0.932734 -0.134054 -0.103066 0.948198 0.300496 -0.723254 0.649041 0.235902 -0.999601 -0.003948 0.027964 -0.668115 0.241593 0.703743 0.703994 0.138771 0.696516 0.373799 -0.103825 0.921680 0.663186 -0.186205 0.724922 0.907489 -0.269839 0.321948 0.972500 -0.229331 -0.040642 0.847040 -0.102674 -0.521518 0.490672 0.084515 -0.867236 -0.486279 0.325814 -0.810788 -0.753852 0.236670 -0.612939 -0.419048 0.015045 -0.907840 -0.759643 -0.036841 -0.649296 -0.042753 0.448915 -0.892551 -0.331178 0.125108 -0.935237 -0.310728 0.032462 -0.949944 -0.889560 0.065518 -0.452096 -0.542910 -0.352565 0.762199 -0.903723 -0.269868 0.332349 -0.987132 -0.150165 -0.054972 -0.940113 -0.025732 -0.339891 -0.800164 0.084222 -0.593838 -0.452291 0.198175 -0.869574 -0.000000 0.976232 0.216726 0.448440 0.224239 0.865228 0.704024 0.278921 0.653110 0.857470 0.272458 0.436477 0.931915 0.346895 0.105823 0.845653 0.438773 -0.303890 0.466877 0.582584 -0.665299 -0.000952 0.686558 -0.727074 -0.420119 0.692541 -0.586419 -0.800364 0.542883 -0.254354 -0.898612 0.416999 0.136416 -0.860930 0.260100 0.437204 -0.716528 0.245740 0.652840 -0.453736 0.209865 0.866072 -0.339435 0.077785 -0.937408 -0.998831 -0.013010 0.046555 -0.041782 0.048132 0.997967 0.470330 0.060430 0.880419 0.746029 0.063380 0.662890 0.904485 0.075085 0.419844 0.992447 0.084876 0.088569 0.915225 0.125052 -0.383048 0.557846 0.176014 -0.811065 -0.024140 0.210303 -0.977338 -0.570562 0.200451 -0.796416 -0.910670 0.159905 -0.380934 -0.991154 0.102225 0.084638 -0.902166 0.088043 0.422308 -0.746676 0.057201 0.662724 -0.462635 0.057449 0.884686 0.041782 0.048132 0.997967 0.998831 -0.013009 0.046554 0.339435 0.077785 -0.937408 0.914786 0.147369 0.376098 0.687398 0.140618 0.712538 0.377751 0.134701 0.916057 -0.001774 0.129911 0.991524 -0.377631 0.128506 0.916996 -0.683392 0.137910 0.716908 -0.914785 0.147369 0.376099 -0.983582 0.179290 0.020538 -0.870025 0.261153 -0.418157 -0.530669 0.373418 -0.760887 -0.000000 0.431847 -0.901947 0.530669 0.373418 -0.760887 0.870025 0.261153 -0.418157 0.983582 0.179290 0.020538 0.674531 0.235234 0.699766 0.895078 0.235404 0.378709 0.961665 0.271633 0.037641 0.861470 0.338008 -0.378972 0.526666 0.425819 -0.735732 -0.000000 0.465950 -0.884811 -0.526666 0.425819 -0.735732 -0.861470 0.338009 -0.378972 -0.961665 0.271633 0.037641 -0.895078 0.235404 0.378709 -0.669876 0.235602 0.704101 -0.364492 0.245778 0.898186 0.001842 0.256894 0.966438 0.369214 0.245320 0.896381 0.297223 0.079214 -0.951516 0.999048 -0.013194 0.041584 0.068826 -0.038225 0.996896 -0.488567 -0.034335 0.871851 -0.788699 -0.036991 0.613666 -0.946937 -0.034917 0.319516 -0.999190 -0.032832 -0.023280 -0.893533 -0.018469 -0.448617 -0.532844 -0.010681 -0.846146 -0.015339 -0.001432 -0.999881 0.528734 0.017024 -0.848617 0.898288 0.005236 -0.439376 0.999719 -0.019179 -0.013948 0.943752 -0.031559 0.329145 0.789026 -0.040640 0.613015 0.495218 -0.036433 0.868005 -0.068825 -0.038225 0.996896 -0.999048 -0.013194 0.041584 -0.297224 0.079214 -0.951516 -0.471931 -0.134634 0.871295 -0.007274 -0.230298 0.973093 0.148850 -0.134614 0.979654 -0.777868 0.028227 -0.627793 -0.993333 0.079394 -0.083587 -0.934043 -0.023973 0.356355 -0.528341 -0.008310 0.848992 -0.051049 0.230165 0.971812 0.258902 0.164175 0.951849 -0.743980 0.314391 -0.589621 -0.913767 0.382631 -0.136469 -0.681247 0.338181 0.649258 -0.447917 -0.852238 0.270297 -0.612615 -0.774930 0.155518 -0.283309 -0.902731 0.323749 -0.566378 -0.785974 -0.247912 -0.528930 -0.716645 -0.454591 -0.569437 -0.822033 -0.001799 -0.611703 -0.789688 0.047037 0.471931 -0.134634 0.871295 0.026726 -0.224211 0.974174 -0.126590 -0.120687 0.984586 0.777869 0.028227 -0.627792 0.993333 0.079394 -0.083587 0.934044 -0.023972 0.356354 0.528340 -0.008311 0.848992 0.057659 0.238949 0.969319 -0.241687 0.188163 0.951936 0.743980 0.314392 -0.589620 0.913767 0.382631 -0.136470 0.681247 0.338182 0.649258 0.451557 -0.851711 0.265866 0.612615 -0.774931 0.155514 0.297671 -0.901890 0.313026 0.566378 -0.785975 -0.247911 0.528931 -0.716646 -0.454588 0.569437 -0.822033 -0.001802 0.611703 -0.789688 0.047034 -0.504469 -0.294229 0.811751 -0.313801 0.148302 0.937835 -0.171657 0.065356 0.982987 -0.083018 -0.071334 0.993992 -0.061429 -0.383022 0.921694 -0.156617 -0.705496 0.691193 -0.344531 -0.811757 0.471538 -0.562074 -0.769388 0.303505 -0.755912 -0.584491 0.294902 -0.865591 -0.335731 0.371533 -0.823474 -0.112562 0.556076 -0.716980 0.044909 0.695646 -0.527467 0.133826 0.838969 0.083736 0.743494 0.663479 0.387784 0.545321 0.743135 0.613340 0.250634 0.748997 0.810968 -0.285224 0.510861 0.624761 -0.780338 -0.027318 0.227582 -0.881146 -0.414474 -0.185421 -0.764080 -0.617900 -0.595415 -0.527197 -0.606255 -0.905034 -0.216131 -0.366334 -0.993161 0.114431 -0.023159 -0.846590 0.449232 0.285438 -0.417101 0.741777 0.525160 0.149009 0.850670 0.504140 0.478624 0.666288 0.571822 0.714054 0.402466 0.572842 0.936731 -0.083609 0.339918 0.754246 -0.614372 -0.231645 0.319939 -0.730562 -0.603256 -0.118043 -0.640005 -0.759249 -0.549780 -0.424602 -0.719344 -0.867632 -0.124665 -0.481325 -0.964565 0.213808 -0.154596 -0.813576 0.564364 0.139954 -0.376440 0.847937 0.373225 0.504469 -0.294229 0.811752 0.313801 0.148303 0.937835 0.171656 0.065357 0.982987 0.083018 -0.071334 0.993992 0.061429 -0.383025 0.921693 0.156617 -0.705495 0.691193 0.344531 -0.811758 0.471538 0.562074 -0.769388 0.303505 0.755912 -0.584490 0.294906 0.865590 -0.335730 0.371536 0.823474 -0.112561 0.556077 0.716981 0.044909 0.695644 0.527467 0.133827 0.838969 -0.083736 0.743492 0.663482 -0.387784 0.545321 0.743135 -0.613340 0.250634 0.748997 -0.810968 -0.285225 0.510859 -0.624761 -0.780338 -0.027319 -0.227582 -0.881145 -0.414475 0.185421 -0.764080 -0.617900 0.595415 -0.527196 -0.606255 0.905034 -0.216130 -0.366335 0.993161 0.114431 -0.023161 0.846591 0.449233 0.285436 0.417101 0.741776 0.525163 -0.149009 0.850668 0.504144 -0.478623 0.666288 0.571822 -0.714054 0.402467 0.572842 -0.936731 -0.083609 0.339918 -0.754246 -0.614372 -0.231645 -0.319939 -0.730562 -0.603256 0.118043 -0.640005 -0.759249 0.549779 -0.424601 -0.719345 0.867631 -0.124664 -0.481327 0.964565 0.213808 -0.154599 0.813576 0.564364 0.139952 0.376440 0.847935 0.373227 -0.367699 0.685772 0.628104 -0.447565 0.646629 0.617702 -0.461111 0.672440 0.578965 -0.341859 0.757565 0.556082 -0.150122 0.760668 0.631544 0.078757 0.524342 0.847858 0.129884 0.378842 0.916302 0.102581 0.403713 0.909117 0.094021 0.452283 0.886905 0.041419 0.508958 0.859794 -0.114257 0.372544 0.920954 -0.353351 0.305231 0.884295 -0.359144 0.500714 0.787592 -0.210357 0.647030 0.732872 0.039335 0.524520 0.850489 0.098025 0.390007 0.915579 0.026729 0.476473 0.878783 -0.022538 0.565109 0.824708 0.795268 -0.272058 0.541787 0.567655 -0.436682 0.697909 0.074039 -0.605617 0.792305 -0.271140 -0.508518 0.817247 -0.588409 -0.200129 0.783405 -0.688570 0.254998 0.678857 -0.625487 0.363282 0.690501 -0.751051 0.589595 0.297154 -0.732851 0.678527 0.050307 0.830415 -0.555308 0.045207 0.666650 -0.719099 0.196147 0.218639 -0.909874 0.352600 -0.191803 -0.905116 0.379443 -0.638627 -0.731035 0.240297 -0.966553 -0.253978 -0.035656 -0.990286 -0.008427 -0.138789 -0.898719 0.199316 -0.390610 -0.791110 0.321140 -0.520590 0.787360 -0.598779 -0.146724 0.630020 -0.776519 -0.009646 0.171441 -0.965255 0.197208 -0.206696 -0.953690 0.218522 -0.632794 -0.770945 0.072214 -0.937321 -0.299028 -0.178919 -0.957838 -0.085841 -0.274185 -0.872584 0.096578 -0.478822 -0.753022 0.215845 -0.621585 0.369315 0.690300 0.622167 0.450765 0.649343 0.612507 0.463374 0.672571 0.577003 0.341857 0.757563 0.556086 0.150122 0.760665 0.631548 -0.078757 0.524341 0.847859 -0.129885 0.378842 0.916302 -0.102580 0.403711 0.909118 -0.094020 0.452279 0.886907 -0.035653 0.529226 0.847731 0.125503 0.387559 0.913262 0.366525 0.310730 0.876987 0.359142 0.500712 0.787594 0.210356 0.647027 0.732875 -0.039336 0.524520 0.850489 -0.098025 0.390007 0.915579 -0.026729 0.476472 0.878783 0.022538 0.565108 0.824709 -0.805228 -0.269908 0.527975 -0.565266 -0.437038 0.699622 -0.069714 -0.612641 0.787281 0.271140 -0.508520 0.817246 0.588412 -0.200131 0.783402 0.688571 0.254998 0.678856 0.625489 0.363281 0.690500 0.751051 0.589595 0.297153 0.732849 0.678529 0.050307 -0.831344 -0.553976 0.044475 -0.667013 -0.719566 0.193179 -0.218170 -0.910541 0.351166 0.191803 -0.905116 0.379442 0.638628 -0.731036 0.240295 0.966553 -0.253978 -0.035655 0.990286 -0.008427 -0.138789 0.898719 0.199316 -0.390611 0.791109 0.321139 -0.520592 -0.787360 -0.598779 -0.146724 -0.630020 -0.776519 -0.009647 -0.171441 -0.965255 0.197209 0.206696 -0.953690 0.218523 0.632794 -0.770945 0.072214 0.937321 -0.299029 -0.178918 0.957838 -0.085842 -0.274186 0.872583 0.096578 -0.478823 0.753022 0.215845 -0.621586 -0.364378 0.736872 0.569428 -0.407204 0.722763 0.558390 -0.181378 0.780389 0.598410 0.107249 0.568764 0.815478 0.112084 0.392736 0.912795 0.380215 0.765544 0.519018 0.012293 0.704788 0.709311 -0.179884 0.462598 0.868127 -0.344557 0.350037 0.871065 -0.306505 0.492956 0.814278 -0.169098 0.568878 0.804850 0.050987 0.418194 0.906926 0.038750 0.459666 0.887246 -0.054435 0.603342 0.795623 0.994772 0.101545 0.010865 0.942563 -0.048583 0.330478 0.567108 -0.440378 0.696029 -0.006749 -0.607501 0.794290 -0.413490 -0.498977 0.761609 -0.765471 0.015476 0.643284 -0.681406 0.365978 0.633834 -0.751052 0.589596 0.297149 -0.732851 0.678527 0.050305 0.917751 -0.231400 -0.322781 0.910891 -0.393149 -0.125347 0.667013 -0.719567 0.193177 0.079873 -0.941129 0.328475 -0.454783 -0.871253 0.184636 -0.866829 -0.485147 -0.115060 -0.968057 -0.088177 -0.234713 -0.905181 0.162060 -0.392917 -0.791111 0.321139 -0.520590 0.859515 -0.293184 -0.418662 0.843493 -0.448523 -0.295546 0.630018 -0.776520 -0.009647 -0.062310 -0.987806 0.142680 -0.527250 -0.849453 -0.020919 -0.845435 -0.478831 -0.236559 -0.928371 -0.154903 -0.337834 -0.899795 0.003444 -0.436300 -0.753025 0.215847 -0.621582 0.364379 0.736873 0.569426 0.406591 0.723386 0.558029 0.153634 0.783222 0.602462 -0.131263 0.581045 0.803216 -0.112084 0.392736 0.912795 -0.380215 0.765543 0.519019 -0.012292 0.704791 0.709309 0.179886 0.462602 0.868125 0.343714 0.355210 0.869302 0.304498 0.465302 0.831129 0.171785 0.566602 0.805886 -0.039899 0.426611 0.903555 -0.038750 0.459666 0.887246 0.054435 0.603342 0.795623 -0.994772 0.101545 0.010866 -0.942563 -0.048583 0.330477 -0.567108 -0.440379 0.696029 -0.002668 -0.624121 0.781324 0.416349 -0.524783 0.742466 0.786018 -0.001540 0.618202 0.699485 0.364644 0.614619 0.751054 0.589595 0.297146 0.732852 0.678526 0.050301 -0.917751 -0.231400 -0.322781 -0.910891 -0.393149 -0.125346 -0.667012 -0.719567 0.193179 -0.079873 -0.941129 0.328475 0.454782 -0.871253 0.184639 0.866830 -0.485148 -0.115057 0.968057 -0.088177 -0.234714 0.905181 0.162060 -0.392917 0.791110 0.321139 -0.520591 -0.859515 -0.293184 -0.418662 -0.843492 -0.448523 -0.295547 -0.630018 -0.776520 -0.009652 0.062310 -0.987805 0.142682 0.527250 -0.849453 -0.020914 0.845436 -0.478831 -0.236557 0.928371 -0.154903 -0.337835 0.899795 0.003445 -0.436300 0.753024 0.215847 -0.621582 -0.198106 -0.980180 -0.001108 -0.425937 0.768218 0.477931 0.268321 0.132939 0.954113 0.167205 -0.959470 0.226849 0.049589 0.986129 0.158402 0.624865 0.259465 0.736357 0.592282 -0.802495 -0.072140 0.454630 -0.752153 -0.477051 -0.773264 -0.281422 0.568211 -0.747481 -0.290155 0.597564 -0.753766 -0.282985 0.593091 -0.788068 -0.259505 0.558216 0.786376 0.401245 -0.469697 0.885330 0.288391 -0.364721 0.881088 0.234723 -0.410596 0.780464 0.157615 -0.605008 0.256162 -0.220888 0.941058 0.769764 -0.044175 0.636798 -0.800265 0.428891 0.419080 0.107570 0.455218 0.883858 0.851474 0.176824 0.493686 0.826015 -0.349233 0.442420 0.046213 -0.879980 0.472758 -0.814379 -0.564000 0.136717 -0.848948 0.525885 0.052262 0.023277 0.970225 0.241086 -0.006759 -0.969588 -0.244649 -0.813100 -0.542988 -0.209839 0.180428 -0.451309 0.873937 0.046956 0.384218 0.922047 0.203704 0.136545 0.969464 0.167761 -0.237398 0.956817 0.205181 -0.168036 0.964191 0.199420 -0.938074 -0.283283 0.391666 0.872060 0.293445 0.559498 0.290072 0.776415 0.892098 0.425416 0.152259 0.746786 -0.515325 0.420416 0.957181 -0.206307 -0.203081 0.698359 -0.715437 -0.021107 0.685067 0.631188 0.363709 -0.010811 -0.365739 0.930655 -0.019034 -0.152878 0.988062 0.511422 0.314457 0.799727 0.480238 -0.711893 0.512425 -0.353708 -0.269808 0.895597 -0.373064 -0.193291 0.907448 -0.382774 0.653206 0.653304 0.100793 -0.693202 0.713660 -0.473866 -0.853084 0.218400 0.761258 -0.583671 -0.282516 0.746431 0.665297 -0.014852 0.856969 -0.069599 0.510647 0.988454 0.111008 -0.103128 0.876814 -0.084431 0.473358 0.992207 0.047814 -0.115062 0.434544 0.449623 0.780392 0.493214 -0.718805 0.489958 0.121289 0.582720 0.803571 -0.385672 0.597018 0.703440 -0.443363 0.452892 0.773510 -0.545549 0.775810 -0.317010 -0.489662 0.787009 0.375297 0.124919 0.868462 0.479759 0.085220 0.980157 -0.178968 -0.755623 -0.334772 0.562994 -0.320046 -0.577327 0.751175 -0.056728 0.073432 0.995686 -0.630153 0.109355 0.768732 -0.686444 -0.715066 0.132197 -0.481062 -0.867106 0.129252 -0.596967 -0.744687 -0.298449 -0.486701 -0.835543 -0.254932 -0.504804 -0.402275 -0.763772 -0.378379 -0.603956 -0.701474 -0.442897 -0.141455 -0.885343 -0.243628 -0.263263 -0.933455 0.008090 0.678506 -0.734551 -0.120818 0.156005 -0.980340 -0.516130 0.235375 -0.823534 -0.542524 0.568802 -0.618168 -0.405253 -0.882439 -0.238895 -0.368033 -0.642346 -0.672267 -0.177488 -0.702482 -0.689215 -0.133935 -0.971128 -0.197411 -0.211013 0.063243 -0.975435 -0.205980 -0.279275 -0.937858 -0.277976 -0.269442 -0.922025 -0.208863 0.098597 -0.972962 -0.105889 0.654998 -0.748175 -0.178757 0.612518 -0.769979 0.027016 0.980877 -0.192743 -0.090002 0.968005 -0.234234 -0.282656 -0.550038 0.785852 -0.420420 -0.903281 0.085619 -0.185825 -0.973985 0.129699 -0.194275 -0.617301 0.762362 -0.062453 0.005479 0.998033 -0.019875 0.079076 0.996670 -0.112897 -0.979216 0.168492 -0.015177 -0.980978 -0.193525 0.346358 -0.887082 -0.305158 0.215527 -0.953230 0.211899 0.021231 -0.734441 -0.678340 0.413760 -0.597740 -0.686666 -0.099261 0.339361 0.935404 -0.163821 -0.025413 0.986163 -0.113292 -0.197296 0.973776 -0.055961 0.283632 0.957299 -0.047494 0.036821 -0.998193 -0.003113 -0.298251 -0.954482 -0.106651 0.578644 -0.808577 -0.123441 0.948750 -0.290922 0.312838 0.859950 -0.403261 0.376826 0.474575 -0.795475 -0.109530 0.960014 0.257637 -0.087630 0.669389 0.737726 0.030251 0.761863 0.647031 0.150677 0.987201 0.052249 -0.225793 -0.616068 0.754637 0.008416 -0.667262 0.744776 0.129176 0.894240 0.428542 0.148468 0.583770 0.798229 0.051786 0.624034 0.779679 0.006997 0.931162 0.364539 -0.250924 0.113031 -0.961385 -0.360582 -0.510465 -0.780645 -0.397719 -0.399886 -0.825779 -0.421997 0.119821 -0.898644 -0.357976 -0.876060 0.323066 -0.391504 -0.914220 -0.104527 -0.652288 -0.742967 -0.150070 -0.541597 -0.790312 0.286496 -0.489157 0.628085 -0.605173 -0.313876 0.701414 -0.639922 -0.534639 0.844998 0.011836 -0.293009 0.955325 -0.038730 -0.318886 -0.635303 0.703351 -0.370906 -0.563430 0.738225 -0.523189 0.042520 0.851155 -0.371914 -0.014281 0.928157 -0.267678 -0.814534 -0.514668 -0.325534 -0.927261 -0.184973 -0.684012 0.191593 -0.703861 0.149288 0.159912 -0.975777 0.106075 0.759604 -0.641677 -0.119723 0.764125 -0.633860 -0.040389 0.185166 -0.981877 -0.187181 0.978959 -0.081254 0.114167 0.988214 -0.101976 0.159476 0.918877 0.360877 -0.130850 0.883503 0.449778 0.240966 0.250480 0.937654 0.482326 -0.221988 0.847398 0.307340 0.019475 0.951400 -0.017884 0.359663 0.932911 -0.056078 -0.651574 -0.756510 0.115023 -0.617057 -0.778467 -0.133731 -0.959098 -0.249493 0.000459 -0.969711 -0.244256 -0.003242 -0.978027 -0.208454 0.005987 -0.945592 -0.325300 0.355045 -0.895322 0.268964 0.330835 -0.920946 0.205930 -0.948916 0.037668 -0.313274 -0.741468 0.495341 0.452617 -0.017992 -0.046978 0.998734 0.252337 -0.801710 0.541837 0.333570 0.178679 0.925637 0.537905 -0.774967 0.331790 -0.258204 -0.638800 -0.724752 -0.319621 -0.690734 -0.648636 -0.742655 0.198892 -0.639457 -0.530979 0.804232 0.266968 -0.660013 -0.727964 0.185611 -0.752810 0.657891 0.021394 -0.685156 0.403200 0.606622 -0.702292 -0.700733 0.125535 -0.257400 0.519583 0.814726 0.000290 -0.767545 0.640995 -0.588575 -0.690404 0.420622 -0.694374 0.332747 0.638063 0.033008 -0.999455 0.000338 -0.608778 -0.792772 -0.030021 0.036473 -0.999225 -0.014811 -0.359380 0.526332 0.770598 -0.424382 0.473661 0.771716 0.126438 -0.761931 -0.635197 -0.057497 0.481270 0.874685 0.193567 0.559131 0.806167 -0.233902 -0.908303 0.346807 -0.011257 -0.966368 0.256916 0.006835 -0.974753 -0.223179 -0.287412 -0.953361 -0.092185 -0.120315 0.330252 0.936193 -0.035445 0.261566 0.964535 -0.046876 -0.196188 0.979445 -0.099157 -0.141494 0.984961 -0.170085 0.736261 0.654974 -0.011242 0.727572 0.685939 -0.061481 -0.653043 0.754821 -0.168648 -0.642338 0.747636 0.034918 0.955572 -0.292681 0.035858 0.989359 0.141009 -0.225226 0.964770 0.135989 -0.281042 0.936088 -0.211554 -0.039920 0.557038 -0.829527 -0.350557 0.496177 -0.794303 -0.356292 0.153623 -0.921659 -0.107808 0.158461 -0.981462 0.402587 0.136050 -0.905215 -0.067275 -0.746069 -0.662461 0.033528 0.344046 0.938354 -0.018535 -0.654351 0.755964 0.017130 -0.052334 0.998483 -0.003939 0.478574 0.878039 -0.249181 0.750270 -0.612375 -0.171553 0.984962 0.020494 -0.241763 0.178893 -0.953702 -0.205113 -0.380905 -0.901576 -0.072490 -0.931985 0.355176 -0.125758 -0.984767 -0.120079 -0.264129 0.963454 0.044623 -0.273800 0.814343 0.511741 0.304267 -0.882438 -0.358782 -0.070418 0.434569 -0.897881 -0.492780 0.309461 -0.813266 -0.334725 -0.804310 -0.490963 -0.252353 0.593970 0.763883 -0.046005 -0.702548 0.710148 0.041845 -0.989179 0.140616 0.031547 -0.993821 0.106421 -0.231679 0.945838 -0.227411 -0.246695 0.943250 0.222311 -0.252342 0.962454 -0.100034 0.317785 -0.833309 -0.452337 -0.020578 0.433632 -0.900855 -0.354169 0.633366 0.688050 -0.125095 -0.978223 0.165621 -0.210432 -0.498938 0.840701 -0.082807 -0.996497 -0.011668 -0.322726 0.938484 -0.122863 -0.331786 0.850852 0.407392 0.195888 -0.843481 -0.500168 0.115494 0.043606 -0.992351 0.062322 -0.962417 0.264329 0.165611 0.131049 0.977445 0.438862 -0.806900 0.395364 -0.203544 -0.953150 -0.223775 0.025201 -0.997829 -0.060845 -0.281547 0.437371 0.854072 -0.767901 0.583020 -0.265361 0.133219 -0.941219 0.310417 0.197091 -0.920573 0.337194 -0.579331 -0.797627 -0.167832 -0.479858 0.417448 -0.771669 -0.207973 0.734571 -0.645873 -0.202627 0.817211 -0.539545 -0.235653 0.790974 -0.564648 0.418122 -0.211262 -0.883483 -0.602536 -0.705502 -0.373118 -0.384950 -0.780568 -0.492471 -0.187304 -0.806526 -0.560743 -0.114038 -0.269959 -0.956095 -0.351770 -0.300416 -0.886571 -0.336985 -0.755950 -0.561231 -0.084705 0.860672 0.502065 -0.484593 0.766623 0.421260 -0.341821 0.857910 0.383599 0.096040 0.350935 0.931462 -0.242679 0.802708 -0.544763 -0.718423 0.427050 -0.549086 -0.433670 -0.900926 -0.016241 0.043138 -0.918655 0.392698 -0.115370 -0.682612 -0.721617 -0.241400 0.437947 0.865984 -0.295504 0.854941 0.426326 -0.270602 0.958470 -0.090058 -0.156384 0.769376 -0.619359 -0.091894 0.181853 -0.979023 -0.241640 0.799952 -0.549260 -0.463154 -0.874232 0.145626 -0.663665 0.397070 -0.633944 0.043747 -0.935547 0.350483 0.002865 0.102783 0.994700 0.784150 -0.135681 0.605558 0.749975 -0.255165 0.610269 -0.007804 -0.077957 0.996926 0.993760 0.020645 0.109615 0.985615 -0.167940 0.018982 0.058647 0.473899 0.878624 0.975152 0.076323 0.207972 0.764677 0.009066 0.644350 0.722228 0.670913 0.168113 0.660657 0.495592 0.563845 0.965787 -0.159217 0.204708 0.999229 -0.023920 -0.031124 0.810558 0.042377 0.584123 0.533763 -0.580990 0.614449 0.076590 -0.881557 0.465824 -0.014493 -0.801355 0.598014 -0.757016 -0.261133 0.598946 -0.987059 -0.156625 0.034397 -0.782226 -0.131669 0.608922 -0.992071 0.012006 0.125103 -0.973924 0.069310 0.216027 -0.754354 0.009978 0.656392 -0.814279 -0.097032 0.572306 -0.862242 -0.448815 0.234743 -0.696105 -0.193034 0.691502 -0.271903 -0.305532 0.912534 -0.590476 -0.080631 0.803017 -0.727103 0.123348 0.675357 -0.537849 0.133463 0.832410 0.028936 -0.444180 0.895470 -0.014813 0.084736 0.996293 -0.017951 -0.101091 0.994715 -0.782994 0.091974 0.615192 -0.610693 0.101066 0.785391 -0.011769 0.091334 0.995751 -0.120812 -0.462701 0.878244 -0.138829 0.093636 0.985880 -0.165446 0.086887 0.982384 -0.249076 -0.384702 0.888800 -0.255268 -0.912381 -0.319999 -0.778880 -0.611163 -0.140807 -0.452087 0.234569 -0.860578 0.124146 -0.232552 -0.964628 0.968888 -0.199961 -0.145849 0.534959 -0.187204 0.823877 0.202952 -0.189352 0.960706 0.793984 -0.198122 0.574749 0.893394 0.111850 0.435128 0.302068 0.118990 0.945831 0.890208 0.169719 0.422758 0.370885 0.170117 0.912965 0.093540 -0.422121 0.901701 0.075917 0.089947 0.993049 0.118958 0.115858 0.986117 0.320083 -0.362594 0.875256 0.482323 -0.840856 -0.245614 0.964897 -0.155499 -0.211648 0.958066 -0.278743 -0.066425 0.996723 -0.008203 -0.080470 0.490666 -0.103546 -0.865173 0.516002 0.038578 -0.855718 0.497507 0.216189 -0.840089 0.346225 -0.838018 -0.421728 0.427761 -0.214340 -0.878111 0.923494 -0.315031 -0.218894 -0.690217 -0.116033 0.714239 -0.300037 -0.149197 0.942188 0.077571 -0.086843 0.993197 -0.999763 0.000292 0.021751 0.998782 -0.035917 0.033839 0.508424 -0.114715 0.853432 0.374275 -0.011023 0.927252 0.985275 -0.168044 -0.031525 0.353259 -0.072215 -0.932734 -0.539938 -0.012780 0.841608 -0.396102 -0.228711 -0.889266 0.820481 -0.158249 0.549334 0.367399 -0.219171 -0.903871 -0.678457 0.149887 0.719187 -0.227408 0.205124 0.951951 0.024495 0.181170 0.983147 0.528820 0.170414 0.831450 0.207842 0.174593 0.962455 -0.478931 0.583896 0.655508 -0.144411 0.589602 0.794680 0.001097 0.615752 0.787939 0.412288 0.605901 0.680369 0.124918 0.602725 0.788110 0.441690 0.450241 0.776010 0.159440 0.481945 0.861573 0.005336 0.486203 0.873830 -0.187607 0.477468 0.858387 -0.572197 0.402536 0.714531 0.977275 0.196188 0.080277 0.514663 0.082527 0.853412 0.375615 0.002026 0.926773 0.021881 -0.069202 0.997363 -0.287293 -0.071258 0.955189 -0.657559 0.029254 0.752835 -0.874391 0.139269 0.464805 -0.977595 0.196162 0.076346 -0.304767 0.246973 -0.919849 0.136866 0.203164 -0.969532 0.418444 0.173465 -0.891524 0.995415 -0.034377 0.089261 0.580397 -0.219556 0.784178 0.380542 -0.346473 0.857405 0.022861 -0.391634 0.919837 -0.295502 -0.368486 0.881418 -0.654905 -0.270319 0.705710 -0.878051 -0.200208 0.434675 -0.997689 -0.057345 0.036436 -0.973351 -0.028377 -0.227560 -0.314999 0.029663 -0.948628 0.131812 0.062190 -0.989322 0.427806 0.046892 -0.902653 0.978934 0.046550 -0.198800 0.759929 -0.036304 0.648992 0.559019 0.181924 0.808951 0.612114 -0.099249 0.784516 0.501890 -0.827726 0.250949 0.573808 0.204645 0.793010 0.679910 0.046603 -0.731814 0.923200 0.383307 0.027874 0.564870 -0.792126 -0.231211 0.782983 -0.150176 0.603643 -0.322782 -0.300832 -0.897392 0.092864 -0.195669 -0.976263 0.208439 -0.216869 -0.953688 -0.396213 -0.128122 -0.909176 0.370482 -0.092371 -0.924235 -0.395777 0.188699 -0.898751 0.351794 0.163037 -0.921770 -0.415743 0.591425 -0.690923 0.327827 0.543111 -0.773020 -0.596325 0.745851 -0.296822 0.552344 0.762812 -0.336204 -0.618520 0.732019 0.285622 -0.691841 0.500674 0.520270 -0.782599 0.586731 0.208052 0.408797 -0.463573 -0.786120 0.279440 0.195047 -0.940144 0.363888 0.618837 -0.696151 0.633179 0.703239 0.323326 0.300289 0.602630 0.739367 0.509278 0.106769 0.853953 0.686727 -0.717063 0.119271 0.617061 -0.730032 -0.293750 0.718038 -0.364914 0.592671 0.457795 -0.886913 0.061726 0.428730 -0.866153 -0.256844 0.368964 -0.621004 -0.691535 0.055813 0.091262 0.994262 0.276077 -0.264132 -0.924130 0.209347 0.094612 -0.973253 0.088229 0.656967 -0.748739 -0.041628 0.974693 -0.219636 -0.151050 0.897409 0.414538 0.344440 -0.514653 0.785170 0.030888 -0.980092 -0.196124 0.092033 -0.710510 -0.697643 -0.032994 0.362080 0.931563 0.183561 0.505211 -0.843248 0.115628 0.947845 -0.297017 0.041874 0.965394 0.257411 0.355397 -0.822087 -0.444822 0.061287 -0.046236 0.997049 0.139610 -0.569087 0.810339 0.074416 -0.977519 0.197278 0.367907 -0.006765 -0.929838 0.420844 0.562759 -0.711472 0.433158 0.076692 0.898049 0.764495 -0.602240 -0.229900 0.890045 -0.437832 0.126976 0.619013 0.105922 0.778205 0.332304 -0.045981 -0.942051 0.338235 0.643671 -0.686501 -0.090700 -0.923282 -0.373260 0.096024 -0.990129 -0.102092 0.206469 -0.975893 -0.070736 0.450051 0.606128 0.655792 -0.164485 -0.647349 -0.744234 -0.349764 0.328704 0.877279 -0.169337 -0.968250 0.183896 -0.652381 -0.687167 0.319688 0.942419 0.117895 -0.312966 0.743972 0.567518 0.352744 0.185970 0.036293 0.981885 -0.029308 -0.831570 0.554647 0.364009 -0.717032 -0.594443 0.883073 -0.318194 -0.344870 0.539276 0.576583 0.613786 0.785796 -0.441638 0.432991 0.711559 -0.606128 -0.355376 0.629917 0.076409 -0.772895 0.467500 0.551342 0.690989 0.458014 0.621324 0.635752 0.370797 -0.798513 -0.474222 0.927595 -0.366732 0.071241 -0.822107 -0.021369 0.568932 -0.974271 -0.158081 0.160645 -0.998098 -0.052464 -0.032370 -0.498947 -0.632763 0.592167 0.464083 0.806078 -0.367240 -0.560724 0.727594 -0.395216 0.865607 0.062131 -0.496855 -0.869136 0.042177 -0.492771 0.190007 -0.152718 -0.969832 0.194723 -0.208819 -0.958372 0.117797 -0.179779 -0.976629 0.099069 -0.282722 -0.954072 -0.155642 -0.687064 -0.709732 0.096948 -0.550870 -0.828941 -0.004994 -0.511663 -0.859172 0.042890 -0.689542 -0.722975 0.070529 -0.475408 -0.876934 -0.031499 -0.714278 -0.699153 0.074653 -0.695997 -0.714153 -0.083177 -0.720822 -0.688111 0.366251 -0.294928 0.882540 0.532553 0.154039 0.832262 0.537760 -0.135926 0.832069 -0.137999 -0.600630 -0.787528 0.609327 0.151767 0.778259 0.821954 0.000461 0.569554 0.951771 -0.217776 -0.216113 0.438379 -0.412853 -0.798359 0.142540 -0.934782 -0.325370 0.131011 -0.814294 0.565475 0.242817 -0.099953 0.964909 -0.119128 0.073655 0.990143 -0.197244 0.068353 0.977968 -0.008131 0.068395 0.997625 -0.982762 -0.105460 -0.151847 -0.451717 -0.107395 -0.885674 -0.474723 0.030532 -0.879606 -0.951321 -0.263146 -0.160445 -0.378831 -0.215958 -0.899916 -0.345198 -0.788494 -0.509033 -0.736320 -0.667207 -0.112553 -0.093453 -0.942889 -0.319730 -0.201034 -0.951270 0.233817 0.120059 0.097974 0.987920 0.181253 0.060064 0.981600 0.125118 -0.179675 0.975737 0.186777 -0.216739 0.958196 0.088078 -0.240081 -0.966749 0.093354 -0.335269 -0.937486 -0.045514 -0.313430 -0.948520 0.073958 -0.203056 -0.976370 -0.025507 -0.200508 -0.979360 0.082987 -0.059829 -0.994753 -0.049296 -0.080862 -0.995505 0.005305 0.127571 0.991815 0.239743 -0.968285 -0.070340 0.061984 0.325401 0.943542 -0.114959 -0.121843 0.985869 0.145675 0.771736 0.619033 0.123975 0.991561 0.037904 0.114508 0.912761 -0.392117 0.081685 0.408293 -0.909189 0.049025 -0.754678 -0.654261 -0.029295 0.788526 0.614304 -0.055141 0.996894 0.056224 -0.102051 0.909068 -0.403956 -0.193108 0.445091 -0.874416 -0.234339 0.064464 -0.970015 -0.135332 -0.674080 -0.726155 -0.019041 -0.972344 -0.232775 0.005579 -0.922689 0.385505 -0.051122 -0.224877 0.973045 -0.050680 0.296013 0.953838 -0.061822 0.361154 0.930454 0.005783 0.924668 0.380730 0.084642 0.971151 -0.222938 0.180884 0.584361 -0.791077 0.236717 0.051578 -0.970209 0.215166 -0.651732 -0.727289 0.150921 -0.963693 -0.220270 0.208777 -0.970213 0.122874 0.193346 -0.566219 0.801258 0.036618 0.001913 0.999327 0.040197 0.012743 0.999111 0.090108 0.548226 0.831462 0.255655 0.639664 -0.724893 0.162257 0.057340 -0.985081 0.057921 -0.877495 -0.476075 0.095100 0.664700 0.741033 0.262211 0.273314 -0.925497 0.068785 -0.934745 -0.348599 0.051233 0.525880 0.849014 0.146944 0.256092 -0.955418 -0.204255 -0.886269 -0.415702 0.070013 0.067190 -0.995281 -0.094333 -0.874601 -0.475578 0.117224 -0.965226 0.233661 0.194175 -0.397724 0.896723 0.129300 -0.695031 0.707258 0.243015 -0.706050 0.665159 -0.226088 0.179557 0.957415 -0.397472 -0.823136 0.405541 0.255880 -0.665226 -0.701427 0.710157 0.312382 -0.630947 0.510926 0.838119 0.191078 -0.167144 -0.696669 -0.697649 -0.228375 -0.956173 -0.183244 -0.618673 -0.742862 0.255734 -0.040718 -0.740783 -0.670510 0.232310 0.561689 0.794064 -0.042383 0.587781 0.807909 -0.102854 0.873447 0.475933 -0.034239 0.979982 -0.196121 0.019088 0.633190 -0.773761 0.289961 -0.592770 -0.751363 0.485683 -0.830458 -0.272858 0.514165 -0.854843 0.069839 0.417760 -0.532855 0.735895 0.167934 0.097764 0.980939 0.090481 -0.071307 0.993342 0.145299 0.419540 0.896033 0.225825 0.783226 0.579276 0.327517 0.897216 -0.296202 0.317655 0.360812 -0.876875 0.185654 -0.830565 -0.525066 0.270092 0.855677 0.441438 0.329826 0.909994 -0.251248 0.906862 -0.238311 0.347577 0.460458 -0.224017 0.858950 0.291133 -0.180870 0.939429 0.058220 -0.147857 0.987294 -0.238609 -0.153310 0.958938 -0.633655 -0.198513 0.747712 -0.898718 -0.202623 0.388909 -0.315740 -0.224423 -0.921923 0.091984 -0.214583 -0.972365 0.206434 0.698799 -0.684884 -0.148528 0.642591 -0.751675 -0.018929 -0.464178 0.885540 0.101460 -0.700913 -0.705993 0.153546 -0.084586 -0.984515 0.174343 0.043784 -0.983711 0.167302 0.249963 -0.953692 0.108509 -0.047369 -0.992966 0.129989 -0.249942 -0.959496 0.134478 -0.090534 -0.986772 0.119032 0.173097 -0.977686 0.108282 0.496617 -0.861189 0.052150 -0.347310 0.936299 -0.120380 -0.701634 -0.702295 -0.134492 -0.229685 -0.963928 -0.152344 -0.090520 -0.984173 -0.164139 0.044171 -0.985448 -0.157394 0.260112 -0.952664 -0.116403 0.052173 -0.991831 -0.119262 0.227953 -0.966341 -0.107333 -0.125021 -0.986331 -0.068158 -0.245987 -0.966874 -0.058079 -0.221120 -0.973516 -0.109557 -0.250856 -0.961805 -0.090423 -0.112655 -0.989511 -0.054502 0.181311 -0.981914 -0.064521 0.545173 -0.835837 0.113697 0.743048 -0.659509 -0.107204 0.749105 -0.653720 0.382978 0.136278 -0.913650 -0.290056 0.157173 -0.944015 -0.915717 -0.098921 0.389457 0.909775 -0.405564 0.088467 -0.692755 -0.289203 -0.660645 -0.344015 -0.230151 -0.910321 -0.078420 -0.293549 -0.952722 0.106161 -0.282225 -0.953456 0.303579 -0.241571 -0.921674 0.805446 -0.299765 -0.511271 0.849581 -0.468151 -0.242995 0.958879 -0.282213 0.030115 0.924242 -0.315261 -0.215376 0.873576 -0.248449 -0.418495 -0.754292 -0.253883 -0.605464 0.254995 -0.207379 -0.944442 -0.446121 0.193606 0.873781 -0.307460 0.448705 0.839126 -0.229373 0.576744 0.784063 -0.793555 0.227222 0.564482 -0.949651 -0.235413 0.206746 0.362191 0.178626 0.914828 0.272819 0.470284 0.839287 0.245836 0.593974 0.766002 0.743666 0.222001 0.630616 0.937215 -0.252938 0.240106 0.626873 0.765730 -0.143834 0.132442 0.980465 -0.145424 0.083625 -0.974773 0.206940 0.372426 -0.910800 0.178163 0.864665 -0.498887 -0.058876 0.669245 0.659101 -0.343070 0.164032 0.933883 -0.317736 0.306031 0.922144 -0.236634 -0.426432 0.181695 0.886083 -0.122831 0.103282 0.987039 -0.013186 0.108386 0.994021 0.056623 0.111854 0.992110 0.155222 0.118907 0.980697 -0.655686 0.178738 0.733573 0.096931 -0.407483 -0.908054 0.348901 0.133903 0.927544 0.484135 0.150709 0.861917 0.878455 0.094747 0.468338 0.136203 -0.273784 -0.952098 -0.740287 -0.287151 -0.607881 -0.959693 -0.275703 -0.054569 -0.898014 -0.315858 0.306276 -0.656837 -0.319871 0.682824 -0.282168 -0.239911 0.928883 0.075468 -0.220899 0.972372 0.368155 -0.276490 0.887702 0.922150 -0.311161 0.229823 0.955854 -0.290409 -0.044786 0.929787 -0.301855 -0.210664 0.858623 -0.309338 -0.408751 0.175751 -0.007493 -0.984406 0.411457 -0.023784 0.911119 0.232127 -0.003642 0.972679 0.043098 0.012900 0.998988 -0.221942 0.029421 0.974616 0.502477 -0.364230 0.784126 0.152939 -0.972826 0.173836 0.379619 -0.915303 0.134574 -0.976906 -0.212998 0.016918 -0.933976 -0.347775 0.082104 0.079957 -0.996037 0.038938 0.129308 -0.283310 -0.950271 0.297934 -0.151590 -0.942473 0.159130 0.977962 -0.135158 0.329048 0.893878 0.304483 0.302678 0.706252 0.639996 0.138751 0.653830 0.743811 0.094827 0.613929 0.783644 0.014954 0.508737 0.860792 -0.110351 0.570650 0.813745 -0.140873 0.676949 0.722423 -0.230264 0.748830 0.621476 -0.263606 0.913243 0.310644 -0.144713 0.976844 -0.157585 0.016022 0.960050 -0.279370 -0.047058 0.969600 -0.240126 -0.879300 -0.109009 0.463625 0.889612 -0.171501 0.423294 -0.277190 0.268972 -0.922399 0.898607 0.034777 -0.437375 0.368569 0.256139 -0.893616 -0.884797 0.052188 -0.463046 -0.304127 0.443917 -0.842878 0.908122 0.243134 -0.340882 0.397329 0.437701 -0.806565 -0.904709 0.248150 -0.346298 0.893471 0.180712 -0.411160 0.368921 0.387649 -0.844764 -0.274106 0.396785 -0.876029 -0.880199 0.195195 -0.432607 -0.312598 0.258215 0.914116 -0.483594 0.096753 0.869929 0.011436 0.081020 0.996647 0.493378 0.083349 0.865812 0.320786 0.281567 0.904332 -0.411665 0.148858 0.899096 0.410261 0.133217 0.902186 -0.668486 0.082103 0.739179 -0.649883 -0.113587 0.751499 -0.006740 -0.292127 0.956356 0.632575 -0.144260 0.760945 0.656131 0.056834 0.752504 0.556377 0.231492 0.798033 0.034684 0.277196 0.960187 -0.567929 0.248328 0.784723 -0.463640 0.081674 0.882251 0.471436 0.072535 0.878912 0.694997 -0.250543 0.673949 -0.036156 -0.264872 0.963606 -0.692222 -0.224680 0.685819 -0.105337 -0.534500 0.838578 0.990576 0.105744 0.087046 0.090587 -0.147895 0.984846 -0.968573 0.108807 0.223669 -0.247200 -0.038380 0.968204 0.490447 0.254421 -0.833506 0.152487 0.314516 -0.936925 -0.147268 0.318258 -0.936496 -0.422742 0.260274 -0.868071 -0.823127 0.092172 0.560327 0.117734 -0.076377 -0.990104 0.081284 -0.101174 -0.991543 -0.030672 -0.112530 -0.993175 0.177890 -0.079500 -0.980834 0.972889 0.230473 -0.019231 0.688354 0.275344 0.671084 0.582394 0.269063 0.767087 0.415014 0.269549 0.868969 0.175323 0.224309 0.958617 0.002960 0.169030 0.985606 -0.176050 0.145395 0.973584 -0.634764 0.096503 0.766657 0.071907 -0.195396 0.978085 0.361549 -0.567068 -0.740079 -0.499816 -0.058489 0.864154 0.158125 -0.621650 -0.767169 -0.086014 -0.142135 0.986103 -0.060650 -0.497707 -0.865222 0.603041 -0.054862 0.795821 0.650785 -0.231233 0.723194 0.676194 -0.372142 0.635823 0.700841 0.123484 0.702548 0.743543 -0.239913 -0.624168 0.757801 -0.126433 -0.640119 0.800021 0.173385 -0.574372 0.813004 0.201270 -0.546365 0.861636 0.050044 -0.505053 0.836701 0.156982 -0.524679 0.891877 -0.201634 -0.404845 0.652474 -0.314924 -0.689275 0.705865 -0.186543 -0.683342 0.727783 -0.173422 -0.663519 0.754473 -0.140692 -0.641075 0.798257 -0.022622 -0.601892 0.834844 0.212306 -0.507900 0.814656 0.394551 -0.425048 0.833209 0.509789 -0.214193 0.696389 0.654140 0.295200 0.519236 0.584067 0.623907 0.577258 0.415500 0.702946 0.974218 -0.150558 -0.168025 0.959776 0.229833 -0.161264 -0.757896 -0.231103 -0.610069 -0.781528 -0.109922 -0.614111 -0.800631 0.167907 -0.575149 -0.764709 0.129326 -0.631265 -0.688703 -0.014876 -0.724891 -0.678500 0.263922 -0.685553 -0.779170 0.008333 -0.626758 -0.846003 -0.464681 -0.261439 -0.937871 -0.256001 -0.234223 -0.923477 -0.270268 -0.272296 -0.979231 0.092860 -0.180234 -0.957555 0.215033 -0.191960 -0.395803 -0.132266 -0.908760 -0.678067 -0.441222 -0.587833 -0.329530 -0.458302 -0.825451 -0.107572 -0.390813 -0.914163 0.090774 -0.389891 -0.916376 0.351384 -0.453779 -0.818910 0.671064 -0.456551 -0.584153 0.701296 -0.712856 0.004415 -0.096603 -0.275131 0.956541 0.064060 0.418145 -0.906119 0.061837 0.396556 -0.915925 0.057588 0.288310 -0.955804 0.060436 0.158994 -0.985428 0.049821 0.624455 -0.779471 -0.000179 0.973217 -0.229889 0.014659 0.696123 -0.717773 0.020591 0.479787 -0.877143 0.032863 0.193134 -0.980622 0.037291 -0.080935 -0.996022 0.036097 -0.257713 -0.965547 0.031159 -0.313710 -0.949008 0.026138 -0.223786 -0.974288 0.018595 -0.197674 -0.980091 0.005430 -0.067161 -0.997727 0.005404 0.213560 -0.976915 0.004301 0.062285 -0.998049 0.005391 0.333820 -0.942621 0.011062 0.261522 -0.965134 0.016153 0.046661 -0.998780 0.014022 -0.081268 -0.996594 0.010147 -0.224261 -0.974476 0.012181 -0.383334 -0.923530 0.019606 -0.648033 -0.761360 0.045258 -0.358913 0.932273 -0.808000 0.012892 -0.589041 -0.999946 0.007774 0.006960 -0.369695 -0.016619 0.929005 0.780420 0.032033 -0.624434 0.504776 -0.585933 -0.633943 0.394441 -0.483831 -0.781233 0.096016 -0.449928 -0.887888 0.231098 -0.377382 -0.896759 -0.032385 -0.319444 -0.947051 -0.250285 -0.258884 -0.932918 0.150030 -0.296833 -0.943070 0.243384 -0.258687 -0.934797 0.151213 -0.988117 -0.027542 0.007524 -0.999751 -0.021014 0.449420 -0.891474 -0.057411 0.861598 -0.501401 -0.079031 0.010237 -0.483911 0.875057 -0.111137 -0.509474 0.853279 0.112044 -0.608956 0.785251 0.013667 -0.598294 0.801160 0.394073 -0.555375 0.732301 0.760215 -0.415177 0.499702 0.404078 -0.829946 0.384592 0.010624 -0.897931 0.440008 0.143854 -0.904341 0.401837 0.156940 -0.872523 0.462680 0.237122 0.701391 -0.672178 0.296000 0.954068 0.046228 0.253901 0.964631 -0.070863 0.502715 0.858410 -0.102031 0.411974 0.909687 -0.052414 0.174757 0.886864 0.427705 0.503194 0.806913 0.309335 0.478191 0.840490 0.254774 0.281463 0.900380 0.331804 0.074573 0.977930 0.195169 0.281630 0.013569 -0.959427 0.038022 0.043545 -0.998328 0.034752 0.115829 -0.992661 0.372140 0.406389 0.834482 0.028555 0.408666 0.912237 -0.105412 0.367504 0.924029 -0.158794 0.562254 0.811575 -0.053217 0.635838 0.769985 -0.031335 0.704606 0.708906 0.247687 0.750129 -0.613154 0.338701 0.548393 -0.764557 0.559138 0.252763 -0.789605 0.854897 -0.346400 -0.386209 0.307631 -0.857276 0.412846 -0.112821 -0.919784 0.375858 0.020898 -0.980885 -0.193462 -0.010958 -0.983779 -0.179050 0.094108 -0.977665 -0.187921 -0.008808 -0.999960 0.001565 -0.233332 0.189046 -0.953844 -0.142251 0.765665 -0.627313 -0.086839 0.992769 -0.082881 -0.044088 0.960093 0.276185 -0.019642 0.686301 0.727052 -0.075820 0.353047 0.932528 -0.347349 -0.026529 0.937361 0.201631 0.038510 -0.978704 0.244556 0.364849 -0.898375 0.277825 0.915456 -0.291124 0.252586 0.967434 -0.016465 0.161730 0.848382 0.504075 0.061475 0.498029 0.864979 0.005149 -0.027016 0.999622 0.002929 -0.601752 0.798678 0.022547 -0.914252 0.404519 0.044906 -0.998168 -0.040542 0.099828 -0.842468 -0.529416 0.137907 -0.403386 -0.904578 -0.354878 0.293124 0.887773 0.058147 0.469629 0.880947 0.172691 0.677641 0.714829 0.126051 0.954217 0.271259 0.098498 0.982842 -0.155946 -0.014782 0.711719 -0.702309 -0.168235 0.116834 -0.978799 0.300261 0.593036 0.747096 0.307572 0.897193 0.316929 0.252482 0.948379 -0.191911 0.129950 0.691674 -0.710422 -0.006419 0.118597 -0.992922 0.058044 0.920842 0.385592 0.536892 0.766883 0.351621 0.870039 -0.477260 0.123515 0.306864 -0.935517 0.175047 0.562130 0.477966 -0.674951 0.837591 -0.546188 0.010896 0.300362 -0.859566 0.413436 0.228426 0.699922 -0.676705 0.635321 0.430732 -0.640966 0.761265 -0.639238 -0.108864 0.297182 -0.859890 0.415058 0.123860 0.925302 -0.358434 0.207764 0.732628 -0.648144 0.067618 0.376700 0.923864 -0.040496 0.816639 0.575727 0.032669 0.414934 0.909265 0.039658 -0.106847 0.993484 -0.037116 -0.662810 0.747867 -0.118004 -0.935206 0.333864 -0.186717 -0.974713 -0.122762 -0.257120 -0.777056 -0.574520 -0.280180 -0.333293 -0.900231 -0.288945 0.160839 -0.943738 -0.275471 0.477616 -0.834265 -0.184561 0.954409 -0.234608 -0.135807 0.988570 0.065469 -0.431732 0.172063 0.885439 -0.571899 -0.664225 0.481391 0.132420 -0.868566 -0.477555 0.845003 0.028487 -0.534002 0.348415 0.798482 0.490952 0.162625 -0.919689 0.357386 0.130777 -0.687498 0.714314 0.042445 0.543192 0.838535 0.015177 0.887059 0.461406 -0.059142 0.543186 0.837527 -0.041789 0.952768 0.300811 0.039271 0.974748 -0.219825 0.057392 0.782415 -0.620108 0.025553 0.446093 -0.894622 0.186660 -0.897765 -0.398968 0.254207 -0.950857 0.176774 0.289443 -0.955352 0.059382 0.266948 -0.927122 0.263027 0.107902 -0.512631 0.851802 -0.082590 0.581081 0.809644 -0.054203 0.951722 0.302138 0.028959 0.971760 -0.234187 0.047506 0.772841 -0.632819 0.048651 0.241859 -0.969091 0.210349 -0.911711 -0.352897 0.265331 -0.952416 0.150013 0.306379 -0.950323 0.054943 0.276528 -0.914759 0.294530 0.092847 -0.445114 0.890647 0.270548 0.600953 0.752103 0.305425 0.902578 0.303428 0.319658 0.924089 -0.209470 0.243694 0.724874 -0.644338 0.094505 0.197894 -0.975657 -0.089481 -0.847921 -0.522516 0.005014 -0.999707 -0.023662 0.093283 -0.995020 0.035123 0.157198 -0.922419 0.352749 0.279098 -0.215400 0.935792 0.081782 0.995188 -0.053970 0.083082 0.982067 -0.169238 0.206918 0.776505 -0.595168 0.206523 0.759783 -0.616504 0.278928 0.669155 -0.688790 0.151660 0.180350 -0.971840 -0.233063 -0.955468 -0.181003 -0.224671 -0.857450 0.462929 0.010165 -0.896065 0.443807 0.022742 -0.907123 0.420250 0.149415 -0.985973 0.074377 0.150273 -0.986476 0.065442 -0.444823 0.793712 0.414915 -0.539220 0.266997 -0.798721 0.106983 -0.513505 -0.851391 0.557761 -0.773530 0.300921 0.174461 0.162076 0.971234 -0.155866 0.598761 0.785615 0.120286 -0.785622 0.606902 0.120749 -0.992521 -0.017916 -0.057091 -0.998280 -0.013329 -0.053139 -0.994736 0.087621 -0.056888 -0.939563 0.337617 -0.095794 -0.944825 0.313255 -0.187477 -0.962436 0.196389 -0.035068 -0.857776 -0.512826 -0.131400 0.327403 -0.935704 -0.263091 0.779860 -0.567980 -0.350007 0.749489 -0.561926 -0.355878 0.746082 -0.562771 -0.321233 0.886180 -0.333909 -0.331745 0.942963 -0.027687 -0.215220 0.852107 0.477068 0.137738 0.469132 0.872321 -0.136144 -0.568801 0.811129 -0.354938 -0.915561 0.189123 -0.409142 -0.912198 -0.022320 -0.395559 -0.915667 0.071321 -0.309838 -0.815390 -0.489019 0.010778 0.561803 -0.827201 0.036494 0.832145 -0.553356 0.087156 0.986762 -0.136762 0.161348 0.910510 0.380707 0.168145 0.474935 0.863808 -0.123875 -0.550163 0.825818 -0.374177 -0.905501 0.200148 -0.437291 -0.899124 -0.018781 -0.409843 -0.911117 0.043532 -0.317725 -0.793419 -0.519170 -0.006812 0.415602 -0.909521 0.051976 0.824089 -0.564070 0.097154 0.979684 -0.175446 0.173399 0.914161 0.366391 -0.380695 -0.146787 0.912976 -0.321252 -0.912779 0.252252 -0.155072 -0.986950 -0.043397 -0.000114 -0.997551 -0.069942 0.178726 -0.796540 -0.577564 -0.073059 0.409489 -0.909385 -0.262076 0.827642 -0.496311 -0.331030 0.942650 -0.042785 -0.329954 0.857950 0.393767 -0.330430 0.566631 0.754815 -0.164170 -0.985811 0.034992 0.155622 -0.983302 0.094337 0.135134 -0.804474 -0.578412 -0.170078 -0.869759 -0.463243 0.142552 -0.817163 0.558501 0.084655 -0.702093 0.707035 -0.310936 -0.828520 0.465697 -0.175718 -0.859385 0.480187 0.277358 -0.793114 0.542257 0.356995 -0.661493 0.659532 -0.087386 -0.701489 0.707302 -0.118227 -0.602625 0.789218 0.013565 -0.818759 -0.573977 0.005386 -0.994446 0.105109 0.415035 -0.902033 0.118667 0.372944 -0.761286 -0.530430 -0.003878 -0.824816 -0.565388 0.280147 -0.749257 -0.600110 0.166924 -0.859033 -0.483941 0.044879 -0.840832 -0.539432 0.473006 0.277833 -0.836107 0.310216 0.281447 0.908049 -0.433826 -0.058443 0.899099 -0.592375 0.803752 -0.055449 -0.545065 0.452860 -0.705565 -0.412774 0.167021 -0.895389 0.329670 0.941588 -0.068772 -0.029129 0.200583 0.979243 0.322489 0.748139 0.579904 -0.157705 0.792587 0.589012 -0.565528 0.566414 0.599461 0.441626 0.636791 -0.632031 -0.088187 0.694781 -0.713795 0.007627 0.346013 -0.938199 -0.174039 0.980025 -0.096235 0.049663 0.276361 0.959770 0.032679 0.802789 0.595366 0.036342 0.994506 -0.098174 0.109926 0.701728 -0.703913 0.138867 0.343201 -0.928940 0.027424 -0.853198 -0.520866 -0.034413 -0.614291 0.788329 -0.011792 -0.718624 0.695299 0.068445 -0.992360 0.102650 0.058721 -0.819917 -0.569463 0.050782 -0.864436 -0.500172 0.043483 0.246319 0.968213 -0.040981 0.810252 0.584647 -0.057083 0.993260 -0.100880 0.019225 0.711142 -0.702786 0.080722 0.342262 -0.936131 0.129662 -0.846545 -0.516284 -0.252355 0.758192 0.601217 -0.257698 0.963516 -0.072312 -0.176432 0.685296 -0.706570 -0.064056 0.371518 -0.926214 0.225362 -0.760378 0.609128 0.150851 -0.681649 0.715960 0.205040 -0.976362 0.068379 0.182684 -0.783359 -0.594117 0.261346 -0.799412 -0.540961 -0.111401 0.135597 0.984481 -0.027532 0.886532 -0.461848 0.063665 0.880087 -0.470525 0.362825 0.830264 -0.423106 0.368592 -0.806952 0.461485 -0.030191 -0.878136 0.477457 0.037661 -0.887595 0.459083 0.121282 -0.884667 0.450171 0.172001 -0.887949 0.426571 -0.203075 -0.936592 0.285580 -0.547055 0.714271 -0.436519 -0.221329 0.869649 -0.441276 -0.138874 0.878581 -0.456956 0.023126 0.948767 0.315129 0.317749 0.893351 0.317741 0.419819 -0.866841 -0.268957 0.018509 -0.949929 -0.311917 0.077740 -0.949802 -0.303038 0.159519 -0.942395 -0.294015 0.208826 -0.935743 -0.284212 -0.150133 -0.964867 -0.215618 -0.614726 0.725078 0.310441 -0.270413 0.913638 0.303550 -0.182671 0.937150 0.297291 -0.065841 0.950469 0.303766 0.047719 0.610028 0.790942 0.305499 0.575527 0.758577 0.353933 -0.617531 -0.702415 0.004457 -0.660546 -0.750772 0.039451 -0.651335 -0.757764 0.116120 -0.610305 -0.783609 0.167026 -0.546817 -0.820423 -0.180650 -0.685639 -0.705170 -0.527042 0.288687 0.799304 -0.220245 0.531865 0.817687 -0.117834 0.589463 0.799155 -0.003172 0.617034 0.786930 0.164179 -0.985808 0.035041 -0.155625 -0.983297 0.094387 -0.135134 -0.804502 -0.578373 0.170079 -0.869783 -0.463196 -0.142553 -0.817134 0.558543 -0.084657 -0.702059 0.707069 0.310936 -0.828498 0.465736 0.175716 -0.859362 0.480229 -0.277360 -0.793086 0.542298 -0.356995 -0.661459 0.659566 0.087382 -0.701453 0.707338 0.118225 -0.602587 0.789248 -0.013566 -0.818787 -0.573938 -0.005389 -0.994441 0.105156 -0.415040 -0.902026 0.118708 -0.372949 -0.761311 -0.530392 0.003877 -0.824843 -0.565348 -0.280150 -0.749283 -0.600075 -0.166923 -0.859058 -0.483897 -0.044877 -0.840860 -0.539389 -0.473006 0.277792 -0.836120 -0.310217 0.281495 0.908034 0.433824 -0.058399 0.899103 0.592375 0.803750 -0.055488 0.545068 0.452820 -0.705588 0.412777 0.166975 -0.895396 -0.329666 0.941586 -0.068818 0.029128 0.200632 0.979234 -0.322490 0.748169 0.579865 0.157705 0.792617 0.588971 0.565528 0.566444 0.599432 -0.441624 0.636762 -0.632062 0.088189 0.694745 -0.713829 -0.007625 0.345967 -0.938216 0.174039 0.980020 -0.096284 -0.049663 0.276409 0.959756 -0.032678 0.802820 0.595325 -0.036337 0.994501 -0.098221 -0.109924 0.701694 -0.703948 -0.138864 0.343157 -0.928956 -0.027426 -0.853224 -0.520824 0.034410 -0.614253 0.788358 0.011789 -0.718589 0.695336 -0.068447 -0.992355 0.102699 -0.058721 -0.819945 -0.569423 -0.050781 -0.864461 -0.500129 -0.043485 0.246369 0.968200 0.040981 0.810282 0.584605 0.057083 0.993255 -0.100930 -0.019223 0.711107 -0.702822 -0.080720 0.342215 -0.936148 -0.129663 -0.846572 -0.516240 0.252356 0.758223 0.601178 0.257697 0.963512 -0.072359 0.176434 0.685260 -0.706604 0.064059 0.371473 -0.926231 -0.225365 -0.760348 0.609165 -0.150853 -0.681613 0.715993 -0.205039 -0.976359 0.068429 -0.182682 -0.783390 -0.594078 -0.261343 -0.799441 -0.540920 0.111400 0.135647 0.984474 0.027534 0.886509 -0.461891 -0.063662 0.880065 -0.470566 -0.362823 0.830246 -0.423145 -0.368594 -0.806929 0.461523 0.030187 -0.878112 0.477501 -0.037664 -0.887571 0.459129 -0.121284 -0.884645 0.450215 -0.172002 -0.887927 0.426615 0.203081 -0.936577 0.285625 0.547053 0.714248 -0.436558 0.221328 0.869626 -0.441322 0.138875 0.878558 -0.457001 -0.023123 0.948784 0.315078 -0.317748 0.893368 0.317693 -0.419823 -0.866852 -0.268916 -0.018510 -0.949944 -0.311872 -0.077741 -0.949817 -0.302993 -0.159521 -0.942409 -0.293969 -0.208825 -0.935758 -0.284165 0.150135 -0.964878 -0.215569 0.614724 0.725094 0.310408 0.270413 0.913652 0.303506 0.182671 0.937164 0.297244 0.065841 0.950485 0.303716 -0.047719 0.610067 0.790912 -0.305498 0.575565 0.758549 -0.353936 -0.617565 -0.702384 -0.004458 -0.660585 -0.750738 -0.039451 -0.651374 -0.757731 -0.116119 -0.610345 -0.783578 -0.167024 -0.546858 -0.820396 0.180650 -0.685675 -0.705135 0.527043 0.288727 0.799289 0.220244 0.531906 0.817660 0.117833 0.589503 0.799125 0.003172 0.617074 0.786899 -0.861875 0.137457 0.488137 -0.952163 0.278443 0.125921 -0.886796 0.212468 -0.410427 -0.081293 0.253259 -0.963977 0.491641 0.273382 -0.826772 0.980836 0.062566 0.184515 0.877219 -0.028570 0.479239 -0.838980 0.353163 0.413992 -0.829188 0.519462 0.206415 -0.706551 0.702100 -0.088557 0.278057 0.846195 -0.454576 0.662336 0.684741 0.304041 -0.991642 -0.020602 -0.127363 -0.759138 0.029785 -0.650247 0.532502 0.086304 -0.842017 0.990980 0.003450 0.133964 0.527297 0.075807 -0.846293 -0.198491 -0.203234 0.958800 -0.535597 -0.597621 0.596644 -0.997563 0.035660 -0.059963 -0.580779 -0.022540 -0.813749 0.892458 -0.198220 0.405249 -0.871733 0.200718 0.446983 0.867924 -0.123131 0.481194 -0.481586 -0.383331 0.788120 0.767556 0.515415 0.381058 0.912687 0.221146 0.343651 0.999005 0.038540 0.022424 0.558844 0.040968 -0.828260 -0.980428 0.125080 -0.152043 -0.772309 0.104041 -0.626669 0.200356 -0.924783 -0.323470 -0.079885 -0.717513 -0.691949 -0.164179 -0.977124 -0.135183 -0.682285 0.702221 0.203401 0.768970 0.583997 0.260063 0.978620 0.138709 0.151862 -0.075197 -0.996453 0.037767 -0.216630 -0.975912 0.025844 -0.897453 0.408260 0.167038 -0.122598 -0.991648 -0.040039 0.045880 -0.998661 -0.023918 0.948063 0.004714 0.318047 -0.141548 -0.986432 0.083161 -0.299030 -0.950877 0.080088 -0.664842 0.438294 0.604883 0.192663 0.471181 0.860738 0.817580 0.012368 0.575682 -0.373013 -0.867611 0.328804 -0.125079 -0.469567 0.873992 -0.071764 -0.938953 0.336476 0.756814 0.592008 0.277057 0.244636 0.922574 0.298348 -0.505347 0.834854 0.218273 -0.843076 0.431079 0.321548 -0.159585 0.097071 0.982400 -0.039759 0.644732 0.763374 0.170520 0.936256 0.307161 -0.805899 -0.317114 -0.499965 -0.852566 0.235907 -0.466347 0.887451 0.007291 0.460844 0.984746 -0.144097 0.097523 -0.149785 -0.763006 0.628798 0.675714 -0.354197 0.646494 0.953033 -0.292416 0.078876 0.477473 0.165236 -0.862970 -0.056749 0.142152 -0.988217 0.984087 -0.043939 -0.172169 0.902109 0.143827 -0.406834 0.984525 0.064574 0.162913 0.441640 -0.212065 -0.871770 0.636251 -0.276298 -0.720308 0.854015 -0.049451 -0.517893 -0.664179 -0.177132 0.726285 -0.174440 -0.718740 0.673040 -0.071256 -0.732344 0.677196 -0.114102 0.075729 -0.990578 -0.317040 -0.344834 -0.883502 -0.118293 -0.177222 -0.977036 -0.129914 0.863315 -0.487657 0.502266 0.054469 -0.862996 0.821873 -0.135298 0.553370 -0.207566 -0.205619 0.956367 -0.080264 0.024429 -0.996474 -0.129377 0.088080 -0.987676 -0.125703 0.097408 -0.987274 -0.560392 -0.122968 0.819048 -0.581411 0.595105 0.554807 0.912466 0.195588 -0.359376 0.630566 0.761180 -0.151633 -0.654749 0.169444 0.736609 -0.987858 0.148367 0.046082 -0.954010 0.149742 -0.259696 -0.138401 -0.056592 -0.988758 0.443369 0.090296 -0.891779 0.927879 0.186978 -0.322613 0.783347 0.460568 0.417426 0.503392 0.561468 0.656772 -0.268437 0.335796 0.902875 -0.497033 -0.380129 -0.780039 -0.935754 -0.239149 -0.259177 -0.877155 -0.070128 0.475059 -0.203167 -0.077920 0.976039 -0.513639 -0.088984 0.853380 0.747004 0.054522 -0.662580 0.981702 0.106104 -0.158126 0.981954 0.117704 0.148026 0.510894 -0.444290 -0.735930 0.931911 -0.311594 -0.185612 -0.934591 0.269876 -0.231746 0.973824 0.010416 0.227063 0.985962 -0.016860 -0.166119 0.698828 -0.062867 -0.712521 0.725628 0.051028 0.686192 -0.995363 -0.095447 0.011907 -0.956729 0.284431 0.061389 -0.294777 0.385347 0.874422 0.065673 0.368958 0.927123 0.697880 0.227568 0.679100 -0.680687 0.163700 -0.714050 -0.628996 0.050840 -0.775745 -0.960894 0.143653 -0.236743 -0.894853 0.091922 0.436793 -0.969934 0.113905 0.215065 -0.798858 -0.600311 0.038123 0.909630 -0.176720 0.375957 0.594413 -0.092711 0.798797 -0.033508 0.146584 0.988631 -0.425705 0.150446 0.892268 -0.989390 0.131557 0.061645 0.719872 0.154616 -0.676667 0.963382 0.218852 -0.154915 0.876790 0.328857 0.350846 -0.223437 0.499054 0.837270 0.140760 0.469213 0.871795 -0.911434 0.380078 -0.157575 -0.717144 0.265643 -0.644313 -0.821230 0.482114 0.305200 -0.234669 -0.234785 0.943296 0.805798 -0.132567 0.577162 0.982975 -0.082102 0.164373 -0.959387 -0.127129 -0.251824 -0.965131 -0.218543 0.144085 0.527753 0.085708 -0.845063 -0.068839 0.065772 -0.995457 -0.637124 -0.008291 -0.770717 -0.823998 0.532693 0.193040 -0.956631 0.291095 -0.011022 -0.142796 -0.989747 -0.003310 0.004884 -0.999966 0.006663 0.984959 0.131122 0.112533 0.807627 0.508825 0.298053 0.050319 0.879892 0.472502 -0.613915 -0.089379 -0.784296 -0.393966 0.842574 -0.367233 -0.496042 0.186867 -0.847952 -0.490448 0.099790 -0.865738 -0.470553 -0.216350 -0.855437 0.038523 0.121634 -0.991827 0.070627 0.034608 -0.996902 0.071822 -0.065338 -0.995275 0.031223 -0.430402 -0.902097 0.984126 -0.101169 -0.145808 -0.985032 0.069649 -0.157673 0.958032 -0.014252 0.286306 -0.112672 0.015826 0.993506 -0.482555 0.037584 0.875059 -0.990358 0.094366 0.101422 -0.590782 -0.014522 -0.806700 0.058474 -0.129868 -0.989806 0.639401 -0.117663 -0.759817 0.985076 -0.038145 -0.167837 -0.868044 0.071590 0.491299 -0.860792 0.142711 0.488539 -0.787194 0.330958 0.520377 -0.812995 0.419629 0.403671 -0.915271 0.285983 0.283712 0.395890 0.761881 0.512648 0.415597 -0.181190 0.891319 0.422875 -0.541030 0.726955 0.229852 -0.692833 0.683484 0.367603 0.896062 -0.248880 -0.275075 0.889444 -0.364998 -0.964349 0.250487 -0.085360 -0.965123 0.158926 -0.208037 -0.771779 0.095124 -0.628735 -0.098143 0.046228 -0.994098 0.590056 -0.021297 -0.807081 0.999094 -0.006960 -0.041980 0.997754 0.031200 0.059278 0.988292 -0.025490 0.150428 0.909353 -0.180341 0.374905 0.755948 -0.191193 0.626089 0.061881 0.027669 0.997700 -0.730473 0.234404 0.641454 -0.864624 0.332341 0.376795 -0.933951 0.334586 0.125649 0.678699 -0.017195 0.734215 -0.975029 0.113883 -0.190654 -0.851995 0.059839 0.520119 -0.476365 0.039521 0.878359 -0.139857 0.029777 0.989724 0.621945 0.001534 0.783059 0.924540 -0.037940 0.379192 0.644957 -0.186431 -0.741130 0.057171 -0.185978 -0.980889 -0.566550 -0.078267 -0.820302 -0.988466 0.069006 0.134810 0.913676 -0.137509 0.382476 0.601022 -0.021405 0.798946 -0.178841 0.026213 0.983529 -0.480868 0.030915 0.876248 -0.855852 0.020487 0.516815 -0.993369 -0.022047 0.112840 -0.989047 -0.050228 -0.138793 -0.534721 -0.174563 -0.826802 0.068751 -0.243210 -0.967534 0.593997 -0.305407 -0.744240 0.953663 -0.250602 -0.166509 -0.561749 0.126156 0.817632 0.352859 0.219643 0.909532 0.857368 0.134030 0.496947 0.950145 0.221271 0.219688 0.890621 0.349533 -0.290896 0.481818 0.480505 -0.732780 -0.117057 0.453569 -0.883500 -0.507660 0.354804 -0.785109 -0.953119 0.114760 -0.279992 -0.992574 -0.063481 0.103760 -0.947583 -0.110959 0.299625 -0.891311 -0.045567 0.451096 0.344980 0.453292 0.821897 0.341131 0.327942 0.880956 0.339799 0.106943 0.934398 0.310906 -0.008915 0.950399 0.286361 0.013920 0.958021 0.250906 0.014678 0.967900 0.194756 -0.079633 0.977614 0.242953 0.554610 0.795853 0.025422 0.880530 -0.473307 -0.129007 0.740881 0.659130 -0.145697 0.203990 0.968071 -0.087172 -0.212069 0.973359 -0.024255 -0.582833 0.812230 0.270606 -0.694967 0.666178 0.269191 -0.182290 0.945678 0.283923 -0.179243 0.941945 0.307068 -0.193932 0.931718 0.381832 0.054306 0.922635 0.442865 0.546055 0.711122 0.442411 0.772753 0.455111 0.506670 0.805707 0.306792 0.551353 0.786496 0.278267 0.501672 0.308583 0.808147 0.387730 -0.071977 0.918959 -0.048265 -0.754224 0.654841 0.281850 -0.958757 -0.036679 0.152428 -0.985389 0.075983 -0.052772 -0.972868 0.225261 -0.000816 -0.930755 0.365642 -0.000697 -0.982663 0.185398 -0.179087 -0.977150 -0.114483 -0.324176 -0.804708 -0.497348 -0.267878 -0.203260 -0.941768 -0.419051 -0.389751 -0.820055 -0.037527 -0.519928 -0.853385 0.383507 -0.538584 -0.750233 0.438335 -0.483602 -0.757622 0.285213 -0.729178 -0.622055 0.182505 -0.957173 -0.224747 -0.062035 -0.961501 0.267708 -0.347115 -0.659171 0.667087 -0.319497 0.093434 0.942970 -0.199963 0.498402 0.843570 -0.146074 0.953795 0.262558 -0.319028 0.910307 0.263745 -0.499195 0.776746 0.384018 -0.633972 0.505273 0.585473 -0.732445 0.046402 0.679243 -0.946508 0.262788 0.187256 -0.977740 -0.012141 0.209467 -0.964195 -0.176144 0.198247 0.914159 0.024157 -0.404635 0.960643 0.028182 -0.276354 0.952441 -0.008775 -0.304597 0.943250 -0.058258 -0.326932 0.066705 -0.996344 -0.053384 0.949709 0.015674 -0.312740 0.983978 -0.073191 0.162573 -0.972735 -0.147578 -0.178905 -0.682708 -0.077248 -0.726597 -0.725792 -0.199855 0.658243 -0.715730 -0.274213 0.642291 0.764900 0.478451 0.431292 0.546817 0.670720 0.501125 0.261157 0.805887 0.531359 -0.051899 0.858187 0.510707 -0.443560 0.772225 0.454888 0.861848 0.137456 0.488184 0.952156 0.278444 0.125966 0.886811 0.212480 -0.410388 0.081348 0.253339 -0.963951 -0.491596 0.273454 -0.826774 -0.980846 0.062577 0.184462 -0.877245 -0.028561 0.479192 0.838946 0.353476 0.413793 0.828680 0.520230 0.206517 0.706486 0.702167 -0.088534 -0.278195 0.846117 -0.454636 -0.662463 0.684617 0.304044 0.991642 -0.020574 -0.127371 0.759160 0.029759 -0.650224 -0.532478 0.086301 -0.842033 -0.990980 0.003412 0.133969 -0.527252 0.075805 -0.846321 0.198437 -0.203234 0.958811 0.535561 -0.597623 0.596675 0.997567 0.035658 -0.059910 0.580823 -0.022543 -0.813718 -0.892481 -0.198217 0.405202 0.871709 0.200718 0.447029 -0.867948 -0.123124 0.481152 0.481541 -0.383331 0.788147 -0.767463 0.515503 0.381126 -0.912707 0.221511 0.343365 -0.999121 0.036156 0.021201 -0.560086 0.039071 -0.827512 0.980412 0.125093 -0.152133 0.772314 0.104045 -0.626662 -0.202276 -0.925352 -0.320638 0.080117 -0.717482 -0.691954 0.164179 -0.977124 -0.135182 0.682596 0.701877 0.203548 -0.768159 0.584850 0.260543 -0.978488 0.139508 0.151980 0.074296 -0.996525 0.037647 0.215865 -0.976088 0.025588 0.897856 0.407363 0.167062 0.122571 -0.991659 -0.039855 -0.045867 -0.998662 -0.023878 -0.947946 0.004874 0.318394 0.140358 -0.986881 0.079786 0.297848 -0.951524 0.076737 0.665933 0.434623 0.606331 -0.191410 0.467764 0.862878 -0.817118 0.011176 0.576363 0.371840 -0.869617 0.324809 0.124822 -0.473685 0.871804 0.070506 -0.940481 0.332451 -0.755797 0.592391 0.279007 -0.243098 0.922023 0.301292 0.506455 0.833598 0.220494 0.843880 0.428868 0.322395 0.159589 0.097766 0.982330 0.039760 0.646509 0.761869 -0.169370 0.936213 0.307928 0.805925 -0.317118 -0.499921 0.852597 0.235923 -0.466281 -0.887492 0.007269 0.460767 -0.984752 -0.144094 0.097470 0.149747 -0.763005 0.628808 -0.675750 -0.354193 0.646459 -0.953038 -0.292412 0.078826 -0.477412 0.165305 -0.862990 0.056812 0.142214 -0.988204 -0.984078 -0.043936 -0.172222 -0.902084 0.143866 -0.406875 -0.984534 0.064583 0.162857 -0.441593 -0.212065 -0.871794 -0.636214 -0.276298 -0.720341 -0.853987 -0.049448 -0.517940 0.664138 -0.177133 0.726323 0.174401 -0.718738 0.673053 0.071217 -0.732343 0.677202 0.114156 0.075727 -0.990572 0.317087 -0.344837 -0.883484 0.118345 -0.177223 -0.977029 0.129753 0.863342 -0.487652 -0.502219 0.054470 -0.863023 -0.821900 -0.135289 0.553333 0.207514 -0.205620 0.956378 0.080305 0.024408 -0.996471 0.129406 0.088075 -0.987673 0.125856 0.097215 -0.987274 0.560347 -0.122966 0.819079 0.581436 0.595132 0.554753 -0.912449 0.195635 -0.359393 -0.630485 0.761216 -0.151787 0.655156 0.169158 0.736313 0.987908 0.147983 0.046245 0.954059 0.149739 -0.259517 0.138361 -0.056703 -0.988757 -0.443167 0.090683 -0.891841 -0.927908 0.186665 -0.322713 -0.783425 0.460469 0.417388 -0.503387 0.561090 0.657099 0.268528 0.335641 0.902906 0.496551 -0.381686 -0.779585 0.935134 -0.240739 -0.259940 0.877395 -0.070810 0.474514 0.203274 -0.078685 0.975955 0.513771 -0.089697 0.853225 -0.746985 0.054515 -0.662602 -0.981701 0.106108 -0.158127 -0.981956 0.117692 0.148025 -0.509966 -0.445520 -0.735830 -0.931516 -0.312472 -0.186115 0.934603 0.269830 -0.231751 -0.973836 0.010440 0.227012 -0.985960 -0.016850 -0.166132 -0.698805 -0.062874 -0.712544 -0.725705 0.051128 0.686104 0.995299 -0.096188 0.011265 0.956744 0.284379 0.061405 0.294765 0.385313 0.874441 -0.065683 0.368940 0.927130 -0.697895 0.227548 0.679091 0.680669 0.163620 -0.714086 0.628974 0.050697 -0.775771 0.960907 0.143562 -0.236746 0.894866 0.091531 0.436850 0.969923 0.113900 0.215118 0.798853 -0.600315 0.038169 -0.909714 -0.177278 0.375491 -0.594394 -0.093422 0.798729 0.033561 0.146682 0.988614 0.425762 0.150436 0.892242 0.989397 0.131496 0.061661 -0.719870 0.154617 -0.676669 -0.963385 0.218848 -0.154902 -0.876786 0.328831 0.350881 0.223399 0.499024 0.837298 -0.140775 0.469173 0.871813 0.911440 0.380054 -0.157595 0.717146 0.265661 -0.644302 0.821245 0.482090 0.305199 0.234616 -0.234785 0.943309 -0.805829 -0.132564 0.577120 -0.982985 -0.082098 0.164321 0.959400 -0.127134 -0.251771 0.965122 -0.218547 0.144138 -0.527706 0.085710 -0.845092 0.068893 0.065771 -0.995454 0.637165 -0.008294 -0.770682 0.824061 0.532869 0.192285 0.956694 0.290877 -0.011287 0.142461 -0.989798 -0.002368 -0.005118 -0.999959 0.007408 -0.985236 0.130335 0.111013 -0.807141 0.509981 0.297393 -0.049846 0.880810 0.470838 0.613892 -0.089418 -0.784309 0.393880 0.842629 -0.367198 0.496078 0.186892 -0.847926 0.490484 0.099830 -0.865713 0.470599 -0.216353 -0.855411 -0.038504 0.121661 -0.991825 -0.070624 0.034599 -0.996903 -0.071816 -0.065416 -0.995270 -0.030701 -0.431663 -0.901512 -0.924584 -0.038326 0.379046 -0.622125 0.001411 0.782917 0.140178 0.029703 0.989681 0.476492 0.039453 0.878293 0.988480 0.068863 0.134780 0.566281 -0.078562 -0.820460 -0.057104 -0.186114 -0.980867 -0.644722 -0.186775 -0.741248 -0.678855 -0.017285 0.734069 0.975034 0.113818 -0.190669 0.852013 0.059762 0.520098 0.860814 0.142659 0.488516 0.787201 0.330913 0.520395 0.813513 0.418831 0.403457 0.915256 0.285981 0.283762 -0.395628 0.762106 0.512516 -0.415652 -0.181176 0.891296 -0.422914 -0.541028 0.726933 -0.229891 -0.692831 0.683473 -0.367778 0.896080 -0.248556 0.275397 0.889361 -0.364956 0.964399 0.250245 -0.085510 0.965119 0.158886 -0.208087 0.771779 0.095124 -0.628736 0.098370 0.046306 -0.994072 -0.589877 -0.021187 -0.807215 -0.998986 -0.007128 -0.044456 -0.997891 0.031249 0.056902 -0.988357 -0.025139 0.150063 -0.909391 -0.180714 0.374633 -0.755830 -0.192797 0.625740 -0.061234 0.023303 0.997851 0.731265 0.230415 0.641998 0.865334 0.329659 0.377521 0.934370 0.333390 0.125712 0.868022 0.071567 0.491342 0.482609 0.037628 0.875027 0.112802 0.015978 0.993489 -0.958039 -0.014274 0.286282 -0.985077 -0.038127 -0.167840 -0.639460 -0.117590 -0.759779 -0.058511 -0.129824 -0.989809 0.590836 -0.014508 -0.806662 0.990360 0.094328 0.101434 -0.984033 -0.101679 -0.146083 0.985051 0.069448 -0.157644 -0.913474 -0.137369 0.383009 -0.601136 -0.021338 0.798862 0.179071 0.026011 0.983492 0.480853 0.030851 0.876258 0.855481 0.020449 0.517430 0.993319 -0.022063 0.113273 0.989082 -0.050078 -0.138598 0.534787 -0.174480 -0.826777 -0.068801 -0.243211 -0.967530 -0.594002 -0.305373 -0.744250 -0.953812 -0.250434 -0.165905 0.561740 0.126223 0.817628 -0.352925 0.219663 0.909501 -0.857397 0.134036 0.496895 -0.950150 0.221276 0.219665 -0.890589 0.349527 -0.291001 -0.481794 0.480482 -0.732811 0.117014 0.453569 -0.883506 0.507667 0.354783 -0.785113 0.953113 0.114782 -0.280002 0.992575 -0.063344 0.103834 0.947569 -0.110548 0.299822 0.891297 -0.045306 0.451150 -0.345006 0.453239 0.821916 -0.341178 0.327916 0.880947 -0.339828 0.107104 0.934369 -0.311142 -0.008854 0.950322 -0.286530 0.013815 0.957971 -0.251043 0.014523 0.967867 -0.194345 -0.080430 0.977630 -0.243288 0.553874 0.796263 -0.025770 0.880491 -0.473362 0.128824 0.741163 0.658849 0.145645 0.203995 0.968077 0.087119 -0.212066 0.973364 0.024209 -0.582832 0.812232 -0.270643 -0.694965 0.666165 -0.269243 -0.182288 0.945663 -0.283974 -0.179241 0.941930 -0.307119 -0.193925 0.931703 -0.382050 0.054605 0.922527 -0.442884 0.547405 0.710071 -0.441845 0.773827 0.453833 -0.505623 0.806139 0.307385 -0.550108 0.786453 0.280844 -0.500693 0.305930 0.809762 -0.387297 -0.075447 0.918863 0.047402 -0.757229 0.651427 -0.281851 -0.958756 -0.036693 -0.152436 -0.985389 0.075977 0.052757 -0.972868 0.225266 0.000792 -0.930754 0.365645 0.000683 -0.982663 0.185401 0.179089 -0.977151 -0.114470 0.324199 -0.804711 -0.497328 0.267927 -0.203261 -0.941754 0.419094 -0.389755 -0.820031 0.037571 -0.519930 -0.853382 -0.383468 -0.538585 -0.750253 -0.438296 -0.483602 -0.757645 -0.285183 -0.729179 -0.622068 -0.182497 -0.957173 -0.224754 0.062015 -0.961500 0.267715 0.346417 -0.662729 0.663916 0.320220 0.088677 0.943184 0.201253 0.494403 0.845614 0.147530 0.952809 0.265310 0.319700 0.909948 0.264170 0.499360 0.777369 0.382539 0.634085 0.506473 0.584312 0.732536 0.046917 0.679109 0.946526 0.263087 0.186746 0.977770 -0.011999 0.209337 0.964178 -0.176188 0.198291 -0.914137 0.024161 -0.404685 -0.960634 0.028181 -0.276386 -0.952445 -0.012089 -0.304471 -0.943182 -0.058475 -0.327092 -0.066730 -0.996345 -0.053331 -0.949691 0.015684 -0.312797 -0.983987 -0.073181 0.162523 0.972737 -0.147625 -0.178858 0.682728 -0.077286 -0.726574 0.725753 -0.199879 0.658279 0.715693 -0.274215 0.642331 -0.763915 0.477792 0.433761 -0.545469 0.669470 0.504256 -0.259578 0.804033 0.534930 0.053518 0.855911 0.514346 0.444943 0.769661 0.457873 -0.032633 0.944232 -0.327660 0.150848 0.562279 -0.813073 0.287999 0.104165 -0.951949 0.358629 -0.246446 -0.900361 0.313709 -0.668978 -0.673836 0.180796 -0.958284 -0.221369 0.005406 -0.975564 0.219649 -0.337171 -0.591788 0.732190 -0.379389 -0.088535 0.920992 -0.285466 0.284881 0.915069 -0.241663 0.672161 0.699856 -0.172800 0.965172 0.196424 -0.067149 0.753479 0.654033 -0.012039 0.986537 0.163095 0.021474 0.935599 -0.352412 0.017162 0.470446 -0.882262 -0.013444 0.022076 -0.999666 -0.018377 -0.301682 -0.953231 -0.015088 -0.706100 -0.707951 -0.025123 -0.985304 -0.168955 0.079146 -0.923781 0.374652 0.263195 -0.491940 0.829894 0.196127 -0.172519 0.965283 -0.007602 0.293551 0.955913</float_array>
          <technique_common>
            <accessor count="2410" source="#Guard02-lib-Normal0-array" stride="3">
              <param name="X" type="float"/>
              <param name="Y" type="float"/>
              <param name="Z" type="float"/>
            </accessor>
          </technique_common>
        </source>
        <source id="Guard02-lib-UV0" name="map1">
          <float_array id="Guard02-lib-UV0-array" count="5588"> 0.682100 0.983290 0.687477 0.952555 0.702507 0.955676 0.699592 0.983290 0.686241 0.930185 0.701536 0.931872 0.683912 0.902268 0.699021 0.904449 0.678610 0.877167 0.694211 0.880209 0.678118 0.862943 0.678741 0.850369 0.693500 0.853052 0.693367 0.865771 0.679512 0.837014 0.676138 0.836323 0.676973 0.825722 0.680812 0.825114 0.787384 0.853158 0.762803 0.851985 0.761839 0.826184 0.786959 0.826404 0.787739 0.872472 0.764051 0.870618 0.680381 0.953104 0.678174 0.983290 0.665177 0.983290 0.664101 0.948334 0.680138 0.930225 0.663950 0.926500 0.678185 0.901736 0.663677 0.901961 0.673813 0.875752 0.662785 0.879701 0.674462 0.849422 0.673621 0.861611 0.662924 0.864613 0.662846 0.851010 0.726363 0.867570 0.708617 0.868599 0.708260 0.855734 0.724550 0.856836 0.714131 0.906630 0.709812 0.883252 0.727704 0.884858 0.738020 0.908954 0.716831 0.933559 0.740103 0.935317 0.717537 0.958796 0.741308 0.960486 0.717084 0.983290 0.740583 0.983290 0.735715 0.885095 0.742585 0.885475 0.788504 0.938994 0.764303 0.937155 0.763195 0.911564 0.788369 0.914175 0.788599 0.961834 0.764953 0.961160 0.764889 0.983290 0.789195 0.983290 0.738222 0.850813 0.730477 0.850863 0.728726 0.825820 0.736719 0.825964 0.740364 0.868764 0.732610 0.867438 0.709632 0.842599 0.724376 0.844192 0.677165 0.850006 0.788118 0.887621 0.765351 0.886548 0.729366 0.868185 0.646834 0.650050 0.647929 0.662625 0.643850 0.663686 0.640651 0.654978 0.569899 0.618292 0.620444 0.631745 0.615526 0.638723 0.569911 0.629773 0.642375 0.643946 0.634884 0.651132 0.688950 0.836358 0.689875 0.827760 0.645873 0.672858 0.643139 0.671772 0.644326 0.682677 0.641612 0.681879 0.639302 0.691290 0.642765 0.692706 0.641205 0.702734 0.636992 0.700701 0.644930 0.647099 0.637791 0.652752 0.796548 0.854806 0.789820 0.853418 0.789435 0.826429 0.796548 0.826500 0.796548 0.874905 0.790228 0.872780 0.796548 0.889272 0.790549 0.887543 0.790790 0.914589 0.796548 0.915855 0.790894 0.939409 0.796548 0.939790 0.790948 0.962089 0.796548 0.961935 0.790246 0.983290 0.796548 0.983290 0.642671 0.663856 0.639500 0.655254 0.614403 0.642253 0.569839 0.634758 0.635120 0.652751 0.690766 0.827089 0.689679 0.837201 0.642610 0.671732 0.640771 0.681715 0.636500 0.700951 0.638635 0.691333 0.637122 0.653491 0.659676 0.983290 0.659676 0.946649 0.659676 0.926366 0.659676 0.902415 0.659676 0.880254 0.659676 0.865049 0.659676 0.851223 0.659676 0.831512 0.663270 0.831333 0.787497 0.799626 0.763277 0.800490 0.787883 0.780214 0.764737 0.782047 0.788432 0.738225 0.788248 0.764939 0.765899 0.766229 0.763497 0.741238 0.788486 0.713569 0.764275 0.715776 0.788484 0.691315 0.764467 0.692240 0.763493 0.670901 0.789025 0.670901 0.681954 0.698291 0.664636 0.703955 0.669428 0.670901 0.681912 0.670901 0.680630 0.722724 0.664097 0.725304 0.678432 0.752299 0.663773 0.751097 0.674507 0.780881 0.662932 0.776494 0.675420 0.811071 0.663025 0.810327 0.663084 0.794455 0.674299 0.797150 0.729119 0.785580 0.727723 0.797023 0.711945 0.800682 0.711175 0.786648 0.738563 0.744250 0.729092 0.768566 0.711467 0.771154 0.714875 0.746981 0.740063 0.717983 0.717027 0.719865 0.740449 0.693166 0.717444 0.694864 0.717084 0.670901 0.737961 0.670901 0.739057 0.801353 0.731484 0.801015 0.741591 0.783881 0.734465 0.785190 0.727885 0.811144 0.715425 0.815257 0.743550 0.767520 0.736871 0.768069 0.731657 0.784674 0.493373 0.649055 0.499302 0.653918 0.496048 0.662219 0.492186 0.661161 0.524352 0.638252 0.519533 0.631281 0.505047 0.650278 0.497755 0.643108 0.496579 0.669820 0.494046 0.670803 0.497940 0.679020 0.495489 0.679757 0.495237 0.646188 0.502149 0.651812 0.685462 0.670901 0.701273 0.670901 0.702659 0.697298 0.687873 0.698126 0.701711 0.721284 0.686396 0.722704 0.699058 0.749447 0.683240 0.751913 0.695490 0.775203 0.679513 0.779253 0.695060 0.790873 0.678945 0.795099 0.695997 0.805148 0.680049 0.809614 0.698570 0.820057 0.681716 0.824857 0.496978 0.688778 0.500092 0.687476 0.502243 0.695931 0.498466 0.697800 0.796548 0.798129 0.789903 0.799407 0.796548 0.777798 0.790331 0.779915 0.796548 0.763158 0.790641 0.764988 0.790834 0.737736 0.796548 0.736286 0.790881 0.713071 0.796548 0.712480 0.790867 0.690983 0.796548 0.690920 0.790128 0.670901 0.796548 0.670901 0.500403 0.654214 0.497163 0.662405 0.525428 0.641769 0.504791 0.651878 0.497070 0.669783 0.498699 0.678869 0.502786 0.652558 0.500693 0.687509 0.502687 0.696150 0.659676 0.705338 0.659676 0.670901 0.659676 0.725013 0.659676 0.750294 0.659676 0.775830 0.659676 0.794218 0.659676 0.810555 0.620574 0.973569 0.591401 0.986072 0.579083 0.920671 0.560075 0.982286 0.534839 0.963344 0.522455 0.934322 0.521865 0.918973 0.528514 0.899967 0.545333 0.877641 0.639666 0.948216 0.643452 0.916890 0.631068 0.887868 0.605832 0.868926 0.591065 0.864696 0.571023 0.866625 0.694965 0.839879 0.680298 0.837160 0.677298 0.795978 0.678344 0.810168 0.677775 0.779701 0.681423 0.751758 0.684586 0.722259 0.685153 0.697615 0.684614 0.670901 0.683406 0.953851 0.681163 0.983290 0.683698 0.930801 0.681626 0.902458 0.676935 0.876797 0.676517 0.862451 0.502794 0.696613 0.502359 0.696384 0.498546 0.698284 0.641121 0.703272 0.636868 0.701205 0.636385 0.701466 0.000000 0.000000 0.000000 0.000000 0.000000 0.000000 0.000000 0.000000 0.000000 0.000000 0.000000 0.000000 0.000000 0.000000 0.000000 0.000000 0.000000 0.000000 0.000000 0.000000 0.000000 0.000000 0.000000 0.000000 0.000000 0.000000 0.000000 0.000000 0.000000 0.000000 0.000000 0.000000 0.000000 0.000000 0.000000 0.000000 0.000000 0.000000 0.000000 0.000000 0.000000 0.000000 0.000000 0.000000 0.000000 0.000000 0.000000 0.000000 0.000000 0.000000 0.000000 0.000000 0.000000 0.000000 0.000000 0.000000 0.000000 0.000000 0.000000 0.000000 0.000000 0.000000 0.000000 0.000000 0.000000 0.000000 0.000000 0.000000 0.000000 0.000000 0.000000 0.000000 0.000000 0.000000 0.000000 0.000000 0.858284 0.679220 0.856320 0.686117 0.849687 0.678464 0.857937 0.674420 0.855700 0.671272 0.851766 0.669631 0.847517 0.670249 0.844265 0.672901 0.842432 0.677176 0.842344 0.682740 0.844376 0.688273 0.848025 0.691516 0.852297 0.690828 0.863595 0.693072 0.854852 0.702466 0.866419 0.679020 0.864098 0.670898 0.860402 0.666492 0.853897 0.663289 0.845927 0.663852 0.839350 0.668553 0.835467 0.676547 0.834905 0.686846 0.838638 0.697292 0.846075 0.703466 0.883029 0.719689 0.858163 0.736803 0.893378 0.689027 0.888584 0.664374 0.877312 0.647469 0.857989 0.636247 0.833647 0.638726 0.814764 0.656323 0.807140 0.680395 0.809320 0.703487 0.818916 0.722497 0.834597 0.734803 0.941596 0.690716 0.937424 0.685867 0.944244 0.677960 0.946008 0.691393 0.935383 0.678737 0.935743 0.673778 0.938051 0.670549 0.942102 0.668878 0.946467 0.669528 0.949806 0.672248 0.951699 0.676621 0.951809 0.682325 0.949747 0.688025 0.939030 0.702792 0.929916 0.693114 0.926970 0.678501 0.929389 0.670104 0.933218 0.665580 0.939927 0.662363 0.948100 0.662989 0.954836 0.667798 0.958834 0.675946 0.959469 0.686470 0.955716 0.697236 0.948113 0.703702 0.935963 0.738511 0.909864 0.721114 0.898913 0.688931 0.904020 0.663028 0.915890 0.645689 0.935872 0.634663 0.960684 0.637499 0.979885 0.655268 0.987804 0.679562 0.985849 0.703096 0.976296 0.722772 0.960342 0.735839 0.957519 0.165539 0.947745 0.165539 0.947745 0.150926 0.958583 0.151642 0.947745 0.131594 0.959830 0.134208 0.947745 0.109041 0.962528 0.110255 0.947745 0.087449 0.965780 0.088566 0.947745 0.068206 0.964442 0.070565 0.947745 0.047884 0.961690 0.045692 0.947745 0.031689 0.961073 0.027309 0.947745 0.013073 0.955842 0.013073 0.964175 0.150923 0.963995 0.165539 0.966994 0.133511 0.969256 0.109305 0.973067 0.088294 0.973658 0.071508 0.970031 0.045011 0.966998 0.026581 0.959961 0.013073 0.975536 0.165539 0.974304 0.148072 0.977716 0.130282 0.978297 0.107630 0.979381 0.087435 0.979640 0.070866 0.977335 0.045853 0.974693 0.027601 0.965940 0.013073 0.991927 0.165539 0.991927 0.142715 0.991927 0.124181 0.991927 0.103476 0.991927 0.084451 0.991927 0.066919 0.991927 0.045671 0.991927 0.028304 0.991927 0.013073 0.897464 0.011054 0.898951 0.029486 0.886769 0.032690 0.886769 0.011054 0.899791 0.048712 0.886769 0.051759 0.902297 0.072434 0.886769 0.073428 0.905603 0.092699 0.886769 0.093797 0.904221 0.109204 0.886769 0.111993 0.901578 0.132571 0.886769 0.131532 0.902306 0.150637 0.886769 0.147497 0.900851 0.165206 0.886769 0.165206 0.906591 0.011054 0.905342 0.029888 0.907428 0.049558 0.909311 0.073656 0.913182 0.093041 0.913799 0.107970 0.910330 0.132415 0.908763 0.150794 0.906591 0.165206 0.921556 0.011054 0.916308 0.033424 0.918439 0.053987 0.918683 0.075876 0.919739 0.093934 0.920007 0.108309 0.917837 0.130841 0.916419 0.148978 0.913646 0.165206 0.932740 0.011054 0.932740 0.044533 0.932740 0.062724 0.932740 0.081117 0.932740 0.096929 0.932740 0.111190 0.932740 0.129133 0.932740 0.145554 0.932740 0.165206 0.042270 0.469047 0.048067 0.480374 0.037293 0.482256 0.042778 0.498728 0.034905 0.490952 0.032730 0.500451 0.036297 0.521940 0.027298 0.519804 0.032187 0.539493 0.024246 0.533118 0.024213 0.543887 0.029210 0.553946 0.022618 0.552393 0.022679 0.560095 0.033540 0.481313 0.037203 0.465252 0.031338 0.490075 0.027993 0.499605 0.023357 0.519847 0.019927 0.532894 0.020477 0.543908 0.020042 0.552446 0.019785 0.561064 0.027759 0.461091 0.026255 0.478682 0.024353 0.489588 0.020622 0.500225 0.018722 0.520241 0.017081 0.533132 0.017345 0.543277 0.017143 0.551448 0.016392 0.559902 0.011030 0.458759 0.011030 0.474917 0.011030 0.489280 0.011030 0.503751 0.011030 0.522366 0.011030 0.534756 0.011030 0.542731 0.011030 0.549590 0.011030 0.556401 0.038490 0.435616 0.034242 0.423676 0.043905 0.425568 0.032247 0.415783 0.039540 0.408956 0.030454 0.407125 0.025950 0.389392 0.034474 0.387734 0.023672 0.376555 0.032136 0.370759 0.024507 0.365292 0.023934 0.355674 0.031418 0.355065 0.025360 0.346786 0.033883 0.438923 0.030845 0.424467 0.028996 0.416498 0.026105 0.407772 0.022221 0.389300 0.019348 0.376769 0.020573 0.364989 0.021049 0.355237 0.022178 0.345015 0.025370 0.442481 0.024241 0.426744 0.022642 0.416786 0.019342 0.407021 0.017826 0.388917 0.016513 0.376598 0.017215 0.365523 0.017639 0.356001 0.017938 0.345636 0.010499 0.444276 0.010499 0.430132 0.010499 0.416713 0.010499 0.403545 0.010499 0.387144 0.010499 0.375331 0.010499 0.366012 0.010499 0.357608 0.010499 0.348750 0.339501 0.813703 0.353579 0.814700 0.352997 0.823336 0.337783 0.823336 0.353599 0.775468 0.339010 0.774074 0.339572 0.762367 0.352823 0.762367 0.351837 0.771275 0.339887 0.770595 0.332058 0.823336 0.332058 0.810173 0.332058 0.772330 0.332058 0.762367 0.360282 0.812020 0.360282 0.823336 0.360282 0.775646 0.360282 0.762367 0.302800 0.837624 0.300863 0.846163 0.247528 0.837824 0.253953 0.833232 0.308676 0.835946 0.325089 0.837191 0.319984 0.780610 0.312314 0.776450 0.325089 0.778218 0.253852 0.781732 0.247528 0.777195 0.301774 0.770098 0.302833 0.776294 0.309259 0.824997 0.303307 0.828191 0.304225 0.787447 0.265461 0.791253 0.263796 0.805083 0.258818 0.806093 0.303367 0.823158 0.269097 0.797693 0.267488 0.803115 0.303417 0.793437 0.263584 0.814148 0.263786 0.823727 0.258718 0.812402 0.266874 0.817278 0.265953 0.819010 0.271797 0.807136 0.267232 0.807792 0.261537 0.806546 0.267020 0.811501 0.261242 0.812138 0.271787 0.813406 0.308940 0.790386 0.315817 0.834224 0.317468 0.826084 0.325089 0.826707 0.319839 0.789373 0.325089 0.787962 0.317685 0.761827 0.754242 0.635104 0.778544 0.623908 0.786342 0.636834 0.757782 0.655442 0.699036 0.663817 0.707452 0.637735 0.727739 0.638978 0.726612 0.658905 0.826305 0.613986 0.809850 0.623877 0.803371 0.615270 0.820414 0.605941 0.835206 0.598241 0.838623 0.604600 0.858597 0.592595 0.858597 0.586422 0.608639 0.607971 0.593082 0.591207 0.593082 0.584250 0.613296 0.597332 0.639910 0.615450 0.638262 0.630505 0.682279 0.631682 0.682604 0.660026 0.660533 0.645715 0.663479 0.625013 0.593082 0.577322 0.593082 0.560082 0.617644 0.566347 0.617056 0.583531 0.663186 0.572665 0.662720 0.602535 0.642854 0.597830 0.640573 0.569516 0.684470 0.574233 0.684923 0.603751 0.706157 0.574365 0.706700 0.605235 0.818097 0.594642 0.817674 0.568805 0.833639 0.568556 0.834987 0.586615 0.797632 0.599483 0.796580 0.569443 0.834661 0.547590 0.836196 0.520987 0.858597 0.522922 0.858597 0.550098 0.593082 0.508366 0.617633 0.505390 0.617102 0.538311 0.593082 0.540903 0.774884 0.542125 0.775812 0.512325 0.797550 0.516164 0.796940 0.544428 0.662256 0.541110 0.638670 0.539325 0.684791 0.541652 0.686569 0.506081 0.701433 0.506639 0.705558 0.541999 0.726925 0.540853 0.724906 0.508696 0.749454 0.509720 0.751192 0.540894 0.817940 0.546007 0.818220 0.518803 0.858597 0.567805 0.858597 0.581068 0.727004 0.607329 0.727819 0.573931 0.751864 0.572444 0.752671 0.605057 0.670627 0.404312 0.666080 0.417851 0.642327 0.419550 0.640842 0.404312 0.837924 0.419637 0.833716 0.404312 0.858597 0.404312 0.858597 0.425125 0.697737 0.404312 0.699450 0.417414 0.718858 0.404312 0.720531 0.418236 0.809267 0.417940 0.787923 0.416476 0.787193 0.404312 0.808404 0.404312 0.957071 0.807979 0.957839 0.825399 0.941175 0.809790 0.914640 0.773344 0.910567 0.787396 0.892256 0.782130 0.891997 0.769879 0.880647 0.779516 0.865488 0.778195 0.863782 0.766272 0.879446 0.767790 0.837062 0.771097 0.839539 0.784231 0.830435 0.784218 0.828551 0.772360 0.925503 0.790436 0.932690 0.776856 0.939250 0.792131 0.944186 0.776230 0.957220 0.776222 0.956178 0.794057 0.973610 0.780955 0.976530 0.793048 0.981700 0.832079 0.990617 0.824501 0.991901 0.834133 0.985812 0.836331 0.822126 0.808438 0.816207 0.819362 0.805665 0.815243 0.810359 0.804826 0.985919 0.815339 0.984231 0.825513 0.978035 0.819977 0.972176 0.827512 0.970332 0.761904 0.958507 0.761904 0.832194 0.812093 0.823036 0.822508 0.968745 0.834906 0.979685 0.837272 0.873360 0.844659 0.872033 0.844326 0.871164 0.836421 0.872951 0.836468 0.860978 0.830546 0.861460 0.832142 0.856047 0.835436 0.855392 0.834085 0.923186 0.845742 0.934247 0.849410 0.933270 0.851541 0.922464 0.847834 0.761982 0.404312 0.762884 0.418562 0.970072 0.812408 0.849703 0.781911 0.849200 0.767927 0.839005 0.501759 0.858597 0.501533 0.858597 0.510948 0.839022 0.510507 0.773622 0.496950 0.795703 0.499691 0.797394 0.507010 0.775679 0.504026 0.747749 0.502096 0.747228 0.494241 0.818530 0.508893 0.818085 0.501194 0.701914 0.498803 0.702087 0.490679 0.725489 0.491810 0.725036 0.500479 0.689789 0.497894 0.689504 0.488900 0.663329 0.496804 0.663155 0.487595 0.662813 0.505586 0.593082 0.497735 0.618303 0.496036 0.774991 0.571308 0.810282 0.433883 0.789086 0.432462 0.765041 0.433719 0.699751 0.432296 0.722624 0.433379 0.665185 0.434938 0.640948 0.437241 0.858597 0.440489 0.836930 0.435580 0.870123 0.830773 0.869877 0.829236 0.871395 0.828214 0.871737 0.830201 0.907479 0.833323 0.907058 0.834251 0.902614 0.829486 0.902656 0.828469 0.852557 0.825605 0.858849 0.821631 0.927638 0.835927 0.937590 0.840517 0.881819 0.818647 0.881759 0.828049 0.869663 0.818390 0.909954 0.826300 0.903375 0.821540 0.956973 0.834311 0.955772 0.834334 0.955001 0.826317 0.939471 0.812854 0.881526 0.805335 0.881577 0.807265 0.868176 0.806314 0.867949 0.804226 0.913338 0.817564 0.912878 0.818930 0.904073 0.814259 0.904123 0.812971 0.932996 0.825520 0.944703 0.831418 0.943572 0.832668 0.932184 0.826995 0.950653 0.834431 0.949805 0.835642 0.934843 0.849544 0.934225 0.851194 0.823441 0.806037 0.811205 0.802159 0.984655 0.812723 0.976702 0.818663 0.969864 0.826915 0.966550 0.834795 0.834439 0.809852 0.931732 0.807476 0.979145 0.801312 0.930190 0.810112 0.855965 0.810262 0.849794 0.814867 0.849342 0.813111 0.855462 0.808214 0.883634 0.844168 0.881683 0.836422 0.923133 0.822725 0.923887 0.821406 0.918744 0.830553 0.912002 0.838392 0.911507 0.839235 0.896249 0.834098 0.902592 0.833110 0.905043 0.838327 0.898815 0.840026 0.894775 0.829873 0.894405 0.828730 0.893149 0.819994 0.892733 0.809532 0.892631 0.807755 0.638548 0.505285 0.617797 0.420641 0.619071 0.404312 0.617840 0.438656 0.618290 0.487760 0.639172 0.486846 0.639334 0.496308 0.593082 0.489114 0.593082 0.421998 0.593082 0.436313 0.593082 0.404312 0.944781 0.761904 0.743149 0.418608 0.742939 0.434099 0.740212 0.404312 0.776530 0.601205 0.892528 0.828244 0.892570 0.830311 0.897335 0.840430 0.892816 0.836580 0.914074 0.838763 0.913319 0.840374 0.933461 0.761904 0.919024 0.804308 0.918006 0.806891 0.815318 0.783554 0.814494 0.774161 0.891099 0.761904 0.915132 0.761904 0.878270 0.761904 0.863495 0.761904 0.850285 0.761904 0.835962 0.761904 0.827082 0.761904 0.816558 0.761904 0.693733 0.461838 0.663536 0.462615 0.700464 0.462903 0.723929 0.463843 0.745237 0.465371 0.769876 0.466392 0.793164 0.467385 0.815156 0.469078 0.838505 0.469819 0.858597 0.470658 0.618078 0.464005 0.593082 0.462632 0.639797 0.463180 0.829259 0.794843 0.814892 0.790524 0.844234 0.800075 0.851301 0.795829 0.866715 0.791442 0.881203 0.792368 0.891541 0.794240 0.906194 0.800641 0.852151 0.798233 0.845205 0.802553 0.866971 0.793929 0.881286 0.794909 0.891812 0.796861 0.905884 0.803014 0.865578 0.842707 0.863419 0.837906 0.941244 0.852166 0.941769 0.850801 0.944620 0.843045 0.883395 0.828262 0.884293 0.837822 0.885197 0.843741 0.922390 0.845155 0.921716 0.846505 0.881752 0.829993 0.883673 0.830279 0.376777 0.947287 0.376383 0.936493 0.380432 0.937686 0.382523 0.948018 0.431274 0.932175 0.434340 0.954578 0.403665 0.942572 0.382589 0.964000 0.377011 0.962194 0.435174 0.981605 0.408236 0.981605 0.450845 0.874361 0.445867 0.906682 0.423876 0.903891 0.424128 0.874361 0.412951 0.874361 0.405358 0.898651 0.379976 0.889582 0.400962 0.874361 0.375609 0.888545 0.377173 0.874361 0.383565 0.915459 0.375594 0.915361 0.371221 0.948049 0.372644 0.937450 0.372098 0.963845 0.346040 0.981605 0.320620 0.981605 0.321262 0.954583 0.350403 0.942661 0.203195 0.441551 0.237960 0.443408 0.237960 0.481587 0.212097 0.475964 0.237960 0.625288 0.225226 0.634384 0.220616 0.602398 0.237960 0.599503 0.192524 0.758464 0.235619 0.757038 0.233548 0.784253 0.191057 0.784251 0.185619 0.835756 0.183081 0.853778 0.180053 0.854692 0.173686 0.783725 0.174986 0.759777 0.171627 0.836106 0.172965 0.810694 0.188644 0.811274 0.229579 0.817166 0.145653 0.832919 0.145155 0.809028 0.144420 0.783225 0.143692 0.760366 0.238399 0.781515 0.235804 0.821224 0.241473 0.757726 0.055078 0.725614 0.065646 0.728113 0.068069 0.737436 0.058050 0.733099 0.083162 0.814587 0.087378 0.837447 0.072342 0.839221 0.064912 0.818815 0.119009 0.836589 0.104321 0.835696 0.100621 0.812004 0.117336 0.811256 0.060743 0.784780 0.080446 0.785993 0.115342 0.784339 0.098557 0.785227 0.113070 0.760260 0.059604 0.145916 0.079181 0.145756 0.075863 0.178180 0.056551 0.180247 0.076221 0.206367 0.057523 0.204685 0.100906 0.146243 0.121646 0.146162 0.119506 0.177054 0.098082 0.177591 0.119417 0.207421 0.097674 0.207469 0.072750 0.101447 0.092308 0.106200 0.108542 0.112372 0.126149 0.112850 0.115301 0.093453 0.120782 0.083967 0.133554 0.082634 0.131266 0.093110 0.098338 0.085281 0.102146 0.097157 0.238326 0.736352 0.194789 0.741875 0.195670 0.735489 0.232501 0.732464 0.176333 0.744880 0.174542 0.736558 0.143261 0.746252 0.143175 0.736877 0.260108 0.737710 0.259016 0.729542 0.229893 0.228283 0.246066 0.226854 0.249734 0.229325 0.227258 0.232636 0.214806 0.230595 0.213614 0.235116 0.200456 0.236647 0.201361 0.232715 0.145906 0.235760 0.174749 0.234695 0.174194 0.238897 0.145977 0.240053 0.065921 0.723965 0.072341 0.726572 0.076104 0.734070 0.111082 0.744940 0.094245 0.742127 0.089118 0.733687 0.113244 0.735638 0.054652 0.733138 0.030758 0.725166 0.030695 0.720723 0.040595 0.229023 0.056594 0.228767 0.059802 0.233225 0.040216 0.231126 0.075686 0.234967 0.076031 0.230534 0.092790 0.234077 0.118304 0.235517 0.119012 0.239707 0.093645 0.237971 0.233257 0.656161 0.236888 0.679728 0.198581 0.684828 0.199786 0.660262 0.173472 0.689501 0.172036 0.664316 0.143198 0.690114 0.143473 0.666069 0.241606 0.282713 0.233873 0.269805 0.256264 0.259477 0.263619 0.272657 0.207160 0.296121 0.204823 0.280059 0.220970 0.275762 0.225632 0.291628 0.146596 0.269254 0.176483 0.268108 0.177728 0.281015 0.146308 0.280892 0.080585 0.658932 0.078680 0.679540 0.064163 0.676327 0.065902 0.657558 0.114716 0.687389 0.116426 0.663762 0.028031 0.672788 0.030001 0.659098 0.027430 0.273490 0.033156 0.264696 0.057324 0.272425 0.052236 0.283679 0.072658 0.277059 0.068160 0.291136 0.091071 0.265727 0.117750 0.268525 0.115683 0.279752 0.087949 0.278002 0.143701 0.643322 0.172319 0.641798 0.218676 0.566606 0.237960 0.554142 0.172224 0.577539 0.172347 0.611257 0.143830 0.612854 0.143912 0.579686 0.116133 0.610600 0.096955 0.607064 0.096662 0.574224 0.116580 0.577510 0.391008 0.631832 0.385350 0.654313 0.357055 0.635878 0.366279 0.620737 0.096946 0.522396 0.117084 0.527835 0.144009 0.532690 0.173564 0.529070 0.201501 0.571036 0.193812 0.524163 0.208931 0.518030 0.237960 0.527795 0.055636 0.699189 0.025059 0.695404 0.024805 0.691999 0.076956 0.700304 0.060862 0.704586 0.075239 0.696141 0.112484 0.707085 0.092960 0.702864 0.093647 0.697663 0.113696 0.701297 0.142562 0.707766 0.142849 0.705327 0.174139 0.706375 0.173365 0.703601 0.198422 0.706483 0.198494 0.700917 0.235538 0.703508 0.237292 0.696910 0.268836 0.692525 0.266484 0.700073 0.226928 0.253336 0.250664 0.245665 0.250894 0.250120 0.229307 0.257979 0.146285 0.266931 0.176092 0.265256 0.090672 0.263148 0.117321 0.266294 0.075366 0.262293 0.060647 0.258360 0.061815 0.254871 0.076802 0.259190 0.213938 0.257086 0.201842 0.261189 0.078564 0.740008 0.061407 0.717808 0.179103 0.298618 0.146185 0.299269 0.082492 0.313137 0.084723 0.295548 0.113916 0.298261 0.113154 0.315878 0.080185 0.277975 0.075924 0.293441 0.146438 0.335565 0.180656 0.333207 0.181103 0.356270 0.146627 0.358106 0.080257 0.331969 0.112769 0.334859 0.112787 0.358463 0.079259 0.356293 0.214110 0.351752 0.212217 0.325708 0.237960 0.306415 0.237960 0.342744 0.180025 0.383998 0.146703 0.384913 0.113746 0.386100 0.081173 0.387168 0.237960 0.389160 0.210455 0.383466 0.176468 0.409830 0.146373 0.409331 0.116223 0.412123 0.091214 0.418517 0.069465 0.387816 0.076385 0.418855 0.056582 0.422932 0.056582 0.386797 0.237960 0.418610 0.203753 0.414367 0.198813 0.503728 0.187358 0.512041 0.198680 0.467891 0.186530 0.441529 0.056582 0.520294 0.056582 0.477955 0.067619 0.475308 0.067996 0.515194 0.092425 0.500910 0.079456 0.511429 0.079919 0.472596 0.093569 0.467623 0.440254 0.662656 0.416229 0.657744 0.416549 0.635967 0.435960 0.635748 0.317464 0.613243 0.321381 0.605768 0.341789 0.613319 0.333766 0.623042 0.062141 0.301294 0.071535 0.307221 0.068171 0.354225 0.056582 0.351455 0.068435 0.565583 0.056582 0.564745 0.069263 0.634570 0.069640 0.603165 0.080747 0.603443 0.081942 0.635747 0.031466 0.648282 0.022871 0.280303 0.048857 0.289485 0.032730 0.638948 0.056582 0.627164 0.305260 0.603944 0.306136 0.595640 0.201002 0.606120 0.284614 0.592051 0.284614 0.585935 0.533105 0.607283 0.526685 0.596519 0.545600 0.583784 0.545600 0.590676 0.503758 0.629608 0.500621 0.613672 0.459660 0.629740 0.477914 0.623202 0.481694 0.644677 0.459828 0.658854 0.545600 0.576920 0.522963 0.581881 0.521468 0.566605 0.545600 0.559840 0.477386 0.573578 0.498725 0.570467 0.497244 0.595751 0.478292 0.600174 0.456945 0.601019 0.457092 0.574841 0.436064 0.602257 0.436010 0.574621 0.324291 0.592482 0.307066 0.583644 0.308676 0.568856 0.324698 0.569460 0.347826 0.569469 0.347223 0.596330 0.308356 0.548974 0.284614 0.549949 0.284614 0.523026 0.305434 0.525507 0.545600 0.515086 0.545600 0.540840 0.521479 0.540601 0.522370 0.512730 0.368182 0.545258 0.347562 0.546839 0.346440 0.522380 0.366942 0.519260 0.477682 0.545306 0.500498 0.542858 0.454156 0.549011 0.436833 0.546515 0.439498 0.512221 0.453258 0.511680 0.415558 0.546187 0.391548 0.544344 0.392707 0.515825 0.417261 0.513211 0.324370 0.548476 0.325652 0.525009 0.284614 0.567491 0.284614 0.580631 0.416580 0.604219 0.391833 0.601990 0.391795 0.572984 0.414495 0.574765 0.467685 0.404119 0.489984 0.404119 0.491841 0.417592 0.472552 0.417137 0.314236 0.416201 0.284614 0.418790 0.284614 0.404119 0.327660 0.404119 0.442526 0.416333 0.442122 0.404119 0.422498 0.418061 0.423968 0.404119 0.343052 0.415073 0.344672 0.404119 0.362026 0.404119 0.360073 0.415846 0.841486 0.940733 0.857386 0.942178 0.840915 0.956566 0.884231 0.906581 0.905461 0.903203 0.905387 0.915233 0.887648 0.920340 0.916795 0.912899 0.917984 0.901847 0.933069 0.900427 0.931630 0.911676 0.959801 0.903858 0.968534 0.904908 0.967839 0.917094 0.957405 0.917240 0.873453 0.923338 0.865670 0.911002 0.859505 0.925312 0.842794 0.926744 0.842057 0.909680 0.854904 0.909910 0.821035 0.923921 0.823956 0.911828 0.815865 0.962952 0.811754 0.967204 0.805665 0.965006 0.806949 0.955375 0.975907 0.939456 0.987206 0.935700 0.991901 0.946117 0.981358 0.950236 0.811647 0.946213 0.819907 0.952234 0.814111 0.957045 0.825897 0.958579 0.827234 0.892778 0.839059 0.892778 0.965372 0.942967 0.974529 0.953381 0.828820 0.965779 0.817881 0.968146 0.924206 0.975532 0.924797 0.967463 0.926686 0.967582 0.925532 0.975199 0.936560 0.961586 0.942173 0.964958 0.939089 0.971319 0.934146 0.968779 0.874389 0.976830 0.877120 0.984367 0.866583 0.988701 0.863478 0.980264 0.384145 0.404119 0.382550 0.418157 0.828155 0.945489 0.143884 0.525883 0.172572 0.521098 0.118304 0.519053 0.104159 0.510814 0.303793 0.874361 0.328550 0.874361 0.329109 0.903198 0.309634 0.905855 0.339272 0.874361 0.346698 0.898350 0.351942 0.874361 0.369775 0.889474 0.323675 0.932275 0.367716 0.915191 0.088396 0.442071 0.119363 0.428180 0.171100 0.426504 0.145424 0.423678 0.104288 0.445474 0.165792 0.433049 0.146787 0.431530 0.471310 0.874361 0.475492 0.904310 0.245809 0.912615 0.245809 0.874361 0.259430 0.874361 0.262033 0.908337 0.497844 0.874361 0.493832 0.905258 0.282593 0.874361 0.281066 0.907623 0.947303 0.915081 0.947445 0.901743 0.055685 0.822020 0.053635 0.780641 0.185281 0.861020 0.181839 0.859971 0.215591 0.855928 0.222552 0.839366 0.228658 0.842345 0.222369 0.860932 0.145931 0.853718 0.162136 0.854065 0.162271 0.862423 0.146298 0.861670 0.167394 0.855205 0.168345 0.860856 0.064848 0.842019 0.123205 0.855213 0.129464 0.853766 0.129797 0.860979 0.123024 0.857822 0.110603 0.853658 0.109224 0.860968 0.101254 0.854870 0.098757 0.859347 0.079791 0.854723 0.093224 0.853874 0.089488 0.862103 0.073640 0.861210 0.101117 0.835821 0.096037 0.759383 0.078723 0.758425 0.064016 0.757433 0.058866 0.754009 0.054226 0.753046 0.040598 0.225874 0.050556 0.226123 0.049180 0.202955 0.047847 0.180507 0.052461 0.144445 0.068155 0.097230 0.099280 0.078991 0.123455 0.078261 0.136296 0.077888 0.197308 0.176327 0.214828 0.176851 0.214320 0.205261 0.198119 0.205984 0.171889 0.146091 0.172929 0.176408 0.145993 0.176829 0.146532 0.146230 0.172984 0.206672 0.145883 0.207500 0.213342 0.146667 0.195450 0.145928 0.191179 0.113699 0.208272 0.115995 0.147883 0.113201 0.170412 0.113507 0.167067 0.093541 0.148632 0.093292 0.148729 0.083437 0.165693 0.084599 0.198944 0.098956 0.207135 0.081795 0.225138 0.118791 0.183991 0.093495 0.180111 0.084828 0.240256 0.226243 0.245506 0.225408 0.229314 0.204850 0.240522 0.205789 0.230902 0.117668 0.237082 0.145414 0.230726 0.147092 0.181122 0.080466 0.212232 0.075332 0.149884 0.079527 0.165587 0.080902 0.259230 0.744901 0.243691 0.740563 0.171514 0.895994 0.095795 0.897639 0.073640 0.883668 0.073640 0.907072 0.222369 0.942841 0.162219 0.929162 0.222369 0.904203 0.096846 0.931785 0.073640 0.947277 0.222369 0.966687 0.162018 0.962193 0.095855 0.963624 0.073640 0.968547 0.128744 0.064756 0.225754 0.041219 0.065457 0.069225 0.055415 0.014272 0.143623 0.014272 0.232408 0.014272 0.198676 0.639487 0.304807 0.505679 0.304934 0.514707 0.284614 0.512383 0.284614 0.503080 0.369793 0.502082 0.367952 0.509154 0.347004 0.512298 0.348684 0.503761 0.396383 0.499745 0.394929 0.506950 0.325997 0.514374 0.326491 0.505211 0.439798 0.503753 0.417177 0.505200 0.417292 0.497578 0.439431 0.497035 0.452213 0.503233 0.451050 0.496355 0.477567 0.494560 0.477220 0.502364 0.477741 0.510640 0.545600 0.505504 0.520386 0.502877 0.369182 0.571702 0.337599 0.429771 0.357282 0.430459 0.379535 0.433041 0.442456 0.431819 0.420323 0.433560 0.474060 0.432092 0.495641 0.432468 0.310789 0.429082 0.284614 0.432070 0.926144 0.959589 0.927601 0.960518 0.890173 0.964985 0.895160 0.960368 0.895112 0.964446 0.892523 0.969200 0.937050 0.959792 0.938681 0.952839 0.945008 0.956478 0.942767 0.963182 0.870274 0.967227 0.873703 0.975069 0.862842 0.978385 0.860184 0.971534 0.915691 0.950515 0.927825 0.950036 0.926436 0.957890 0.915681 0.958426 0.887785 0.958101 0.894457 0.953406 0.895012 0.959082 0.889586 0.963425 0.840592 0.965185 0.843550 0.957434 0.841710 0.965206 0.858955 0.944927 0.915998 0.937656 0.929486 0.936419 0.929216 0.938910 0.915935 0.939983 0.884823 0.949626 0.893675 0.945139 0.893762 0.946678 0.885308 0.951234 0.865301 0.957173 0.866242 0.958944 0.854844 0.964296 0.853588 0.962846 0.847974 0.966819 0.846913 0.965304 0.862368 0.978493 0.865166 0.988599 0.862886 0.980409 0.974579 0.936874 0.986389 0.933119 0.812869 0.943682 0.821231 0.951085 0.828223 0.957951 0.830944 0.965672 0.963200 0.940798 0.867063 0.939721 0.818421 0.932185 0.868411 0.942133 0.947658 0.946182 0.941395 0.942304 0.941995 0.939902 0.948223 0.943985 0.330235 0.468139 0.351500 0.467950 0.373922 0.468646 0.439916 0.466578 0.418769 0.466955 0.446048 0.466065 0.476759 0.464810 0.305977 0.467889 0.284614 0.467071 0.353247 0.907213 0.069949 0.444373 0.056582 0.449077 0.046628 0.293268 0.018936 0.286182 0.115913 0.640958 0.095945 0.660595 0.096665 0.637931 0.269876 0.282845 0.248216 0.293865 0.245504 0.289455 0.267322 0.278766 0.180005 0.315328 0.146243 0.316733 0.127116 0.434732 0.203302 0.265233 0.209689 0.310629 0.230100 0.299914 0.067666 0.320217 0.057274 0.308463 0.078976 0.570026 0.913931 0.975041 0.915778 0.967551 0.874428 0.953234 0.875327 0.954831 0.884201 0.967629 0.879401 0.962094 0.888042 0.973613 0.885717 0.969071 0.902231 0.964634 0.898751 0.970900 0.902913 0.960750 0.904361 0.952030 0.903224 0.959072 0.904998 0.940085 0.904859 0.942241 0.222369 0.881187 0.269229 0.675339 0.500235 0.511053 0.094795 0.684595 0.268517 0.652571 0.267537 0.641596 0.266818 0.634292 0.121110 0.451376 0.109118 0.466313 0.106669 0.491267 0.113856 0.500939 0.120601 0.510015 0.143654 0.520701 0.170644 0.512863 0.177549 0.502626 0.184660 0.492084 0.183097 0.466279 0.170983 0.445140 0.159605 0.442030 0.148640 0.441853 0.137674 0.441676 0.398893 0.907807 0.262380 0.933263 0.245809 0.935772 0.493852 0.929983 0.476421 0.930738 0.281054 0.933783 0.245809 0.960562 0.262604 0.959078 0.260720 0.981605 0.245809 0.981605 0.474719 0.957928 0.494022 0.956590 0.497845 0.981605 0.467525 0.981605 0.283189 0.959765 0.289066 0.981605 0.364324 0.964858 0.368942 0.981605 0.370838 0.919779 0.375782 0.920008 0.376286 0.930484 0.368631 0.932570 0.381507 0.919523 0.390369 0.947876 0.384639 0.932563 0.386525 0.981605 0.390894 0.965043 0.363881 0.947994 0.377061 0.981605 0.240531 0.178620 0.232189 0.178614 0.222369 0.983892 0.162398 0.983892 0.097644 0.983892 0.073640 0.983892 0.056582 0.600942 0.041008 0.251664 0.041229 0.249082 0.216962 0.262234 0.511069 0.956290 0.511069 0.981605 0.511069 0.931500 0.511069 0.908343 0.511069 0.874361 0.500057 0.404119 0.513026 0.418659 0.517935 0.431774 0.519866 0.463563 0.499634 0.463872 0.500098 0.502516 0.500414 0.494319 0.520504 0.494227 0.545600 0.496459 0.545600 0.426436 0.545600 0.461741 0.545600 0.412495 0.545600 0.404119 0.852785 0.892778 0.399039 0.468401 0.400619 0.434263 0.400994 0.418520 0.404152 0.404119 0.927728 0.958392 0.368528 0.598586 0.904766 0.958920 0.904824 0.960223 0.905709 0.967174 0.900230 0.971303 0.886978 0.974661 0.883744 0.969892 0.882754 0.968433 0.864105 0.892778 0.879882 0.936398 0.880683 0.938846 0.983072 0.905035 0.982248 0.914428 0.882433 0.892778 0.906467 0.892778 0.919296 0.892778 0.934070 0.892778 0.947280 0.892778 0.961604 0.892778 0.970484 0.892778 0.981008 0.892778 0.968408 0.924632 0.982674 0.921398 0.953331 0.930949 0.946065 0.928414 0.930604 0.924266 0.916298 0.925195 0.906111 0.926992 0.891707 0.933263 0.952428 0.933254 0.945319 0.930504 0.930395 0.926467 0.916228 0.927463 0.905860 0.929357 0.891971 0.935403 0.931987 0.973581 0.858266 0.988100 0.855796 0.981675 0.855199 0.980050 0.852945 0.973919 0.914453 0.958643 0.912368 0.974615 0.913784 0.967784 0.875211 0.976214 0.878245 0.983260 0.874359 0.974621 0.915699 0.959765 0.914278 0.960007 0.928165 0.947531 0.939327 0.950476 0.915732 0.948141 0.904459 0.949795 0.894270 0.951928 0.887197 0.956582 0.878450 0.960437 0.869377 0.965307 0.858999 0.969767 0.851790 0.972270 0.945624 0.954087 0.858476 0.840446 0.939299 0.857226 0.932400 0.857725 0.930982 0.857827 0.920445 0.853494 0.919321 0.852387 0.910588 0.843787 0.909523 0.842739 0.852129 0.823940 0.858389 0.819955 0.938452 0.839242 0.945424 0.841897 0.928314 0.834549 0.919423 0.829366 0.910403 0.825241 0.903510 0.820490 0.893106 0.818413 0.881797 0.816946 0.869421 0.816590 0.319831 0.737873 0.319467 0.727471 0.327243 0.726955 0.327837 0.736832 0.285995 0.724895 0.295643 0.725804 0.296464 0.736254 0.284776 0.732704 0.287967 0.698071 0.297607 0.698071 0.296708 0.707108 0.287620 0.706153 0.326226 0.708201 0.318908 0.708733 0.319065 0.698071 0.326574 0.698071 0.339964 0.704584 0.332906 0.706751 0.333161 0.698071 0.340307 0.698071 0.334446 0.734377 0.333629 0.725452 0.340601 0.723242 0.341712 0.731283 0.304366 0.708125 0.305164 0.698071 0.311970 0.698071 0.311793 0.708067 0.304464 0.737681 0.303813 0.726815 0.311869 0.726882 0.312002 0.737847 0.339942 0.713862 0.332930 0.716309 0.326445 0.717975 0.319022 0.718463 0.304194 0.717766 0.311832 0.717795 0.296350 0.716730 0.287089 0.715712 0.534218 0.760129 0.534840 0.745262 0.551105 0.744211 0.551940 0.759790 0.556321 0.839045 0.539347 0.840551 0.532848 0.802986 0.552902 0.808170 0.621085 0.842058 0.595747 0.838736 0.594509 0.807662 0.620790 0.801643 0.590762 0.744277 0.620239 0.743693 0.619636 0.758874 0.591588 0.759839 0.593697 0.710194 0.620981 0.708417 0.620610 0.726055 0.592230 0.727235 0.538624 0.710203 0.554818 0.712004 0.552962 0.728108 0.536732 0.727732 0.593462 0.791531 0.592415 0.775400 0.619032 0.774055 0.619911 0.787849 0.533221 0.788991 0.533595 0.774995 0.552775 0.775369 0.552838 0.791770 0.574258 0.711099 0.572596 0.727671 0.570934 0.744244 0.571764 0.759814 0.573150 0.791650 0.572595 0.775385 0.576034 0.838890 0.573705 0.807916 0.627841 0.774363 0.628280 0.788016 0.628475 0.742810 0.628158 0.758586 0.628864 0.708439 0.628669 0.725625 0.596131 0.703116 0.621088 0.702220 0.520502 0.727357 0.513772 0.726236 0.514783 0.708456 0.522430 0.708401 0.516495 0.760467 0.511670 0.759338 0.512762 0.744016 0.518575 0.746313 0.513605 0.786212 0.510165 0.787846 0.510578 0.774660 0.514415 0.774621 0.522374 0.842058 0.514752 0.842058 0.509751 0.801033 0.512794 0.797802 0.557258 0.847581 0.539809 0.848371 0.597177 0.847419 0.577217 0.847500 0.539436 0.703065 0.556476 0.704009 0.576303 0.703563 0.621099 0.849163 0.629190 0.842058 0.628719 0.801669 0.522360 0.849161 0.297163 0.745807 0.283203 0.739784 0.305056 0.748032 0.312152 0.748424 0.320274 0.747700 0.328533 0.745779 0.335631 0.742711 0.343228 0.738610 0.522396 0.702121 0.319261 0.653663 0.326957 0.654517 0.326672 0.664074 0.319135 0.663745 0.286992 0.666477 0.285837 0.659056 0.296942 0.655543 0.296162 0.665599 0.288185 0.693031 0.288361 0.684225 0.297103 0.683735 0.297789 0.693031 0.326113 0.682375 0.326689 0.693031 0.319218 0.693031 0.318900 0.682114 0.339769 0.685414 0.340445 0.693031 0.333252 0.693031 0.332733 0.683541 0.333358 0.656722 0.340360 0.659455 0.339712 0.667239 0.332913 0.665344 0.304607 0.682918 0.311912 0.682953 0.312151 0.693031 0.305350 0.693031 0.304582 0.654079 0.311779 0.653813 0.311810 0.664439 0.304029 0.664588 0.339381 0.676375 0.332502 0.674234 0.326124 0.672827 0.318873 0.672553 0.304426 0.673424 0.311871 0.673342 0.288005 0.675244 0.296829 0.674386 0.473743 0.760129 0.456021 0.759790 0.456856 0.744211 0.473121 0.745262 0.451640 0.839045 0.455059 0.808170 0.475113 0.802986 0.468614 0.840551 0.386876 0.842058 0.387171 0.801643 0.413452 0.807662 0.412214 0.838736 0.417199 0.744277 0.416373 0.759839 0.388325 0.758874 0.387722 0.743693 0.414264 0.710194 0.415731 0.727235 0.387351 0.726055 0.386980 0.708417 0.469337 0.710203 0.471229 0.727732 0.454999 0.728108 0.453143 0.712004 0.414499 0.791531 0.388050 0.787849 0.388929 0.774055 0.415546 0.775400 0.474740 0.788991 0.455123 0.791770 0.455186 0.775369 0.474366 0.774995 0.433703 0.711099 0.435365 0.727671 0.437027 0.744244 0.436197 0.759814 0.434811 0.791650 0.435366 0.775385 0.434256 0.807916 0.431927 0.838890 0.379681 0.788016 0.380120 0.774363 0.379803 0.758586 0.379486 0.742810 0.379292 0.725625 0.379097 0.708439 0.386873 0.702220 0.411830 0.703116 0.487459 0.727357 0.485531 0.708401 0.493178 0.708456 0.494189 0.726236 0.491466 0.760467 0.489386 0.746313 0.495199 0.744016 0.496291 0.759338 0.494357 0.786212 0.493546 0.774621 0.497383 0.774660 0.497796 0.787846 0.485587 0.842058 0.495167 0.797802 0.498210 0.801033 0.493209 0.842058 0.468152 0.848371 0.450704 0.847581 0.430744 0.847500 0.410784 0.847419 0.451485 0.704009 0.468525 0.703065 0.431658 0.703563 0.386862 0.849163 0.378771 0.842058 0.379242 0.801669 0.485601 0.849161 0.284274 0.652354 0.297561 0.646395 0.305039 0.644189 0.311746 0.643719 0.319471 0.644250 0.327390 0.645941 0.334243 0.648768 0.341546 0.652494 0.485565 0.702121 0.762603 0.039133 0.775422 0.010121 0.790837 0.010121 0.782932 0.037361 0.816632 0.010121 0.844071 0.010121 0.844071 0.038678 0.819619 0.039308 0.586689 0.010121 0.603366 0.010121 0.607816 0.051112 0.586689 0.053825 0.689977 0.010121 0.720400 0.010121 0.714366 0.045315 0.689295 0.046460 0.719953 0.171900 0.735769 0.169713 0.738429 0.179645 0.722654 0.181491 0.699899 0.175967 0.700532 0.181819 0.662554 0.187039 0.661555 0.181081 0.684491 0.176502 0.685555 0.182860 0.601404 0.188386 0.633030 0.185207 0.633125 0.190924 0.601404 0.196086 0.770490 0.166157 0.783643 0.165910 0.782788 0.177864 0.772017 0.177120 0.628199 0.048633 0.658521 0.047108 0.658005 0.081761 0.629341 0.084907 0.607475 0.121011 0.586689 0.131012 0.586689 0.090864 0.608021 0.087780 0.794460 0.114696 0.776568 0.113429 0.778698 0.078913 0.797041 0.080593 0.624291 0.010121 0.659351 0.010121 0.752097 0.164501 0.742008 0.141640 0.754510 0.145874 0.771246 0.150495 0.784343 0.150710 0.815547 0.082548 0.844071 0.082918 0.844071 0.137169 0.812970 0.118295 0.742662 0.139178 0.754657 0.141728 0.710591 0.145679 0.707639 0.138899 0.730672 0.135116 0.731482 0.142475 0.773413 0.144654 0.785690 0.145608 0.701592 0.155536 0.683826 0.155498 0.659432 0.156045 0.633061 0.159406 0.634005 0.156462 0.660513 0.153588 0.604627 0.161572 0.607843 0.158991 0.802651 0.176254 0.803786 0.171331 0.830086 0.182340 0.829447 0.188458 0.948584 0.421181 0.958763 0.413563 0.969178 0.426435 0.958996 0.435196 0.979094 0.547616 0.970777 0.564968 0.955504 0.557494 0.963973 0.539925 0.949085 0.529998 0.938296 0.549153 0.940763 0.426702 0.952140 0.441284 0.944695 0.448288 0.932706 0.432031 0.916716 0.491935 0.925666 0.492318 0.927197 0.500401 0.917314 0.502342 0.922688 0.459750 0.934239 0.469913 0.918673 0.473345 0.919046 0.540947 0.922802 0.526186 0.921049 0.513817 0.935481 0.512772 0.915532 0.442075 0.896293 0.492311 0.907268 0.492034 0.907310 0.501700 0.896093 0.499131 0.905916 0.467389 0.906923 0.475652 0.895339 0.479343 0.893983 0.472617 0.898355 0.452954 0.884073 0.465044 0.904553 0.521738 0.900882 0.532275 0.885330 0.520834 0.893972 0.512923 0.906004 0.511501 0.895149 0.504834 0.890336 0.492622 0.890423 0.498173 0.890432 0.486800 0.896303 0.485962 0.884000 0.492907 0.884371 0.497763 0.876203 0.499152 0.875397 0.492446 0.884178 0.487057 0.875537 0.485743 0.890946 0.480938 0.886073 0.481427 0.877338 0.478218 0.891058 0.503429 0.886480 0.503084 0.878283 0.507477 0.952792 0.520392 0.946985 0.503765 0.989393 0.502485 0.983106 0.518331 0.945586 0.485464 0.949171 0.467036 0.988764 0.465760 0.989997 0.484098 0.954726 0.450345 0.986136 0.456100 0.958986 0.527156 0.977958 0.527190 0.963950 0.530070 0.973443 0.529930 0.968826 0.443600 0.981204 0.447602 0.928606 0.482392 0.917832 0.482490 0.907333 0.483555 0.752446 0.010121 0.739272 0.041919 0.709800 0.080157 0.732633 0.079492 0.729407 0.108366 0.707298 0.107701 0.685612 0.110338 0.686359 0.080610 0.699151 0.153129 0.684215 0.153384 0.803734 0.010121 0.801504 0.037665 0.839090 0.151550 0.838700 0.154105 0.811348 0.147303 0.811008 0.143204 0.855543 0.156119 0.854107 0.158023 0.834095 0.166548 0.860991 0.167577 0.804897 0.157002 0.863508 0.164994 0.634996 0.153477 0.611058 0.156411 0.605173 0.145879 0.633678 0.146573 0.776810 0.133235 0.793129 0.133139 0.787750 0.139886 0.776048 0.138010 0.754999 0.137715 0.747974 0.134670 0.752758 0.112643 0.756279 0.079812 0.659203 0.112394 0.696589 0.150823 0.684632 0.151263 0.686500 0.143236 0.705442 0.134345 0.661685 0.150972 0.661932 0.143364 0.630572 0.116393 0.755520 0.174060 0.854298 0.188532 0.854298 0.194613 0.739795 0.192516 0.723239 0.194915 0.723250 0.188798 0.739341 0.186866 0.703590 0.200728 0.701083 0.187722 0.686788 0.189306 0.684416 0.206696 0.663398 0.209742 0.663671 0.193198 0.633338 0.196898 0.630426 0.211100 0.601404 0.212709 0.601404 0.203786 0.828478 0.195188 0.826765 0.199839 0.804084 0.194858 0.801497 0.181887 0.776066 0.196591 0.773424 0.186003 0.782443 0.187073 0.789502 0.197237 0.759367 0.192625 0.854298 0.200695 0.854298 0.207912 0.688876 0.241458 0.706183 0.235642 0.759013 0.216611 0.775383 0.218238 0.628545 0.227767 0.658264 0.233457 0.791695 0.217143 0.854298 0.217712 0.822912 0.213177 0.781353 0.322397 0.781173 0.352618 0.766301 0.353109 0.766873 0.325259 0.830077 0.325819 0.854298 0.330115 0.854298 0.358891 0.830619 0.357542 0.601404 0.331843 0.627403 0.331097 0.629238 0.361310 0.601404 0.362316 0.744684 0.220604 0.725898 0.226896 0.752845 0.353768 0.751632 0.327134 0.814419 0.355289 0.812786 0.322354 0.797257 0.320398 0.798213 0.353067 0.658821 0.331166 0.661765 0.360223 0.690569 0.355660 0.688404 0.327857 0.714460 0.327857 0.733209 0.327476 0.735717 0.355531 0.716992 0.358111 0.601404 0.221210 0.807446 0.214550 0.636770 0.391739 0.601404 0.391739 0.854298 0.391739 0.820695 0.391739 0.788146 0.391739 0.763796 0.391739 0.726123 0.391739 0.697356 0.391739 0.749018 0.391739 0.804421 0.391739 0.668184 0.391739 0.839498 0.148903 0.810141 0.137264 0.586689 0.140271 0.727739 0.128557 0.829098 0.256736 0.826688 0.230158 0.854298 0.230466 0.854298 0.254765 0.810874 0.256882 0.809418 0.231048 0.776495 0.234628 0.793137 0.233179 0.794571 0.258738 0.778149 0.260601 0.759826 0.234367 0.761676 0.261279 0.745179 0.237357 0.746816 0.263175 0.728431 0.267853 0.726665 0.243491 0.710017 0.271998 0.708201 0.250468 0.689444 0.273504 0.689637 0.253503 0.656837 0.272660 0.657324 0.249131 0.627131 0.243974 0.626055 0.269114 0.601404 0.257680 0.601404 0.233764 0.757729 0.180652 0.793362 0.167816 0.790931 0.178981 0.795186 0.154644 0.801537 0.147650 0.796198 0.150024 0.791653 0.185578 0.790503 0.182907 0.773357 0.183788 0.781957 0.184572 0.936858 0.552948 0.917590 0.544153 0.953918 0.560617 0.969089 0.568050 0.946910 0.418510 0.956784 0.411220 0.938865 0.423977 0.931397 0.428508 0.913678 0.438985 0.896459 0.450387 0.880344 0.461797 0.872889 0.473518 0.868448 0.492109 0.869364 0.482034 0.869392 0.503337 0.883030 0.522477 0.873740 0.513179 0.899648 0.534543 0.764386 0.297036 0.749346 0.298400 0.780059 0.295294 0.796140 0.293337 0.812414 0.292710 0.830269 0.295654 0.854298 0.299577 0.601404 0.301785 0.626969 0.303779 0.657405 0.304659 0.688832 0.302432 0.712399 0.302029 0.730865 0.300573 0.797245 0.144935 0.857140 0.153980 0.866025 0.162412 0.968889 0.531431 0.375646 0.039139 0.355315 0.037363 0.347397 0.010121 0.362813 0.010121 0.321602 0.010121 0.318619 0.039307 0.294163 0.038678 0.294163 0.010121 0.551545 0.010121 0.551545 0.053825 0.530421 0.051116 0.534868 0.010121 0.448257 0.010121 0.448950 0.046473 0.423882 0.045329 0.417834 0.010121 0.418338 0.171971 0.415632 0.181559 0.399852 0.179713 0.402520 0.169786 0.438389 0.176028 0.437756 0.181878 0.475712 0.187069 0.452726 0.182908 0.453789 0.176551 0.476710 0.181111 0.536830 0.188386 0.536830 0.196086 0.505128 0.190934 0.505221 0.185217 0.367767 0.166219 0.366228 0.177175 0.355443 0.177910 0.354597 0.165964 0.510040 0.048640 0.508901 0.084916 0.480243 0.081778 0.479721 0.047118 0.530762 0.121015 0.530217 0.087785 0.551545 0.090864 0.551545 0.131012 0.343803 0.114720 0.341215 0.080602 0.359567 0.078928 0.361708 0.113466 0.513943 0.010121 0.478883 0.010121 0.386184 0.164572 0.383787 0.145947 0.396304 0.141723 0.353910 0.150768 0.367027 0.150560 0.322699 0.082552 0.325280 0.118307 0.294163 0.137169 0.294163 0.082918 0.383642 0.141801 0.395650 0.139260 0.427709 0.145752 0.406826 0.142554 0.407636 0.135193 0.430659 0.138967 0.352566 0.145663 0.364862 0.144717 0.436700 0.155604 0.454452 0.155548 0.478826 0.156068 0.477745 0.153617 0.504238 0.156468 0.505182 0.159411 0.533607 0.161572 0.530391 0.158991 0.335571 0.176276 0.308776 0.188460 0.308139 0.182343 0.334439 0.171355 0.948862 0.354526 0.959221 0.340489 0.969352 0.349261 0.958924 0.362073 0.979370 0.228097 0.964249 0.235782 0.955783 0.218213 0.971058 0.210744 0.949363 0.245708 0.938575 0.226553 0.941042 0.349001 0.932987 0.343675 0.944959 0.327412 0.952388 0.334408 0.916995 0.283772 0.917594 0.273364 0.927476 0.275306 0.925946 0.283389 0.922965 0.315956 0.918951 0.302363 0.934515 0.305797 0.923081 0.249520 0.919325 0.234759 0.921328 0.261889 0.935760 0.262934 0.915812 0.333631 0.896573 0.283395 0.896372 0.276576 0.907589 0.274007 0.907547 0.283673 0.906195 0.308318 0.894262 0.303090 0.895618 0.296364 0.907202 0.300055 0.898634 0.322753 0.884352 0.310662 0.904832 0.253969 0.894251 0.262783 0.885610 0.254873 0.901161 0.243431 0.906283 0.264206 0.895428 0.270873 0.890615 0.283084 0.890702 0.277534 0.890711 0.288907 0.896582 0.289744 0.884279 0.282800 0.875676 0.283261 0.876482 0.276555 0.884650 0.277944 0.884457 0.288650 0.875816 0.289963 0.891225 0.294768 0.877617 0.297488 0.886352 0.294279 0.891338 0.272277 0.886760 0.272623 0.878562 0.268230 0.954470 0.258111 0.984784 0.260172 0.991071 0.276019 0.948663 0.274739 0.947263 0.293040 0.991675 0.294405 0.990441 0.312743 0.950849 0.311467 0.987814 0.322404 0.956403 0.328159 0.960663 0.251347 0.979636 0.251313 0.965628 0.248434 0.970567 0.247072 0.975121 0.248573 0.982882 0.330901 0.970503 0.334904 0.928886 0.293317 0.918111 0.293217 0.907612 0.292152 0.385788 0.010121 0.398978 0.041929 0.428466 0.080186 0.430982 0.107747 0.408883 0.108418 0.405638 0.079522 0.452656 0.110376 0.451899 0.080635 0.439138 0.153196 0.454062 0.153439 0.336738 0.037665 0.334500 0.010121 0.299144 0.151551 0.327238 0.143223 0.326896 0.147321 0.299533 0.154107 0.284127 0.158023 0.282691 0.156119 0.304136 0.166552 0.277243 0.167577 0.333339 0.157029 0.274726 0.164994 0.503247 0.153482 0.504564 0.146579 0.533061 0.145879 0.527176 0.156411 0.361467 0.133288 0.362228 0.138068 0.350509 0.139935 0.345130 0.133176 0.390331 0.134743 0.383300 0.137786 0.381993 0.079836 0.385533 0.112692 0.479051 0.112417 0.441699 0.150888 0.432850 0.134409 0.451778 0.143288 0.453646 0.151314 0.476327 0.143391 0.476574 0.150997 0.507670 0.116403 0.382750 0.174126 0.283936 0.188532 0.283936 0.194613 0.398477 0.192572 0.398935 0.186928 0.415033 0.188861 0.415041 0.194970 0.434691 0.200771 0.437203 0.187777 0.451493 0.189350 0.474596 0.193227 0.474870 0.209763 0.453859 0.206727 0.504916 0.196907 0.536830 0.203786 0.536830 0.212709 0.507827 0.211107 0.309745 0.195189 0.336724 0.181908 0.334139 0.194870 0.311458 0.199839 0.362173 0.196623 0.348727 0.197258 0.355787 0.187110 0.364815 0.186048 0.378889 0.192672 0.283936 0.200695 0.283936 0.207912 0.449395 0.241461 0.432091 0.235648 0.379239 0.216631 0.362859 0.218247 0.509711 0.227769 0.480003 0.233463 0.346538 0.217144 0.283936 0.217712 0.315313 0.213172 0.356895 0.322387 0.371378 0.325245 0.371947 0.353101 0.357073 0.352614 0.308162 0.325816 0.307618 0.357542 0.283936 0.358891 0.283936 0.330115 0.536830 0.331843 0.536830 0.362316 0.509003 0.361306 0.510847 0.331092 0.412371 0.226911 0.393576 0.220624 0.386623 0.327118 0.385404 0.353758 0.323822 0.355289 0.325456 0.322349 0.340030 0.353066 0.340988 0.320390 0.476481 0.360217 0.479435 0.331158 0.447682 0.355652 0.449857 0.327846 0.423803 0.327841 0.421260 0.358102 0.402534 0.355520 0.405052 0.327458 0.536830 0.221210 0.330781 0.214547 0.536830 0.391739 0.501464 0.391739 0.317539 0.391739 0.283936 0.391739 0.374438 0.391739 0.350088 0.391739 0.440878 0.391739 0.412111 0.391739 0.389216 0.391739 0.333813 0.391739 0.470051 0.391739 0.328106 0.137283 0.298736 0.148903 0.551545 0.140271 0.410564 0.128626 0.309133 0.256723 0.283936 0.254765 0.283936 0.230466 0.311541 0.230146 0.327359 0.256866 0.328812 0.231033 0.361748 0.234620 0.360094 0.260585 0.343668 0.258721 0.345098 0.233166 0.378425 0.234365 0.376574 0.261264 0.393080 0.237356 0.391441 0.263157 0.411603 0.243487 0.409834 0.267836 0.428252 0.271984 0.430072 0.250462 0.448822 0.273497 0.448633 0.253501 0.481429 0.272655 0.480942 0.249130 0.511128 0.243972 0.512205 0.269109 0.536830 0.257680 0.536830 0.233764 0.380534 0.180713 0.344868 0.167857 0.347292 0.179018 0.343053 0.154688 0.336706 0.147683 0.342044 0.150068 0.346569 0.185608 0.347719 0.182941 0.356273 0.184611 0.364882 0.183835 0.917869 0.231553 0.937137 0.222758 0.954198 0.215089 0.969371 0.207661 0.947121 0.357125 0.956948 0.364405 0.939114 0.351690 0.931673 0.347182 0.913957 0.336721 0.896738 0.325320 0.880623 0.313910 0.873168 0.302188 0.869643 0.293672 0.868727 0.283597 0.869671 0.272369 0.874019 0.262528 0.883309 0.253230 0.899928 0.241164 0.373864 0.297020 0.388909 0.298380 0.358185 0.295282 0.342102 0.293328 0.307967 0.295647 0.325826 0.292701 0.283936 0.299577 0.511289 0.303773 0.536830 0.301785 0.480858 0.304651 0.449432 0.302422 0.425869 0.302013 0.407399 0.300552 0.341002 0.144974 0.272209 0.162412 0.281094 0.153980 0.703206 0.521838 0.685805 0.521371 0.662574 0.520856 0.638600 0.519917 0.617405 0.519541 0.858597 0.534603 0.593082 0.522352 0.835536 0.532422 0.818100 0.530497 0.797288 0.528313 0.775413 0.525134 0.750201 0.523120 0.725774 0.522519 0.392127 0.530104 0.416408 0.529721 0.438164 0.529391 0.453708 0.530371 0.477711 0.527997 0.500367 0.526977 0.521924 0.526684 0.284614 0.536506 0.545600 0.527981 0.306897 0.537256 0.325010 0.536758 0.347002 0.534626 0.367563 0.532277</float_array>
          <technique_common>
            <accessor count="2794" source="#Guard02-lib-UV0-array" stride="2">
              <param name="S" type="float"/>
              <param name="T" type="float"/>
            </accessor>
          </technique_common>
        </source>
        <vertices id="Guard02-lib-Vertex">
          <input semantic="POSITION" source="#Guard02-lib-Position"/>
        </vertices>
        <polylist material="Guard_02SG" count="4531">
          <input semantic="VERTEX" offset="0" source="#Guard02-lib-Vertex"/>
          <input semantic="NORMAL" offset="1" source="#Guard02-lib-Normal0"/>
          <input semantic="TEXCOORD" offset="2" set="0" source="#Guard02-lib-UV0"/>
          <vcount> 3 3 3 3 3 3 3 3 3 3 3 3 3 3 3 3 3 3 3 3 3 3 3 3 3 3 3 3 3 3 3 3 3 3 3 3 3 3 3 3 3 3 3 3 3 3 3 3 3 3 3 3 3 3 3 3 3 3 3 3 3 3 3 3 3 3 3 3 3 3 3 3 3 3 3 3 3 3 3 3 3 3 3 3 3 3 3 3 3 3 3 3 3 3 3 3 3 3 3 3 3 3 3 3 3 3 3 3 3 3 3 3 3 3 3 3 3 3 3 3 3 3 3 3 3 3 3 3 3 3 3 3 3 3 3 3 3 3 3 3 3 3 3 3 3 3 3 3 3 3 3 3 3 3 3 3 3 3 3 3 3 3 3 3 3 3 3 3 3 3 3 3 3 3 3 3 3 3 3 3 3 3 3 3 3 3 3 3 3 3 3 3 3 3 3 3 3 3 3 3 3 3 3 3 3 3 3 3 3 3 3 3 3 3 3 3 3 3 3 3 3 3 3 3 3 3 3 3 3 3 3 3 3 3 3 3 3 3 3 3 3 3 3 3 3 3 3 3 3 3 3 3 3 3 3 3 3 3 3 3 3 3 3 3 3 3 3 3 3 3 3 3 3 3 3 3 3 3 3 3 3 3 3 3 3 3 3 3 3 3 3 3 3 3 3 3 3 3 3 3 3 3 3 3 3 3 3 3 3 3 3 3 3 3 3 3 3 3 3 3 3 3 3 3 3 3 3 3 3 3 3 3 3 3 3 3 3 3 3 3 3 3 3 3 3 3 3 3 3 3 3 3 3 3 3 3 3 3 3 3 3 3 3 3 3 3 3 3 3 3 3 3 3 3 3 3 3 3 3 3 3 3 3 3 3 3 3 3 3 3 3 3 3 3 3 3 3 3 3 3 3 3 3 3 3 3 3 3 3 3 3 3 3 3 3 3 3 3 3 3 3 3 3 3 3 3 3 3 3 3 3 3 3 3 3 3 3 3 3 3 3 3 3 3 3 3 3 3 3 3 3 3 3 3 3 3 3 3 3 3 3 3 3 3 3 3 3 3 3 3 3 3 3 3 3 3 3 3 3 3 3 3 3 3 3 3 3 3 3 3 3 3 3 3 3 3 3 3 3 3 3 3 3 3 3 3 3 3 3 3 3 3 3 3 3 3 3 3 3 3 3 3 3 3 3 3 3 3 3 3 3 3 3 3 3 3 3 3 3 3 3 3 3 3 3 3 3 3 3 3 3 3 3 3 3 3 3 3 3 3 3 3 3 3 3 3 3 3 3 3 3 3 3 3 3 3 3 3 3 3 3 3 3 3 3 3 3 3 3 3 3 3 3 3 3 3 3 3 3 3 3 3 3 3 3 3 3 3 3 3 3 3 3 3 3 3 3 3 3 3 3 3 3 3 3 3 3 3 3 3 3 3 3 3 3 3 3 3 3 3 3 3 3 3 3 3 3 3 3 3 3 3 3 3 3 3 3 3 3 3 3 3 3 3 3 3 3 3 3 3 3 3 3 3 3 3 3 3 3 3 3 3 3 3 3 3 3 3 3 3 3 3 3 3 3 3 3 3 3 3 3 3 3 3 3 3 3 3 3 3 3 3 3 3 3 3 3 3 3 3 3 3 3 3 3 3 3 3 3 3 3 3 3 3 3 3 3 3 3 3 3 3 3 3 3 3 3 3 3 3 3 3 3 3 3 3 3 3 3 3 3 3 3 3 3 3 3 3 3 3 3 3 3 3 3 3 3 3 3 3 3 3 3 3 3 3 3 3 3 3 3 3 3 3 3 3 3 3 3 3 3 3 3 3 3 3 3 3 3 3 3 3 3 3 3 3 3 3 3 3 3 3 3 3 3 3 3 3 3 3 3 3 3 3 3 3 3 3 3 3 3 3 3 3 3 3 3 3 3 3 3 3 3 3 3 3 3 3 3 3 3 3 3 3 3 3 3 3 3 3 3 3 3 3 3 3 3 3 3 3 3 3 3 3 3 3 3 3 3 3 3 3 3 3 3 3 3 3 3 3 3 3 3 3 3 3 3 3 3 3 3 3 3 3 3 3 3 3 3 3 3 3 3 3 3 3 3 3 3 3 3 3 3 3 3 3 3 3 3 3 3 3 3 3 3 3 3 3 3 3 3 3 3 3 3 3 3 3 3 3 3 3 3 3 3 3 3 3 3 3 3 3 3 3 3 3 3 3 3 3 3 3 3 3 3 3 3 3 3 3 3 3 3 3 3 3 3 3 3 3 3 3 3 3 3 3 3 3 3 3 3 3 3 3 3 3 3 3 3 3 3 3 3 3 3 3 3 3 3 3 3 3 3 3 3 3 3 3 3 3 3 3 3 3 3 3 3 3 3 3 3 3 3 3 3 3 3 3 3 3 3 3 3 3 3 3 3 3 3 3 3 3 3 3 3 3 3 3 3 3 3 3 3 3 3 3 3 3 3 3 3 3 3 3 3 3 3 3 3 3 3 3 3 3 3 3 3 3 3 3 3 3 3 3 3 3 3 3 3 3 3 3 3 3 3 3 3 3 3 3 3 3 3 3 3 3 3 3 3 3 3 3 3 3 3 3 3 3 3 3 3 3 3 3 3 3 3 3 3 3 3 3 3 3 3 3 3 3 3 3 3 3 3 3 3 3 3 3 3 3 3 3 3 3 3 3 3 3 3 3 3 3 3 3 3 3 3 3 3 3 3 3 3 3 3 3 3 3 3 3 3 3 3 3 3 3 3 3 3 3 3 3 3 3 3 3 3 3 3 3 3 3 3 3 3 3 3 3 3 3 3 3 3 3 3 3 3 3 3 3 3 3 3 3 3 3 3 3 3 3 3 3 3 3 3 3 3 3 3 3 3 3 3 3 3 3 3 3 3 3 3 3 3 3 3 3 3 3 3 3 3 3 3 3 3 3 3 3 3 3 3 3 3 3 3 3 3 3 3 3 3 3 3 3 3 3 3 3 3 3 3 3 3 3 3 3 3 3 3 3 3 3 3 3 3 3 3 3 3 3 3 3 3 3 3 3 3 3 3 3 3 3 3 3 3 3 3 3 3 3 3 3 3 3 3 3 3 3 3 3 3 3 3 3 3 3 3 3 3 3 3 3 3 3 3 3 3 3 3 3 3 3 3 3 3 3 3 3 3 3 3 3 3 3 3 3 3 3 3 3 3 3 3 3 3 3 3 3 3 3 3 3 3 3 3 3 3 3 3 3 3 3 3 3 3 3 3 3 3 3 3 3 3 3 3 3 3 3 3 3 3 3 3 3 3 3 3 3 3 3 3 3 3 3 3 3 3 3 3 3 3 3 3 3 3 3 3 3 3 3 3 3 3 3 3 3 3 3 3 3 3 3 3 3 3 3 3 3 3 3 3 3 3 3 3 3 3 3 3 3 3 3 3 3 3 3 3 3 3 3 3 3 3 3 3 3 3 3 3 3 3 3 3 3 3 3 3 3 3 3 3 3 3 3 3 3 3 3 3 3 3 3 3 3 3 3 3 3 3 3 3 3 3 3 3 3 3 3 3 3 3 3 3 3 3 3 3 3 3 3 3 3 3 3 3 3 3 3 3 3 3 3 3 3 3 3 3 3 3 3 3 3 3 3 3 3 3 3 3 3 3 3 3 3 3 3 3 3 3 3 3 3 3 3 3 3 3 3 3 3 3 3 3 3 3 3 3 3 3 3 3 3 3 3 3 3 3 3 3 3 3 3 3 3 3 3 3 3 3 3 3 3 3 3 3 3 3 3 3 3 3 3 3 3 3 3 3 3 3 3 3 3 3 3 3 3 3 3 3 3 3 3 3 3 3 3 3 3 3 3 3 3 3 3 3 3 3 3 3 3 3 3 3 3 3 3 3 3 3 3 3 3 3 3 3 3 3 3 3 3 3 3 3 3 3 3 3 3 3 3 3 3 3 3 3 3 3 3 3 3 3 3 3 3 3 3 3 3 3 3 3 3 3 3 3 3 3 3 3 3 3 3 3 3 3 3 3 3 3 3 3 3 3 3 3 3 3 3 3 3 3 3 3 3 3 3 3 3 3 3 3 3 3 3 3 3 3 3 3 3 3 3 3 3 3 3 3 3 3 3 3 3 3 3 3 3 3 3 3 3 3 3 3 3 3 3 3 3 3 3 3 3 3 3 3 3 3 3 3 3 3 3 3 3 3 3 3 3 3 3 3 3 3 3 3 3 3 3 3 3 3 3 3 3 3 3 3 3 3 3 3 3 3 3 3 3 3 3 3 3 3 3 3 3 3 3 3 3 3 3 3 3 3 3 3 3 3 3 3 3 3 3 3 3 3 3 3 3 3 3 3 3 3 3 3 3 3 3 3 3 3 3 3 3 3 3 3 3 3 3 3 3 3 3 3 3 3 3 3 3 3 3 3 3 3 3 3 3 3 3 3 3 3 3 3 3 3 3 3 3 3 3 3 3 3 3 3 3 3 3 3 3 3 3 3 3 3 3 3 3 3 3 3 3 3 3 3 3 3 3 3 3 3 3 3 3 3 3 3 3 3 3 3 3 3 3 3 3 3 3 3 3 3 3 3 3 3 3 3 3 3 3 3 3 3 3 3 3 3 3 3 3 3 3 3 3 3 3 3 3 3 3 3 3 3 3 3 3 3 3 3 3 3 3 3 3 3 3 3 3 3 3 3 3 3 3 3 3 3 3 3 3 3 3 3 3 3 3 3 3 3 3 3 3 3 3 3 3 3 3 3 3 3 3 3 3 3 3 3 3 3 3 3 3 3 3 3 3 3 3 3 3 3 3 3 3 3 3 3 3 3 3 3 3 3 3 3 3 3 3 3 3 3 3 3 3 3 3 3 3 3 3 3 3 3 3 3 3 3 3 3 3 3 3 3 3 3 3 3 3 3 3 3 3 3 3 3 3 3 3 3 3 3 3 3 3 3 3 3 3 3 3 3 3 3 3 3 3 3 3 3 3 3 3 3 3 3 3 3 3 3 3 3 3 3 3 3 3 3 3 3 3 3 3 3 3 3 3 3 3 3 3 3 3 3 3 3 3 3 3 3 3 3 3 3 3 3 3 3 3 3 3 3 3 3 3 3 3 3 3 3 3 3 3 3 3 3 3 3 3 3 3 3 3 3 3 3 3 3 3 3 3 3 3 3 3 3 3 3 3 3 3 3 3 3 3 3 3 3 3 3 3 3 3 3 3 3 3 3 3 3 3 3 3 3 3 3 3 3 3 3 3 3 3 3 3 3 3 3 3 3 3 3 3 3 3 3 3 3 3 3 3 3 3 3 3 3 3 3 3 3 3 3 3 3 3 3 3 3 3 3 3 3 3 3 3 3 3 3 3 3 3 3 3 3 3 3 3 3 3 3 3 3 3 3 3 3 3 3 3 3 3 3 3 3 3 3 3 3 3 3 3 3 3 3 3 3 3 3 3 3 3 3 3 3 3 3 3 3 3 3 3 3 3 3 3 3 3 3 3 3 3 3 3 3 3 3 3 3 3 3 3 3 3 3 3 3 3 3 3 3 3 3 3 3 3 3 3 3 3 3 3 3 3 3 3 3 3 3 3 3 3 3 3 3 3 3 3 3 3 3 3 3 3 3 3 3 3 3 3 3 3 3 3 3 3 3 3 3 3 3 3 3 3 3 3 3 3 3 3 3 3 3 3 3 3 3 3 3 3 3 3 3 3 3 3 3 3 3 3 3 3 3 3 3 3 3 3 3 3 3 3 3 3 3 3 3 3 3 3 3 3 3 3 3 3 3 3 3 3 3 3 3 3 3 3 3 3 3 3 3 3 3 3 3 3 3 3 3 3 3 3 3 3 3 3 3 3 3 3 3 3 3 3 3 3 3 3 3 3 3 3 3 3 3 3 3 3 3 3 3 3 3 3 3 3 3 3 3 3 3 3 3 3 3 3 3 3 3 3 3 3 3 3 3 3 3 3 3 3 3 3 3 3 3 3 3 3 3 3 3 3 3 3 3 3 3 3 3 3 3 3 3 3 3 3 3 3 3 3 3 3 3 3 3 3 3 3 3 3 3 3 3 3 3 3 3 3 3 3 3 3 3 3 3 3 3 3 3 3 3 3 3 3 3 3 3 3 3 3 3 3 3 3 3 3 3 3 3 3 3 3 3 3 3 3 3 3 3 3 3 3 3 3 3 3 3 3 3 3 3 3 3 3 3 3 3 3 3 3 3 3 3 3 3 3 3 3 3 3 3 3 3 3 3 3 3 3 3 3 3 3 3 3 3 3 3 3 3 3 3 3 3 3 3 3 3 3 3 3 3 3 3 3 3 3 3 3 3 3 3 3 3 3 3 3 3 3 3 3 3 3 3 3 3 3 3 3 3 3 3 3 3 3 3 3 3 3 3 3 3 3 3 3 3 3 3 3 3 3 3 3 3 3 3 3 3 3 3 3 3 3 3 3 3 3 3 3 3 3 3 3 3 3 3 3 3 3 3 3 3 3 3 3 3 3 3 3 3 3 3 3 3 3 3 3 3 3 3 3 3 3 3 3 3 3 3 3 3 3 3 3 3 3 3 3 3 3 3 3 3 3 3 3 3 3 3 3 3 3 3 3 3 3 3 3 3 3 3 3 3 3 3 3 3 3 3 3 3 3 3 3 3 3 3 3 3 3 3 3 3 3 3 3 3 3 3 3 3 3 3 3 3 3 3 3 3 3 3 3 3 3 3 3 3 3 3 3 3 3 3 3 3 3 3 3 3 3 3 3 3 3 3 3 3 3 3 3 3 3 3 3 3 3 3 3 3 3 3 3 3 3 3 3 3 3 3 3 3 3 3 3 3 3 3 3 3 3 3 3 3 3 3 3 3 3 3 3 3 3 3 3 3 3 3 3 3 3 3 3 3 3 3 3 3 3 3 3 3 3 3 3 3 3 3 3 3 3 3 3 3 3 3 3 3 3 3 3 3 3 3 3 3 3 3 3 3 3 3 3 3 3 3 3 3 3 3 3 3 3 3 3 3 3 3 3 3 3 3 3 3 3 3 3 3 3 3 3 3 3 3 3 3 3 3 3 3 3 3 3 3 3 3 3 3 3 3 3 3 3 3 3 3 3 3 3 3 3 3 3 3 3 3 3 3 3 3 3 3 3 3 3 3 3 3 3 3 3 3 3 3 3 3 3 3 3 3 3 3 3 3 3 3 3 3 3 3 3 3 3 3 3 3 3 3 3 3 3 3 3 3 3 3 3 3 3 3 3 3 3 3 3 3 3 3 3 3 3 3 3 3 3 3 3 3 3 3 3 3 3 3 3 3 3 3 3 3 3 3 3 3 3 3 3 3 3 3 3 3 3 3 3 3 3 3 3 3 3 3 3 3 3 3 3 3 3 3 3 3 3 3 3 3 3 3 3 3 3 3 3 3 3 3 3 3 3 3 3 3 3 3 3 3 3 3 3 3 3 3 3 3 3 3 3 3 3 3 3 3 3 3 3 3 3 3 3 3 3 3 3 3 3 3 3 3 3 3 3 3 3 3 3 3 3 3 3 3 3 3 3 3 3 3 3 3 3 3 3 3 3 3 3 3 3 3 3 3 3 3 3 3 3 3 3 3 3 3 3 3 3 3 3 3 3 3 3 3 3 3 3 3 3 3 3 3 3 3 3 3 3 3 3 3 3 3 3 3 3 3 3 3 3 3 3 3 3 3 3 3 3 3 3 3 3 3 3 3 3 3 3 3 3 3 3 3 3 3 3 3 3 3 3 3 3 3 3 3 3 3 3 3 3 3 3 3 3 3 3 3 3 3 3 3 3 3 3 3 3 3 3 3 3 3 3 3 3 3 3 3 3 3 3 3 3 3 3 3 3 3 3 3 3 3 3 3 3 3 3 3 3 3 3 3 3 3 3 3 3 3 3 3 3 3 3 3 3 3 3 3 3 3 3 3 3 3 3 3 3 3 3 3 3 3 3 3 3 3 3 3 3 3 3 3 3 3 3 3 3 3 3 3 3 3 3 3 3 3 3 3 3 3 3 3 3 3 3 3 3 3 3 3 3 3 3 3 3 3 3 3 3 3 3 3 3 3 3 3 3 3 3 3 3 3 3 3 3 3 3 3 3 3 3 3 3 3 3 3 3 3 3 3 3 3 3 3 3 3 3 3 3 3 3 3 3 3 3 3 3 3 3 3 3 3 3 3 3 3 3 3 3 3 3 3 3 3 3 3 3 3 3 3 3 3 3 3 3 3 3 3 3 3 3 3 3 3 3 3 3 3 3 3 3 3 3 3 3 3 3 3 3 3 3 3 3 3 3 3 3 3 3 3 3 3 3 3 3 3 3 3 3 3 3 3 3 3 3 3 3 3 3 3 3 3 3 3 3 3 3 3 3 3 3 3 3 3 3 3 3 3 3 3 3 3 3 3 3 3 3 3 3 3 3 3 3 3 3 3 3 3 3 3 3 3 3 3 3 3 3 3 3 3 3 3 3 3 3 3 3 3 3 3 3 3 3 3 3 3 3 3 3 3 3 3 3 3 3 3 3 3 3 3 3 3 3 3 3 3 3 3 3 3 3 3 3 3 3 3 3 3 3 3 3 3 3 3 3 3 3 3 3 3 3 3 3 3 3 3 3 3 3 3 3 3 3 3 3 3 3 3 3 3 3 3 3 3 3 3 3 3 3 3 3 3 3 3 3 3 3 3 3 3 3 3 3 3 3 3 3 3 3 3 3 3 3 3 3 3 3 3 3 3 3 3 3 3 3 3 3 3 3 3 3 3 3 3 3 3 3 3 3 3 3 3 3 3 3 3 3 3 3 3 3 3 3 3 3 3 3 3 3 3 3 3 3 3 3 3 3 3 3 3 3 3 3 3 3 3 3 3 3 3 3 3 3 3 3 3 3 3 3 3 3 3 3 3 3 3 3 3 3 3 3 3 3 3 3 3 3 3 3 3 3 3 3 3 3 3 3 3 3 3 3 3 3 3 3 3 3 3 3 3 3 3 3 3 3 3 3 3 3 3 3 3 3 3 3 3 3 3 3 3 3 3 3 3 3 3 3 3 3 3 3 3 3 3 3 3 3 3 3 3 3 3 3 3 3 3 3 3 3 3 3 3 3 3 3 3 3 3 3 3 3 3 3 3 3 3 3 3 3 3 3 3 3 3 3 3 3 3 3 3 3 3 3 3 3 3 3 3 3 3 3 3 3 3 3 3 3 3 3 3 3 3 3 3 3 3 3 3 3 3 3 3 3 3 3 3 3 3 3 3 3 3 3 3 3 3 3 3 3 3 3 3 3 3 3 3 3 3 3 3 3 3 3 3 3 3 3 3 3 3 3 3 3 3 3 3 3 3 3 3 3 3 3 3 3 3 3 3 3 3 3 3 3 3 3 3 3 3 3 3 3 3 3 3 3 3 3 3 3 3 3 3 3 3 3 3 3 3 3 3 3 3 3 3 3 3 3 3 3 3 3 3 3 3 3 3 3 3 3 3 3 3 3 3 3 3 3 3 3 3 3 3 3 3 3 3 3 3 3 3 3 3 3 3 3 3 3 3 3 3 3 3 3 3 3 3 3 3 3 3 3 3 3 3 3 3 3 3 3 3 3 3 3 3 3 3 3 3 3 3 3 3 3 3 3 3 3 3 3 3 3 3 3 3 3 3 3 3 3 3 3 3 3 3 3 3 3 3 3 3 3 3 3 3 3 3 3 3 3 3 3 3 3 3 3 3 3 3 3 3 3 3 3 3 3 3 3 3 3 3 3 3 3 3 3 3 3 3 3 3 3 3 3 3 3 3 3 3 3 3 3 3 3 3 3 3 3 3 3 3 3 3 3 3 3 3 3 3 3 3 3 3 3 3 3 3 3 3 3 3 3 3 3 3 3 3 3 3 3 3 3 3 3 3 3 3 3 3 3 3 3 3 3 3 3 3 3 3 3 3 3 3 3 3 3 3 3 3 3 3 3 3 3 3 3 3 3 3 3 3 3 3 3 3 3 3 3 3 3 3 3 3 3 3 3 3 3 3 3 3 3 3 3 3 3 3 3 3 3 3 3 3 3 3 3 3 3 3 3 3 3 3 3 3 3 3 3 3 3 3 3 3 3 3 3 3 3 3 3 3 3 3 3 3 3 3 3 3 3 3 3 3 3 3 3 3 3 3 3 3 3 3 3 3 3 3 3 3 3 3 3 3 3 3 3 3 3 3 3 3 3 3 3 3 3 3 3 3 3 3</vcount>
          <p> 176 176 0 177 177 1 222 222 2 176 176 0 222 222 2 223 223 3 221 221 5 177 177 1 178 178 4 177 177 1 221 221 5 222 222 2 220 220 7 178 178 4 179 179 6 178 178 4 220 220 7 221 221 5 180 180 8 219 219 9 179 179 6 179 179 6 219 219 9 220 220 7 217 217 12 181 181 10 182 182 11 217 217 12 218 218 13 181 181 10 42 42 15 116 116 16 41 41 14 115 115 17 41 41 14 116 116 16 189 189 21 211 211 19 212 212 20 211 211 19 189 189 21 190 190 18 190 190 18 210 210 23 211 211 19 210 210 23 190 190 18 191 191 22 10 10 24 4 4 26 22 22 27 4 4 26 10 10 24 0 0 25 22 22 27 11 11 28 10 10 24 11 11 28 22 22 27 23 23 29 12 12 30 11 11 28 23 23 29 12 12 30 23 23 29 24 24 31 24 24 31 25 25 33 13 13 32 13 13 32 12 12 30 24 24 31 26 26 37 48 48 35 49 49 36 48 48 35 26 26 37 14 14 34 32 32 41 47 47 39 27 27 40 47 47 39 32 32 41 46 46 38 33 33 44 29 29 42 28 28 43 29 29 42 33 33 44 35 35 45 35 35 45 30 30 46 29 29 42 30 30 46 35 35 45 36 36 47 36 36 47 31 31 48 30 30 46 31 31 48 36 36 47 37 37 49 31 31 48 37 37 49 6 6 50 6 6 50 37 37 49 7 7 51 35 35 45 33 33 44 34 34 52 21 21 53 35 35 45 34 34 52 193 193 57 207 207 55 208 208 56 207 207 55 193 193 57 194 194 54 207 207 55 195 195 58 206 206 59 195 195 58 207 207 55 194 194 54 206 206 59 195 195 58 205 205 60 205 205 60 195 195 58 196 196 61 38 38 63 3 3 65 20 20 62 3 3 65 38 38 63 8 8 64 20 20 62 45 45 67 38 38 63 45 45 67 20 20 62 44 44 66 39 39 69 27 27 40 40 40 68 27 27 40 39 39 69 32 32 41 41 41 14 166 166 70 14 14 34 41 41 14 14 14 34 42 42 15 191 191 22 209 209 72 210 210 23 209 209 72 191 191 22 192 192 71 44 44 66 34 34 52 45 45 67 34 34 52 44 44 66 21 21 53 46 46 38 58 58 73 33 33 44 46 46 38 28 28 43 47 47 39 28 28 43 46 46 38 33 33 44 218 218 13 180 180 8 181 181 10 180 180 8 218 218 13 219 219 9 25 25 33 49 49 36 13 13 32 49 49 36 48 48 35 13 13 32 32 32 75 51 51 77 46 46 74 51 51 77 32 32 75 50 50 76 52 52 80 8 8 78 38 38 79 8 8 78 52 52 80 9 9 81 38 38 79 53 53 83 52 52 80 53 53 83 38 38 79 45 45 82 41 41 14 128 128 85 54 54 84 128 128 85 41 41 14 115 115 17 39 39 86 50 50 76 32 32 75 50 50 76 39 39 86 55 55 87 39 39 86 40 40 88 56 56 89 39 39 86 56 56 89 55 55 87 184 184 93 216 216 91 183 183 92 216 216 91 184 184 93 215 215 90 46 46 74 57 57 95 58 58 94 57 57 95 46 46 74 51 51 77 58 58 94 57 57 95 45 45 82 53 53 83 45 45 82 57 57 95 45 45 67 33 33 44 58 58 73 33 33 44 45 45 67 34 34 52 60 60 97 2 2 99 19 19 96 2 2 99 60 60 97 59 59 98 19 19 96 61 61 101 60 60 97 61 61 101 19 19 96 43 43 100 43 43 100 62 62 103 61 61 101 62 62 103 43 43 100 18 18 102 18 18 102 63 63 104 62 62 103 63 63 104 18 18 102 17 17 105 17 17 105 64 64 106 63 63 104 64 64 106 17 17 105 16 16 107 64 64 106 15 15 109 65 65 108 15 15 109 64 64 106 16 16 107 66 66 110 65 65 108 15 15 109 66 66 110 15 15 109 1 1 111 67 67 112 68 68 113 51 51 77 67 67 112 51 51 77 50 50 76 52 52 80 69 69 115 9 9 81 69 69 115 52 52 80 70 70 114 70 70 114 53 53 83 71 71 116 53 53 83 70 70 114 52 52 80 72 72 118 128 128 85 143 143 117 128 128 85 72 72 118 54 54 84 73 73 119 67 67 112 50 50 76 50 50 76 55 55 87 73 73 119 56 56 89 73 73 119 55 55 87 73 73 119 56 56 89 74 74 120 214 214 122 184 184 93 185 185 121 184 184 93 214 214 122 215 215 90 75 75 123 53 53 83 57 57 95 75 75 123 71 71 116 53 53 83 68 68 113 75 75 123 57 57 95 68 68 113 57 57 95 51 51 77 77 77 125 4 4 26 76 76 124 4 4 26 77 77 125 22 22 27 77 77 125 78 78 126 23 23 29 23 23 29 22 22 27 77 77 125 78 78 126 79 79 127 24 24 31 24 24 31 23 23 29 78 78 126 24 24 31 80 80 128 25 25 33 80 80 128 24 24 31 79 79 127 25 25 33 81 81 129 49 49 36 81 81 129 25 25 33 80 80 128 26 26 37 83 83 131 5 5 132 83 83 131 26 26 37 82 82 130 49 49 36 82 82 130 26 26 37 82 82 130 49 49 36 81 81 129 26 26 37 42 42 15 14 14 34 42 42 15 26 26 37 5 5 132 212 212 20 188 188 133 189 189 21 188 188 133 212 212 20 213 213 134 213 213 134 187 187 135 188 188 133 187 187 135 213 213 134 200 200 136 202 202 140 186 186 138 201 201 139 186 186 138 202 202 140 199 199 137 203 203 142 199 199 137 202 202 140 199 199 137 203 203 142 198 198 141 203 203 142 204 204 144 197 197 143 203 203 142 197 197 143 198 198 141 204 204 144 205 205 145 197 197 143 205 205 145 196 196 146 197 197 143 84 84 147 4 4 149 0 0 150 4 4 149 84 84 147 96 96 148 84 84 147 85 85 151 96 96 148 85 85 151 97 97 152 96 96 148 97 97 152 86 86 153 98 98 154 85 85 151 86 86 153 97 97 152 98 98 154 87 87 155 99 99 156 87 87 155 98 98 154 86 86 153 122 122 160 100 100 158 123 123 159 100 100 158 122 122 160 88 88 157 106 106 162 121 121 164 120 120 161 121 121 164 106 106 162 101 101 163 103 103 168 107 107 166 102 102 167 107 107 166 103 103 168 109 109 165 104 104 170 109 109 165 103 103 168 109 109 165 104 104 170 110 110 169 105 105 172 110 110 169 104 104 170 110 110 169 105 105 172 111 111 171 105 105 172 6 6 173 111 111 171 6 6 173 7 7 174 111 111 171 3 3 65 112 112 176 94 94 175 112 112 176 3 3 65 8 8 64 94 94 175 119 119 178 118 118 177 119 119 178 94 94 175 112 112 176 113 113 179 101 101 163 106 106 162 101 101 163 113 113 179 114 114 180 201 201 139 187 187 135 200 200 136 187 187 135 201 201 139 186 186 138 108 108 182 118 118 177 119 119 178 118 118 177 108 108 182 95 95 181 120 120 161 107 107 166 132 132 183 120 120 161 102 102 167 107 107 166 102 102 167 120 120 161 121 121 164 99 99 156 87 87 155 123 123 159 123 123 159 87 87 155 122 122 160 106 106 187 125 125 185 124 124 186 125 125 185 106 106 187 120 120 184 9 9 81 126 126 188 8 8 78 112 112 189 8 8 78 126 126 188 112 112 189 127 127 190 119 119 191 127 127 190 112 112 189 126 126 188 124 124 186 113 113 193 106 106 187 113 113 193 124 124 186 129 129 192 129 129 192 130 130 194 113 113 193 114 114 195 113 113 193 130 130 194 131 131 197 120 120 184 132 132 196 120 120 184 131 131 197 125 125 185 119 119 191 127 127 190 131 131 197 119 119 191 131 131 197 132 132 196 132 132 183 107 107 166 119 119 178 107 107 166 108 108 182 119 119 178 223 223 199 224 224 200 176 176 198 175 175 201 176 176 198 224 224 200 174 174 203 175 175 201 225 225 202 175 175 201 224 224 200 225 225 202 173 173 205 174 174 203 226 226 204 174 174 203 225 225 202 226 226 204 172 172 207 173 173 205 227 227 206 173 173 205 226 226 204 227 227 206 228 228 208 171 171 209 172 172 207 172 172 207 227 227 206 228 228 208 229 229 210 171 171 209 228 228 208 171 171 209 229 229 210 170 170 211 230 230 212 170 170 211 229 229 210 170 170 211 230 230 212 169 169 213 231 231 215 168 168 216 230 230 214 169 169 217 230 230 214 168 168 216 2 2 99 133 133 219 93 93 218 133 133 219 2 2 99 59 59 98 93 93 218 134 134 221 117 117 220 134 134 221 93 93 218 133 133 219 135 135 223 117 117 220 134 134 221 117 117 220 135 135 223 92 92 222 135 135 223 136 136 224 92 92 222 136 136 224 91 91 225 92 92 222 136 136 224 137 137 226 91 91 225 137 137 226 90 90 227 91 91 225 137 137 226 89 89 229 90 90 227 89 89 229 137 137 226 138 138 228 1 1 231 89 89 229 66 66 230 138 138 228 66 66 230 89 89 229 124 124 186 125 125 185 139 139 233 139 139 233 125 125 185 140 140 232 69 69 115 126 126 188 9 9 81 126 126 188 69 69 115 141 141 234 141 141 234 127 127 190 126 126 188 127 127 190 141 141 234 142 142 235 144 144 236 124 124 186 139 139 233 124 124 186 144 144 236 129 129 192 130 130 194 144 144 236 145 145 237 144 144 236 130 130 194 129 129 192 142 142 235 146 146 238 127 127 190 127 127 190 146 146 238 131 131 197 146 146 238 140 140 232 131 131 197 131 131 197 140 140 232 125 125 185 232 232 239 168 168 216 231 231 215 168 168 216 232 232 239 167 167 240 147 147 241 4 4 149 96 96 148 4 4 149 147 147 241 76 76 242 148 148 243 147 147 241 97 97 152 96 96 148 97 97 152 147 147 241 149 149 244 148 148 243 98 98 154 97 97 152 98 98 154 148 148 243 150 150 245 98 98 154 99 99 156 98 98 154 150 150 245 149 149 244 151 151 246 99 99 156 123 123 159 99 99 156 151 151 246 150 150 245 100 100 158 83 83 131 152 152 247 83 83 131 100 100 158 5 5 132 123 123 159 152 152 247 151 151 246 152 152 247 123 123 159 100 100 158 116 116 16 100 100 158 88 88 157 100 100 158 116 116 16 5 5 132 1 1 248 15 15 249 153 153 250 15 15 249 16 16 251 153 153 250 16 16 251 17 17 252 153 153 250 17 17 252 18 18 253 153 153 250 18 18 253 43 43 254 153 153 250 19 19 255 2 2 256 153 153 250 43 43 254 19 19 255 153 153 250 89 89 257 1 1 248 153 153 250 90 90 258 89 89 257 153 153 250 91 91 259 90 90 258 153 153 250 92 92 260 91 91 259 153 153 250 117 117 261 92 92 260 153 153 250 2 2 256 93 93 262 153 153 250 93 93 262 117 117 261 153 153 250 42 42 15 5 5 132 116 116 16 109 109 165 95 95 181 108 108 182 109 109 165 108 108 182 107 107 166 192 192 71 208 208 56 209 209 72 208 208 56 192 192 71 193 193 57 217 217 12 182 182 11 216 216 263 216 216 263 182 182 11 183 183 264 154 154 266 122 122 160 155 155 265 122 122 160 154 154 266 88 88 157 156 156 267 155 155 265 87 87 155 122 122 160 87 87 155 155 155 265 157 157 268 156 156 267 86 86 153 87 87 155 86 86 153 156 156 267 158 158 269 157 157 268 85 85 151 86 86 153 85 85 151 157 157 268 159 159 270 158 158 269 84 84 147 85 85 151 84 84 147 158 158 269 160 160 271 159 159 270 0 0 150 84 84 147 0 0 150 159 159 270 0 0 25 10 10 24 161 161 272 0 0 25 161 161 272 160 160 273 162 162 274 10 10 24 11 11 28 10 10 24 162 162 274 161 161 272 163 163 275 11 11 28 12 12 30 11 11 28 163 163 275 162 162 274 12 12 30 13 13 32 164 164 276 12 12 30 164 164 276 163 163 275 13 13 32 48 48 35 165 165 277 165 165 277 164 164 276 13 13 32 166 166 70 165 165 277 48 48 35 166 166 70 48 48 35 14 14 34 115 115 17 88 88 157 154 154 266 88 88 157 115 115 17 116 116 16 167 167 240 128 128 279 168 168 216 128 128 279 167 167 240 143 143 278 128 128 279 115 115 280 169 169 217 169 169 217 168 168 216 128 128 279 115 115 17 170 170 211 169 169 213 170 170 211 115 115 17 154 154 266 155 155 265 170 170 211 154 154 266 170 170 211 155 155 265 171 171 209 171 171 209 156 156 267 172 172 207 156 156 267 171 171 209 155 155 265 156 156 267 173 173 205 172 172 207 173 173 205 156 156 267 157 157 268 174 174 203 157 157 268 158 158 269 157 157 268 174 174 203 173 173 205 175 175 201 158 158 269 159 159 270 158 158 269 175 175 201 174 174 203 176 176 198 159 159 270 160 160 271 159 159 270 176 176 198 175 175 201 176 176 0 161 161 272 177 177 1 161 161 272 176 176 0 160 160 273 177 177 1 162 162 274 178 178 4 162 162 274 177 177 1 161 161 272 163 163 275 178 178 4 162 162 274 178 178 4 163 163 275 179 179 6 179 179 6 164 164 276 180 180 8 164 164 276 179 179 6 163 163 275 181 181 10 180 180 8 164 164 276 181 181 10 164 164 276 165 165 277 182 182 11 181 181 10 165 165 277 165 165 277 166 166 70 182 182 11 41 41 14 182 182 11 166 166 70 182 182 11 41 41 14 183 183 264 54 54 282 183 183 92 41 41 281 183 183 92 54 54 282 184 184 93 54 54 282 185 185 121 184 184 93 185 185 121 54 54 282 72 72 283 187 187 135 186 186 138 135 135 223 135 135 223 134 134 221 187 187 135 187 187 135 133 133 219 188 188 133 133 133 219 187 187 135 134 134 221 189 189 21 188 188 133 133 133 219 133 133 219 59 59 98 189 189 21 190 190 18 189 189 21 60 60 97 59 59 98 60 60 97 189 189 21 191 191 22 60 60 97 61 61 101 60 60 97 191 191 22 190 190 18 191 191 22 62 62 103 192 192 71 62 62 103 191 191 22 61 61 101 62 62 103 63 63 104 192 192 71 192 192 71 63 63 104 193 193 57 194 194 54 193 193 57 64 64 106 63 63 104 64 64 106 193 193 57 194 194 54 65 65 108 195 195 58 64 64 106 65 65 108 194 194 54 66 66 110 195 195 58 65 65 108 195 195 58 66 66 110 196 196 61 66 66 230 197 197 143 196 196 146 197 197 143 66 66 230 138 138 228 198 198 141 197 197 143 138 138 228 138 138 228 137 137 226 198 198 141 199 199 137 137 137 226 136 136 224 137 137 226 199 199 137 198 198 141 136 136 224 186 186 138 199 199 137 186 186 138 136 136 224 135 135 223 95 95 181 200 200 136 118 118 177 200 200 136 95 95 181 201 201 139 109 109 165 201 201 139 95 95 181 201 201 139 109 109 165 202 202 140 110 110 169 202 202 140 109 109 165 202 202 140 110 110 169 203 203 142 204 204 144 110 110 169 111 111 171 110 110 169 204 204 144 203 203 142 111 111 171 7 7 174 204 204 144 7 7 174 205 205 145 204 204 144 37 37 49 206 206 59 7 7 51 7 7 51 206 206 59 205 205 60 36 36 47 206 206 59 37 37 49 206 206 59 36 36 47 207 207 55 35 35 45 208 208 56 36 36 47 208 208 56 207 207 55 36 36 47 21 21 53 209 209 72 35 35 45 209 209 72 208 208 56 35 35 45 44 44 66 210 210 23 21 21 53 210 210 23 209 209 72 21 21 53 210 210 23 44 44 66 211 211 19 211 211 19 44 44 66 20 20 62 211 211 19 3 3 65 212 212 20 3 3 65 211 211 19 20 20 62 212 212 20 94 94 175 213 213 134 94 94 175 212 212 20 3 3 65 213 213 134 118 118 177 200 200 136 118 118 177 213 213 134 94 94 175 215 215 90 74 74 120 56 56 89 74 74 120 215 215 90 214 214 122 40 40 88 215 215 90 56 56 89 215 215 90 40 40 88 216 216 91 27 27 40 217 217 12 40 40 68 40 40 68 217 217 12 216 216 263 27 27 40 47 47 39 218 218 13 27 27 40 218 218 13 217 217 12 47 47 39 219 219 9 218 218 13 219 219 9 47 47 39 28 28 43 28 28 43 220 220 7 219 219 9 220 220 7 28 28 43 29 29 42 29 29 42 221 221 5 220 220 7 221 221 5 29 29 42 30 30 46 30 30 46 222 222 2 221 221 5 222 222 2 30 30 46 31 31 48 222 222 2 31 31 48 223 223 3 223 223 3 31 31 48 6 6 50 223 223 199 105 105 172 224 224 200 105 105 172 223 223 199 6 6 173 224 224 200 104 104 170 225 225 202 104 104 170 224 224 200 105 105 172 225 225 202 103 103 168 226 226 204 103 103 168 225 225 202 104 104 170 226 226 204 102 102 167 227 227 206 102 102 167 226 226 204 103 103 168 227 227 206 121 121 164 228 228 208 121 121 164 227 227 206 102 102 167 101 101 163 228 228 208 121 121 164 228 228 208 101 101 163 229 229 210 114 114 180 229 229 210 101 101 163 229 229 210 114 114 180 230 230 212 130 130 194 231 231 215 114 114 195 230 230 214 114 114 195 231 231 215 231 231 215 145 145 237 232 232 239 145 145 237 231 231 215 130 130 194 233 233 284 234 234 285 240 240 286 241 241 288 240 240 286 234 234 285 241 241 288 234 234 285 235 235 287 243 243 292 236 236 290 237 237 291 236 236 290 243 243 292 242 242 289 244 244 294 237 237 291 238 238 293 237 237 291 244 244 294 243 243 292 238 238 293 239 239 295 244 244 294 240 240 286 239 239 295 233 233 284 240 240 286 244 244 294 239 239 295 246 246 296 245 245 297 233 233 284 234 234 285 233 233 284 245 245 297 235 235 287 234 234 285 247 247 298 234 234 285 245 245 297 247 247 298 249 249 299 248 248 300 236 236 290 237 237 291 236 236 290 248 248 300 238 238 293 248 248 300 250 250 301 248 248 300 238 238 293 237 237 291 251 251 302 238 238 293 250 250 301 238 238 293 251 251 302 239 239 295 251 251 302 246 246 296 239 239 295 239 239 295 246 246 296 233 233 284 252 252 303 259 259 304 253 253 305 260 260 306 253 253 305 259 259 304 253 253 305 260 260 306 254 254 307 262 262 309 255 255 311 261 261 308 255 255 311 262 262 309 256 256 310 257 257 313 256 256 310 263 263 312 256 256 310 262 262 309 263 263 312 257 257 313 263 263 312 258 258 314 259 259 304 258 258 314 263 263 312 259 259 304 252 252 303 258 258 314 252 252 303 253 253 305 264 264 315 252 252 303 264 264 315 265 265 316 266 266 317 253 253 305 254 254 307 253 253 305 266 266 317 264 264 315 255 255 311 256 256 310 267 267 318 255 255 311 267 267 318 268 268 319 267 267 318 257 257 313 269 269 320 257 257 313 267 267 318 256 256 310 270 270 321 269 269 320 257 257 313 257 257 313 258 258 314 270 270 321 270 270 321 258 258 314 265 265 316 258 258 314 252 252 303 265 265 316 274 274 322 273 273 323 271 271 324 274 274 322 271 271 324 275 275 325 275 275 325 277 277 327 276 276 326 277 277 327 275 275 325 271 271 324 278 278 328 277 277 327 271 271 324 278 278 328 271 271 324 279 279 329 280 280 330 279 279 329 271 271 324 280 280 330 271 271 324 281 281 331 271 271 324 283 283 333 282 282 332 271 271 324 282 282 332 281 281 331 283 283 333 271 271 324 272 272 334 272 272 334 271 271 324 273 273 323 285 285 335 272 272 334 273 273 323 272 272 334 285 285 335 284 284 336 274 274 322 286 286 337 273 273 323 273 273 323 286 286 337 285 285 335 275 275 325 286 286 337 274 274 322 286 286 337 275 275 325 287 287 338 275 275 325 288 288 339 287 287 338 288 288 339 275 275 325 276 276 326 289 289 340 276 276 326 277 277 327 276 276 326 289 289 340 288 288 339 290 290 341 277 277 327 278 278 328 277 277 327 290 290 341 289 289 340 279 279 329 290 290 341 278 278 328 290 290 341 279 279 329 291 291 342 280 280 330 291 291 342 279 279 329 291 291 342 280 280 330 292 292 343 292 292 343 281 281 331 293 293 344 281 281 331 292 292 343 280 280 330 293 293 344 282 282 332 294 294 345 282 282 332 293 293 344 281 281 331 295 295 346 294 294 345 283 283 333 294 294 345 282 282 332 283 283 333 272 272 334 284 284 336 295 295 346 295 295 346 283 283 333 272 272 334 285 285 335 296 296 348 284 284 336 296 296 348 285 285 335 297 297 347 286 286 337 298 298 349 285 285 335 285 285 335 298 298 349 297 297 347 299 299 350 286 286 337 287 287 338 286 286 337 299 299 350 298 298 349 300 300 351 287 287 338 288 288 339 287 287 338 300 300 351 299 299 350 300 300 351 289 289 340 301 301 352 289 289 340 300 300 351 288 288 339 302 302 353 289 289 340 290 290 341 289 289 340 302 302 353 301 301 352 302 302 353 291 291 342 303 303 354 291 291 342 302 302 353 290 290 341 292 292 343 303 303 354 291 291 342 303 303 354 292 292 343 304 304 355 304 304 355 293 293 344 305 305 356 293 293 344 304 304 355 292 292 343 294 294 345 305 305 356 293 293 344 305 305 356 294 294 345 306 306 357 295 295 346 307 307 358 294 294 345 306 306 357 294 294 345 307 307 358 284 284 336 296 296 348 295 295 346 295 295 346 296 296 348 307 307 358 308 308 361 320 320 362 309 309 359 308 308 361 309 309 359 310 310 360 312 312 364 308 308 361 311 311 363 311 311 363 308 308 361 310 310 360 312 312 364 314 314 366 308 308 361 314 314 366 312 312 364 313 313 365 316 316 368 308 308 361 315 315 367 315 315 367 308 308 361 314 314 366 318 318 370 308 308 361 317 317 369 317 317 369 308 308 361 316 316 368 320 320 362 308 308 361 319 319 371 319 319 371 308 308 361 318 318 370 322 322 373 310 310 360 309 309 359 309 309 359 321 321 372 322 322 373 311 311 363 310 310 360 323 323 374 310 310 360 322 322 373 323 323 374 323 323 374 312 312 364 311 311 363 312 312 364 323 323 374 324 324 375 325 325 376 312 312 364 324 324 375 312 312 364 325 325 376 313 313 365 326 326 377 313 313 365 325 325 376 313 313 365 326 326 377 314 314 366 327 327 378 314 314 366 326 326 377 314 314 366 327 327 378 315 315 367 316 316 368 327 327 378 328 328 379 327 327 378 316 316 368 315 315 367 328 328 379 317 317 369 316 316 368 317 317 369 328 328 379 329 329 380 329 329 380 318 318 370 317 317 369 318 318 370 329 329 380 330 330 381 330 330 381 319 319 371 318 318 370 319 319 371 330 330 381 331 331 382 332 332 383 320 320 362 331 331 382 319 319 371 331 331 382 320 320 362 309 309 359 332 332 383 321 321 372 332 332 383 309 309 359 320 320 362 333 333 384 322 322 373 321 321 372 322 322 373 333 333 384 334 334 385 335 335 386 323 323 374 322 322 373 322 322 373 334 334 385 335 335 386 336 336 387 324 324 375 323 323 374 323 323 374 335 335 386 336 336 387 337 337 388 325 325 376 324 324 375 337 337 388 324 324 375 336 336 387 326 326 377 337 337 388 338 338 389 337 337 388 326 326 377 325 325 376 339 339 390 327 327 378 326 326 377 326 326 377 338 338 389 339 339 390 328 328 379 339 339 390 340 340 391 339 339 390 328 328 379 327 327 378 340 340 391 329 329 380 328 328 379 329 329 380 340 340 391 341 341 392 341 341 392 330 330 381 329 329 380 330 330 381 341 341 392 342 342 393 342 342 393 331 331 382 330 330 381 331 331 382 342 342 393 343 343 394 331 331 382 343 343 394 344 344 395 331 331 382 344 344 395 332 332 383 332 332 383 344 344 395 333 333 384 332 332 383 333 333 384 321 321 372 345 345 397 355 355 399 354 354 396 355 355 399 345 345 397 346 346 398 346 346 398 356 356 401 355 355 399 356 356 401 346 346 398 347 347 400 357 357 403 347 347 400 348 348 402 347 347 400 357 357 403 356 356 401 349 349 404 358 358 405 357 357 403 349 349 404 357 357 403 348 348 402 350 350 406 358 358 405 349 349 404 358 358 405 350 350 406 359 359 407 360 360 409 350 350 406 351 351 408 350 350 406 360 360 409 359 359 407 352 352 410 361 361 411 360 360 409 352 352 410 360 360 409 351 351 408 353 353 412 361 361 411 352 352 410 361 361 411 353 353 412 362 362 413 363 363 415 355 355 399 364 364 414 355 355 399 363 363 415 354 354 396 356 356 401 364 364 414 355 355 399 364 364 414 356 356 401 365 365 416 357 357 403 365 365 416 356 356 401 365 365 416 357 357 403 366 366 417 358 358 405 366 366 417 357 357 403 366 366 417 358 358 405 367 367 418 368 368 419 367 367 418 358 358 405 368 368 419 358 358 405 359 359 407 369 369 420 359 359 407 360 360 409 369 369 420 368 368 419 359 359 407 361 361 411 369 369 420 360 360 409 369 369 420 361 361 411 370 370 421 361 361 411 362 362 413 371 371 422 361 361 411 371 371 422 370 370 421 363 363 415 364 364 414 372 372 423 372 372 423 364 364 414 373 373 424 365 365 416 373 373 424 364 364 414 373 373 424 365 365 416 374 374 425 366 366 417 374 374 425 365 365 416 374 374 425 366 366 417 375 375 426 367 367 418 375 375 426 366 366 417 375 375 426 367 367 418 376 376 427 377 377 428 376 376 427 368 368 419 376 376 427 367 367 418 368 368 419 378 378 429 368 368 419 369 369 420 368 368 419 378 378 429 377 377 428 379 379 430 369 369 420 370 370 421 369 369 420 379 379 430 378 378 429 380 380 431 370 370 421 371 371 422 370 370 421 380 380 431 379 379 430 372 372 423 382 382 433 381 381 432 382 382 433 372 372 423 373 373 424 374 374 425 382 382 433 373 373 424 382 382 433 374 374 425 383 383 434 375 375 426 383 383 434 374 374 425 383 383 434 375 375 426 384 384 435 376 376 427 384 384 435 375 375 426 384 384 435 376 376 427 385 385 436 377 377 428 386 386 437 385 385 436 377 377 428 385 385 436 376 376 427 387 387 438 377 377 428 378 378 429 377 377 428 387 387 438 386 386 437 388 388 439 378 378 429 379 379 430 378 378 429 388 388 439 387 387 438 379 379 430 389 389 440 388 388 439 389 389 440 379 379 430 380 380 431 390 390 444 400 400 442 391 391 443 400 400 442 390 390 444 399 399 441 401 401 445 391 391 443 400 400 442 391 391 443 401 401 445 392 392 446 402 402 447 392 392 446 401 401 445 392 392 446 402 402 447 393 393 448 394 394 450 402 402 447 403 403 449 402 402 447 394 394 450 393 393 448 395 395 452 394 394 450 403 403 449 403 403 449 404 404 451 395 395 452 405 405 453 395 395 452 404 404 451 395 395 452 405 405 453 396 396 454 397 397 456 405 405 453 406 406 455 405 405 453 397 397 456 396 396 454 398 398 458 397 397 456 406 406 455 406 406 455 407 407 457 398 398 458 408 408 459 400 400 442 399 399 441 400 400 442 408 408 459 409 409 460 401 401 445 409 409 460 410 410 461 409 409 460 401 401 445 400 400 442 410 410 461 402 402 447 401 401 445 402 402 447 410 410 461 411 411 462 411 411 462 403 403 449 402 402 447 403 403 449 411 411 462 412 412 463 413 413 464 403 403 449 412 412 463 403 403 449 413 413 464 404 404 451 405 405 453 404 404 451 414 414 465 414 414 465 404 404 451 413 413 464 406 406 455 414 414 465 415 415 466 414 414 465 406 406 455 405 405 453 415 415 466 416 416 467 406 406 455 406 406 455 416 416 467 407 407 457 408 408 459 417 417 468 409 409 460 417 417 468 418 418 469 409 409 460 410 410 461 409 409 460 418 418 469 410 410 461 418 418 469 419 419 470 411 411 462 410 410 461 419 419 470 411 411 462 419 419 470 420 420 471 412 412 463 411 411 462 420 420 471 412 412 463 420 420 471 421 421 472 413 413 464 421 421 472 422 422 473 421 421 472 413 413 464 412 412 463 413 413 464 423 423 474 414 414 465 423 423 474 413 413 464 422 422 473 424 424 475 414 414 465 423 423 474 414 414 465 424 424 475 415 415 466 425 425 476 415 415 466 424 424 475 415 415 466 425 425 476 416 416 467 417 417 468 427 427 478 418 418 469 427 427 478 417 417 468 426 426 477 419 419 470 418 418 469 427 427 478 427 427 478 428 428 479 419 419 470 420 420 471 419 419 470 428 428 479 420 420 471 428 428 479 429 429 480 421 421 472 420 420 471 429 429 480 421 421 472 429 429 480 430 430 481 422 422 473 430 430 481 431 431 482 430 430 481 422 422 473 421 421 472 422 422 473 432 432 483 423 423 474 432 432 483 422 422 473 431 431 482 433 433 484 423 423 474 432 432 483 423 423 474 433 433 484 424 424 475 434 434 485 424 424 475 433 433 484 424 424 475 434 434 485 425 425 476 440 440 486 435 435 487 441 441 488 435 435 487 442 442 490 441 441 488 442 442 490 435 435 487 436 436 489 442 442 490 436 436 489 443 443 491 444 444 493 443 443 491 437 437 492 437 437 492 443 443 491 436 436 489 445 445 495 437 437 492 438 438 494 437 437 492 445 445 495 444 444 493 445 445 495 438 438 494 446 446 496 439 439 497 446 446 496 438 438 494 439 439 497 447 447 498 446 446 496 447 447 498 439 439 497 448 448 499 450 450 500 440 440 486 441 441 488 450 450 500 449 449 501 440 440 486 450 450 500 442 442 490 451 451 502 442 442 490 450 450 500 441 441 488 443 443 491 451 451 502 442 442 490 451 451 502 443 443 491 452 452 503 444 444 493 452 452 503 443 443 491 452 452 503 444 444 493 453 453 504 453 453 504 445 445 495 454 454 505 445 445 495 453 453 504 444 444 493 455 455 506 445 445 495 446 446 496 445 445 495 455 455 506 454 454 505 447 447 498 455 455 506 446 446 496 455 455 506 447 447 498 456 456 507 447 447 498 448 448 499 457 457 508 447 447 498 457 457 508 456 456 507 449 449 501 459 459 510 458 458 509 459 459 510 449 449 501 450 450 500 450 450 500 451 451 502 459 459 510 459 459 510 451 451 502 460 460 511 452 452 503 460 460 511 451 451 502 460 460 511 452 452 503 461 461 512 453 453 504 461 461 512 452 452 503 461 461 512 453 453 504 462 462 513 463 463 514 462 462 513 454 454 505 462 462 513 453 453 504 454 454 505 464 464 515 454 454 505 455 455 506 454 454 505 464 464 515 463 463 514 465 465 516 455 455 506 456 456 507 455 455 506 465 465 516 464 464 515 466 466 517 456 456 507 457 457 508 456 456 507 466 466 517 465 465 516 458 458 509 468 468 519 467 467 518 468 468 519 458 458 509 459 459 510 459 459 510 469 469 520 468 468 519 469 469 520 459 459 510 460 460 511 461 461 512 469 469 520 460 460 511 469 469 520 461 461 512 470 470 521 462 462 513 470 470 521 461 461 512 462 462 513 471 471 522 470 470 521 463 463 514 472 472 523 471 471 522 463 463 514 471 471 522 462 462 513 464 464 515 473 473 524 472 472 523 464 464 515 472 472 523 463 463 514 474 474 525 464 464 515 465 465 516 464 464 515 474 474 525 473 473 524 465 465 516 475 475 526 474 474 525 475 475 526 465 465 516 466 466 517 481 481 527 482 482 528 476 476 529 476 476 529 483 483 530 477 477 531 483 483 530 476 476 529 482 482 528 483 483 530 484 484 532 477 477 531 478 478 534 484 484 532 485 485 533 484 484 532 478 478 534 477 477 531 478 478 534 486 486 535 479 479 536 486 486 535 478 478 534 485 485 533 486 486 535 487 487 537 479 479 536 480 480 539 487 487 537 488 488 538 480 480 539 479 479 536 487 487 537 488 488 538 489 489 540 480 480 539 482 482 528 481 481 527 491 491 542 491 491 542 481 481 527 490 490 541 491 491 542 483 483 530 482 482 528 483 483 530 491 491 542 492 492 543 484 484 532 492 492 543 493 493 544 492 492 543 484 484 532 483 483 530 493 493 544 485 485 533 484 484 532 485 485 533 493 493 544 494 494 545 494 494 545 486 486 535 485 485 533 486 486 535 494 494 545 495 495 546 487 487 537 486 486 535 496 496 547 496 496 547 486 486 535 495 495 546 488 488 538 496 496 547 497 497 548 496 496 547 488 488 538 487 487 537 497 497 548 498 498 549 488 488 538 488 488 538 498 498 549 489 489 540 500 500 551 490 490 541 499 499 550 490 490 541 500 500 551 491 491 542 491 491 542 500 500 551 492 492 543 500 500 551 501 501 552 492 492 543 493 493 544 492 492 543 501 501 552 493 493 544 501 501 552 502 502 553 494 494 545 493 493 544 502 502 553 494 494 545 502 502 553 503 503 554 495 495 546 503 503 554 504 504 555 503 503 554 495 495 546 494 494 545 495 495 546 505 505 556 496 496 547 505 505 556 495 495 546 504 504 555 506 506 557 496 496 547 505 505 556 496 496 547 506 506 557 497 497 548 507 507 558 497 497 548 506 506 557 497 497 548 507 507 558 498 498 549 509 509 560 499 499 550 508 508 559 499 499 550 509 509 560 500 500 551 500 500 551 510 510 561 501 501 552 510 510 561 500 500 551 509 509 560 502 502 553 501 501 552 510 510 561 510 510 561 511 511 562 502 502 553 503 503 554 511 511 562 512 512 563 503 503 554 502 502 553 511 511 562 504 504 555 512 512 563 513 513 564 512 512 563 504 504 555 503 503 554 505 505 556 513 513 564 514 514 565 513 513 564 505 505 556 504 504 555 506 506 557 505 505 556 515 515 566 514 514 565 515 515 566 505 505 556 516 516 567 506 506 557 515 515 566 506 506 557 516 516 567 507 507 558 521 521 570 519 519 568 522 522 569 519 519 568 521 521 570 518 518 571 519 519 568 533 533 573 534 534 572 519 519 568 534 534 572 522 522 569 524 524 575 520 520 577 517 517 574 520 520 577 524 524 575 523 523 576 518 518 571 526 526 579 519 519 568 526 526 579 518 518 571 525 525 578 526 526 579 527 527 580 533 533 573 533 533 573 519 519 568 526 526 579 527 527 580 517 517 574 520 520 577 517 517 574 527 527 580 528 528 581 521 521 570 522 522 569 530 530 582 521 521 570 530 530 582 529 529 583 534 534 572 530 530 582 522 522 569 530 530 582 534 534 572 531 531 584 531 531 584 524 524 575 532 532 585 524 524 575 531 531 584 523 523 576 520 520 577 533 533 573 527 527 580 533 533 573 523 523 576 534 534 572 523 523 576 533 533 573 520 520 577 531 531 584 534 534 572 523 523 576 542 542 587 535 535 589 536 536 586 535 535 589 542 542 587 541 541 588 573 573 590 568 568 591 542 542 587 573 573 590 542 542 587 536 536 586 538 538 592 574 574 593 567 567 594 544 544 596 543 543 597 540 540 595 539 539 598 540 540 595 543 543 597 541 541 588 544 544 596 540 540 595 540 540 595 535 535 589 541 541 588 536 536 586 548 548 599 573 573 590 536 536 586 565 565 600 548 548 599 547 547 602 539 539 598 546 546 601 539 539 598 547 547 602 540 540 595 562 562 604 547 547 602 554 554 603 547 547 602 562 562 604 540 540 595 566 566 605 548 548 599 565 565 600 551 551 606 555 555 607 547 547 602 547 547 602 555 555 607 554 554 603 547 547 602 564 564 608 551 551 606 564 564 608 547 547 602 546 546 601 545 545 610 563 563 611 552 552 609 563 563 611 545 545 610 535 535 589 545 545 610 552 552 609 553 553 612 553 553 612 550 550 613 545 545 610 556 556 614 554 554 603 555 555 607 554 554 603 556 556 614 561 561 615 560 560 617 559 559 618 558 558 616 560 560 617 558 558 616 561 561 615 559 559 618 560 560 617 552 552 609 556 556 614 560 560 617 561 561 615 560 560 617 556 556 614 557 557 619 558 558 616 554 554 603 561 561 615 540 540 595 563 563 611 535 535 589 563 563 611 540 540 595 562 562 604 563 563 611 562 562 604 559 559 618 559 559 618 562 562 604 558 558 616 557 557 619 552 552 609 560 560 617 552 552 609 557 557 619 553 553 612 559 559 618 552 552 609 563 563 611 558 558 616 562 562 604 554 554 603 564 564 608 546 546 601 549 549 620 545 545 610 536 536 586 535 535 589 536 536 586 545 545 610 565 565 600 565 565 600 550 550 613 566 566 605 550 550 613 565 565 600 545 545 610 566 566 605 564 564 608 548 548 599 548 548 599 564 564 608 549 549 620 569 569 622 568 568 591 537 537 621 568 568 591 569 569 622 570 570 623 548 548 599 571 571 624 569 569 622 571 571 624 548 548 599 549 549 620 571 571 624 570 570 623 569 569 622 572 572 625 570 570 623 571 571 624 549 549 620 538 538 592 571 571 624 538 538 592 549 549 620 574 574 593 538 538 592 572 572 625 571 571 624 572 572 625 538 538 592 567 567 594 548 548 599 537 537 621 573 573 590 537 537 621 548 548 599 569 569 622 568 568 591 573 573 590 537 537 621 546 546 601 574 574 593 549 549 620 574 574 593 546 546 601 539 539 598 543 543 626 574 574 593 539 539 598 574 574 593 543 543 626 567 567 594 576 576 630 1479 1479 628 577 577 629 1479 1479 628 576 576 630 575 575 627 579 579 634 581 581 632 580 580 633 581 581 632 579 579 634 578 578 631 585 585 636 583 583 638 582 582 635 583 583 638 585 585 636 584 584 637 583 583 638 586 586 640 582 582 635 586 586 640 583 583 638 587 587 639 586 586 640 589 589 642 588 588 641 589 589 642 586 586 640 587 587 639 591 591 646 588 588 644 589 589 645 588 588 644 591 591 646 590 590 643 593 593 647 590 590 643 591 591 646 590 590 643 593 593 647 592 592 648 596 596 651 595 595 652 594 594 649 596 596 651 594 594 649 597 597 650 581 581 632 578 578 631 594 594 649 578 578 631 597 597 650 594 594 649 601 601 654 600 600 655 598 598 653 598 598 653 600 600 655 599 599 656 604 604 659 603 603 660 602 602 657 604 604 659 602 602 657 605 605 658 602 602 657 606 606 662 605 605 658 606 606 662 602 602 657 607 607 661 608 608 664 607 607 661 609 609 663 607 607 661 608 608 664 606 606 662 613 613 666 611 611 668 610 610 665 611 611 668 613 613 666 612 612 667 615 615 669 613 613 666 610 610 665 613 613 666 615 615 669 614 614 670 619 619 672 2391 2391 2773 2392 2392 2775 2391 2391 2773 619 619 672 618 618 673 2390 2390 2772 2391 2391 2774 618 618 675 618 618 675 621 621 676 2390 2390 2772 625 625 680 2394 2394 2777 2395 2395 2778 2394 2394 2777 625 625 680 624 624 681 603 603 660 627 627 684 626 626 683 603 603 660 626 626 683 602 602 657 602 602 657 626 626 683 628 628 685 602 602 657 628 628 685 607 607 661 630 630 687 2386 2386 2768 2387 2387 2769 630 630 687 2387 2387 2769 631 631 686 2396 2396 2779 2397 2397 2780 634 634 691 2397 2397 2780 635 635 690 634 634 691 2386 2386 2768 635 635 690 2397 2397 2780 635 635 690 2386 2386 2768 630 630 687 624 624 681 2393 2393 2776 2394 2394 2777 2393 2393 2776 624 624 681 637 637 694 611 611 668 612 612 667 601 601 695 611 611 668 601 601 695 598 598 696 639 639 700 641 641 698 640 640 699 641 641 698 639 639 700 638 638 697 645 645 702 644 644 703 642 642 701 642 642 701 644 644 703 643 643 704 648 648 707 646 646 705 649 649 706 646 646 705 648 648 707 647 647 708 651 651 709 645 645 702 642 642 701 650 650 710 645 645 702 651 651 709 652 652 712 650 650 710 653 653 711 650 650 710 651 651 709 653 653 711 655 655 716 654 654 713 656 656 715 654 654 713 657 657 714 656 656 715 658 658 717 660 660 718 659 659 719 663 663 722 661 661 720 664 664 721 661 661 720 663 663 722 662 662 723 668 668 725 666 666 727 665 665 724 666 666 727 668 668 725 667 667 726 671 671 730 669 669 728 672 672 729 669 669 728 671 671 730 670 670 731 674 674 733 673 673 732 661 661 720 673 673 732 664 664 721 661 661 720 676 676 737 678 678 735 677 677 736 678 678 735 676 676 737 675 675 734 676 676 737 680 680 738 679 679 739 680 680 738 676 676 737 677 677 736 684 684 741 683 683 742 681 681 740 681 681 740 683 683 742 682 682 743 683 683 745 686 686 747 685 685 744 686 686 747 683 683 745 684 684 746 687 687 750 686 686 748 688 688 749 686 686 748 684 684 741 688 688 749 688 688 749 684 684 741 681 681 740 689 689 751 688 688 749 681 681 740 688 688 749 689 689 751 687 687 750 680 680 738 677 677 736 649 649 752 648 648 753 649 649 752 677 677 736 685 685 744 690 690 754 683 683 745 690 690 754 682 682 755 683 683 745 681 681 740 690 690 756 689 689 751 690 690 756 681 681 740 682 682 757 692 692 761 691 691 758 693 693 760 691 691 758 694 694 759 693 693 760 1548 1548 763 696 696 765 695 695 762 696 696 765 1548 1548 763 1549 1549 764 699 699 766 1551 1551 768 1552 1552 769 1551 1551 768 699 699 766 701 701 767 703 703 771 656 656 715 657 657 714 656 656 715 703 703 771 702 702 770 704 704 772 660 660 718 658 658 717 706 706 774 705 705 773 669 669 728 705 705 773 672 672 729 669 669 728 641 641 698 638 638 697 609 609 663 638 638 697 608 608 664 609 609 663 709 709 777 708 708 778 707 707 775 707 707 775 710 710 776 709 709 777 712 712 782 714 714 780 713 713 781 714 714 780 712 712 782 711 711 779 711 711 779 716 716 783 715 715 784 716 716 783 711 711 779 712 712 782 713 713 781 718 718 786 717 717 785 718 718 786 713 713 781 714 714 780 720 720 790 719 719 787 721 721 789 719 719 787 722 722 788 721 721 789 719 719 787 724 724 792 722 722 788 724 724 792 719 719 787 723 723 791 725 725 794 724 724 792 726 726 793 726 726 793 724 724 792 723 723 791 720 720 790 716 716 783 635 635 690 634 634 691 635 635 690 716 716 783 635 635 690 630 630 687 720 720 790 630 630 687 719 719 787 720 720 790 723 723 791 630 630 687 631 631 686 630 630 687 723 723 791 719 719 787 726 726 793 631 631 686 727 727 795 631 631 686 726 726 793 723 723 791 621 621 676 618 618 675 709 709 796 709 709 796 728 728 797 621 621 676 708 708 778 618 618 673 619 619 672 618 618 673 708 708 778 709 709 777 713 713 781 637 637 694 624 624 681 637 637 694 713 713 781 717 717 785 712 712 782 713 713 781 625 625 680 625 625 680 713 713 781 624 624 681 634 634 691 712 712 782 625 625 680 712 712 782 634 634 691 716 716 783 633 633 692 640 640 699 641 641 698 633 633 692 641 641 698 632 632 689 632 632 689 641 641 698 609 609 663 632 632 689 609 609 663 629 629 688 609 609 663 628 628 685 629 629 688 628 628 685 609 609 663 607 607 661 620 620 677 601 601 654 617 617 678 601 601 654 620 620 677 600 600 655 616 616 671 601 601 695 612 612 667 601 601 695 616 616 671 617 617 674 636 636 693 612 612 667 613 613 666 612 612 667 636 636 693 616 616 671 614 614 670 636 636 693 613 613 666 636 636 693 614 614 670 623 623 682 729 729 798 623 623 682 614 614 670 623 623 682 729 729 798 622 622 679 657 657 714 730 730 799 731 731 800 730 730 799 657 657 714 654 654 713 732 732 801 703 703 771 731 731 800 703 703 771 657 657 714 731 731 800 734 734 803 733 733 802 652 652 712 652 652 712 733 733 802 650 650 710 645 645 702 650 650 710 735 735 804 735 735 804 650 650 710 733 733 802 644 644 703 645 645 702 736 736 805 736 736 805 645 645 702 735 735 804 737 737 807 647 647 708 738 738 806 647 647 708 737 737 807 646 646 705 1562 1562 811 740 740 809 739 739 810 740 740 809 1562 1562 811 1563 1563 808 1556 1556 813 1557 1557 814 741 741 812 742 742 815 741 741 812 1557 1557 814 696 696 765 746 746 816 695 695 762 745 745 817 695 695 762 746 746 816 747 747 818 701 701 767 699 699 766 701 701 767 747 747 818 748 748 819 739 739 810 750 750 822 749 749 820 739 739 810 749 749 820 751 751 821 752 752 823 741 741 812 742 742 815 752 752 823 742 742 815 753 753 824 1585 1585 827 754 754 825 1584 1584 826 660 660 718 754 754 825 1585 1585 827 659 659 719 660 660 718 1585 1585 827 1585 1585 827 1586 1586 828 659 659 719 759 759 832 758 758 829 1583 1583 831 758 758 829 1582 1582 830 1583 1583 831 1579 1579 834 1580 1580 835 760 760 833 760 760 833 1580 1580 835 761 761 836 757 757 837 1576 1576 839 1577 1577 840 1576 1576 839 757 757 837 755 755 838 1575 1575 842 755 755 838 756 756 841 755 755 838 1575 1575 842 1576 1576 839 701 701 767 748 748 819 762 762 843 1551 1551 768 701 701 767 1550 1550 844 762 762 843 1550 1550 844 701 701 767 685 685 744 1546 1546 846 1547 1547 845 1546 1546 846 685 685 744 686 686 747 686 686 748 687 687 750 1546 1546 847 1545 1545 848 1546 1546 847 687 687 750 687 687 750 1544 1544 849 1545 1545 848 1544 1544 849 687 687 750 689 689 751 1544 1544 849 690 690 756 1543 1543 850 690 690 756 1544 1544 849 689 689 751 690 690 754 685 685 744 1547 1547 845 1547 1547 845 1543 1543 851 690 690 754 659 659 719 675 675 734 676 676 737 675 675 734 659 659 719 765 765 852 658 658 717 659 659 719 676 676 737 704 704 772 658 658 717 676 676 737 676 676 737 679 679 739 704 704 772 679 679 739 764 764 853 704 704 772 1586 1586 828 765 765 852 659 659 719 765 765 852 1586 1586 828 1587 1587 854 756 756 857 767 767 858 1574 1574 855 1574 1574 855 1575 1575 856 756 756 857 580 580 633 638 638 697 639 639 700 580 580 633 639 639 700 575 575 627 580 580 633 608 608 664 638 638 697 608 608 664 580 580 633 581 581 632 608 608 664 581 581 632 594 594 649 608 608 664 594 594 649 606 606 662 606 606 662 595 595 652 605 605 658 595 595 652 606 606 662 594 594 649 599 599 656 593 593 647 591 591 646 593 593 647 599 599 656 604 604 659 598 598 653 599 599 656 589 589 645 589 589 645 599 599 656 591 591 646 611 611 668 589 589 642 587 587 639 589 589 642 611 611 668 598 598 696 610 610 665 587 587 639 583 583 638 587 587 639 610 610 665 611 611 668 584 584 637 610 610 665 583 583 638 610 610 665 584 584 637 615 615 669 580 580 633 576 576 630 579 579 634 576 576 630 580 580 633 575 575 627 691 691 758 768 768 860 700 700 859 768 768 860 691 691 758 692 692 761 665 665 724 662 662 723 663 663 722 662 662 723 665 665 724 666 666 727 1577 1577 840 766 766 862 757 757 837 766 766 862 1577 1577 840 1578 1578 861 770 770 864 741 741 812 769 769 863 741 741 812 752 752 823 769 769 863 741 741 812 770 770 864 1556 1556 813 1555 1555 865 1556 1556 813 770 770 864 743 743 867 771 771 869 772 772 866 771 771 869 743 743 867 744 744 868 1557 1557 814 1558 1558 870 742 742 815 773 773 871 742 742 815 1558 1558 870 774 774 872 742 742 815 773 773 871 742 742 815 774 774 872 753 753 824 1580 1580 835 1581 1581 873 761 761 836 775 775 874 761 761 836 1581 1581 873 727 727 795 631 631 686 2388 2388 2770 2388 2388 2770 631 631 686 2387 2387 2769 2389 2389 2771 776 776 875 727 727 795 2389 2389 2771 727 727 795 2388 2388 2770 778 778 876 643 643 704 644 644 703 643 643 704 778 778 876 777 777 877 778 778 876 644 644 703 779 779 878 779 779 878 644 644 703 736 736 805 782 782 879 780 780 881 728 728 797 780 780 881 782 782 879 781 781 880 728 728 797 780 780 881 621 621 676 621 621 676 780 780 881 776 776 875 621 621 676 2389 2389 2771 2390 2390 2772 2389 2389 2771 621 621 676 776 776 875 600 600 655 627 627 684 603 603 660 627 627 684 600 600 655 620 620 677 603 603 660 599 599 656 600 600 655 599 599 656 603 603 660 604 604 659 709 709 796 782 782 879 728 728 797 782 782 879 709 709 796 710 710 882 738 738 884 778 778 876 779 779 878 778 778 876 738 738 884 647 647 883 647 647 883 777 777 877 778 778 876 777 777 877 647 647 883 648 648 885 648 648 753 678 678 735 777 777 886 678 678 735 648 648 753 677 677 736 637 637 694 2392 2392 2775 2393 2393 2776 2392 2392 2775 637 637 694 619 619 672 619 619 672 637 637 694 717 717 785 717 717 785 708 708 778 619 619 672 708 708 778 717 717 785 718 718 786 718 718 786 707 707 775 708 708 778 730 730 799 654 654 713 737 737 807 654 654 713 646 646 705 737 737 807 646 646 705 654 654 713 649 649 706 649 649 706 654 654 713 655 655 716 716 716 783 720 720 790 715 715 784 715 715 784 720 720 790 721 721 789 784 784 887 734 734 803 652 652 712 734 734 803 784 784 887 783 783 888 785 785 889 652 652 712 653 653 711 652 652 712 785 785 889 784 784 887 703 703 771 783 783 888 784 784 887 783 783 888 703 703 771 732 732 801 702 702 770 784 784 887 785 785 889 784 784 887 702 702 770 703 703 771 706 706 774 668 668 725 705 705 773 668 668 725 706 706 774 667 667 726 767 767 858 1583 1583 831 1574 1574 855 1583 1583 831 767 767 858 759 759 832 740 740 809 750 750 822 739 739 810 780 780 881 725 725 794 726 726 793 725 725 794 780 780 881 781 781 880 780 780 881 727 727 795 776 776 875 727 727 795 780 780 881 726 726 793 605 605 658 593 593 647 604 604 659 593 593 647 605 605 658 595 595 652 595 595 652 592 592 648 593 593 647 592 592 648 595 595 652 596 596 651 1479 1479 628 584 584 637 577 577 629 577 577 629 584 584 637 585 585 636 1479 1479 628 615 615 669 584 584 637 615 615 669 1479 1479 628 786 786 890 786 786 890 729 729 798 614 614 670 786 786 890 614 614 670 615 615 669 575 575 627 786 786 890 1479 1479 628 786 786 890 575 575 627 639 639 700 639 639 700 640 640 699 729 729 798 639 639 700 729 729 798 786 786 890 633 633 692 729 729 798 640 640 699 729 729 798 633 633 692 622 622 679 625 625 680 2396 2396 2779 634 634 691 2396 2396 2779 625 625 680 2395 2395 2778 775 775 874 1582 1582 830 758 758 829 1582 1582 830 775 775 874 1581 1581 873 773 773 871 787 787 891 774 774 872 773 773 871 1559 1559 892 787 787 891 1559 1559 892 773 773 871 1558 1558 870 772 772 866 771 771 869 789 789 893 789 789 893 788 788 894 772 772 866 1555 1555 865 790 790 895 1554 1554 896 790 790 895 1555 1555 865 770 770 864 769 769 863 790 790 895 770 770 864 678 678 735 643 643 897 777 777 886 643 643 897 678 678 735 674 674 733 675 675 734 674 674 733 678 678 735 674 674 733 675 675 734 673 673 732 675 675 734 765 765 852 673 673 732 765 765 852 791 791 898 673 673 732 791 791 898 765 765 852 1587 1587 854 1587 1587 854 1588 1588 899 791 791 898 1578 1578 861 760 760 833 766 766 862 760 760 833 1578 1578 861 1579 1579 834 679 679 900 670 670 731 671 671 730 670 670 731 679 679 900 680 680 901 642 642 903 661 661 720 651 651 902 661 661 720 662 662 723 651 651 902 666 666 727 653 653 904 651 651 902 666 666 727 651 651 902 662 662 723 667 667 726 785 785 905 653 653 904 653 653 904 666 666 727 667 667 726 702 702 906 667 667 726 706 706 774 667 667 726 702 702 906 785 785 905 706 706 774 669 669 728 702 702 906 702 702 906 669 669 728 656 656 907 656 656 907 670 670 731 655 655 908 670 670 731 656 656 907 669 669 728 649 649 909 655 655 908 680 680 901 670 670 731 680 680 901 655 655 908 674 674 733 642 642 903 643 643 897 642 642 903 674 674 733 661 661 720 725 725 794 1488 1488 911 1489 1489 910 725 725 794 1489 1489 910 724 724 792 724 724 792 1490 1490 912 722 722 788 1490 1490 912 724 724 792 1489 1489 910 722 722 788 1491 1491 913 721 721 789 1491 1491 913 722 722 788 1490 1490 912 1480 1480 914 721 721 789 1491 1491 913 721 721 789 1480 1480 914 715 715 784 715 715 784 1480 1480 914 1481 1481 915 715 715 784 1481 1481 915 711 711 779 711 711 779 1481 1481 915 1482 1482 916 711 711 779 1482 1482 916 714 714 780 714 714 780 1482 1482 916 1483 1483 917 714 714 780 1483 1483 917 718 718 786 1483 1483 917 707 707 775 718 718 786 707 707 775 1483 1483 917 1484 1484 918 1484 1484 918 710 710 776 707 707 775 710 710 776 1484 1484 918 1485 1485 919 710 710 882 1485 1485 921 1486 1486 920 710 710 882 1486 1486 920 782 782 879 1486 1486 920 781 781 880 782 782 879 781 781 880 1486 1486 920 1487 1487 922 1487 1487 922 725 725 794 781 781 880 725 725 794 1487 1487 922 1488 1488 911 764 764 924 679 679 900 763 763 923 671 671 730 763 763 923 679 679 900 672 672 729 754 754 925 763 763 923 763 763 923 671 671 730 672 672 729 754 754 925 672 672 729 792 792 926 705 705 773 792 792 926 672 672 729 705 705 773 793 793 927 792 792 926 793 793 927 705 705 773 668 668 725 793 793 927 665 665 724 794 794 928 665 665 724 793 793 927 668 668 725 794 794 928 663 663 722 795 795 929 663 663 722 794 794 928 665 665 724 664 664 721 795 795 929 663 663 722 795 795 929 664 664 721 796 796 930 673 673 732 791 791 898 664 664 721 791 791 898 796 796 930 664 664 721 1584 1584 932 792 792 926 1593 1593 931 754 754 925 792 792 926 1584 1584 932 792 792 926 793 793 927 1592 1592 933 1592 1592 933 1593 1593 931 792 792 926 793 793 927 794 794 928 1592 1592 933 794 794 928 1591 1591 934 1592 1592 933 795 795 929 1591 1591 934 794 794 928 1591 1591 934 795 795 929 1590 1590 935 795 795 929 796 796 930 1590 1590 935 1590 1590 935 796 796 930 1589 1589 936 1589 1589 936 791 791 898 1588 1588 899 791 791 898 1589 1589 936 796 796 930 695 695 762 745 745 817 750 750 822 695 695 762 750 750 822 740 740 809 740 740 809 1548 1548 763 695 695 762 1548 1548 763 740 740 809 1563 1563 808 697 697 937 693 693 760 694 694 759 693 693 760 697 697 937 698 698 938 762 762 843 696 696 940 1549 1549 939 1549 1549 939 1550 1550 844 762 762 843 696 696 940 748 748 819 746 746 941 748 748 819 696 696 940 762 762 843 797 797 942 751 751 821 749 749 820 799 799 943 700 700 859 768 768 860 700 700 859 799 799 943 798 798 944 1553 1553 946 699 699 766 1552 1552 769 699 699 766 1553 1553 946 800 800 945 747 747 818 699 699 766 800 800 945 749 749 820 787 787 891 797 797 942 787 787 891 749 749 820 774 774 872 799 799 943 789 789 893 798 798 944 789 789 893 799 799 943 788 788 894 1554 1554 896 800 800 945 1553 1553 946 800 800 945 1554 1554 896 790 790 895 790 790 895 747 747 818 800 800 945 747 747 818 790 790 895 769 769 863 1562 1562 811 751 751 821 1561 1561 947 751 751 821 1562 1562 811 739 739 810 797 797 942 1561 1561 947 751 751 821 1561 1561 947 797 797 942 1560 1560 948 797 797 942 1559 1559 892 1560 1560 948 1559 1559 892 797 797 942 787 787 891 1272 1272 951 1273 1273 952 801 801 949 801 801 949 1271 1271 950 1272 1272 951 806 806 953 805 805 954 802 802 955 1275 1275 957 1273 1273 952 1274 1274 956 1273 1273 952 1275 1275 957 801 801 949 805 805 954 809 809 959 802 802 955 809 809 959 805 805 954 808 808 958 811 811 963 810 810 960 812 812 962 810 810 960 813 813 961 812 812 962 1191 1191 965 814 814 967 1190 1190 964 814 814 967 1191 1191 965 815 815 966 816 816 969 815 815 966 817 817 968 815 815 966 816 816 969 814 814 967 1280 1280 971 815 815 966 1279 1279 970 815 815 966 1280 1280 971 817 817 968 1269 1269 972 1270 1270 973 801 801 949 801 801 949 1270 1270 973 1271 1271 950 1275 1275 957 1269 1269 972 801 801 949 1269 1269 972 1275 1275 957 1276 1276 974 820 820 978 823 823 975 821 821 977 823 823 975 822 822 976 821 821 977 939 939 982 578 578 980 579 579 981 578 578 980 939 939 982 937 937 979 824 824 984 880 880 985 582 582 983 582 582 983 880 880 985 585 585 986 835 835 990 1303 1303 987 834 834 989 1303 1303 987 1291 1291 988 834 834 989 1200 1200 991 1306 1306 992 827 827 993 1302 1302 995 835 835 990 839 839 994 835 835 990 1302 1302 995 1303 1303 987 838 838 997 1200 1200 991 1201 1201 996 1200 1200 991 838 838 997 830 830 998 835 835 990 834 834 989 830 830 998 834 834 989 829 829 999 830 830 998 830 830 998 839 839 994 835 835 990 839 839 994 830 830 998 838 838 997 838 838 997 1202 1202 1000 832 832 1001 1202 1202 1000 838 838 997 1201 1201 996 839 839 994 838 838 997 836 836 1002 836 836 1002 838 838 997 832 832 1001 1301 1301 1003 839 839 994 836 836 1002 839 839 994 1301 1301 1003 1302 1302 995 834 834 989 1012 1012 1005 829 829 999 1012 1012 1005 834 834 989 1011 1011 1004 1291 1291 988 1011 1011 1004 834 834 989 1011 1011 1004 1291 1291 988 1292 1292 1006 926 926 1008 1027 1027 1010 845 845 1007 1027 1027 1010 926 926 1008 1026 1026 1009 849 849 1014 1208 1208 1012 1209 1209 1013 1208 1208 1012 849 849 1014 1022 1022 1011 854 854 1018 1204 1204 1016 850 850 1017 1204 1204 1016 854 854 1018 1203 1203 1015 851 851 1019 1022 1022 1011 849 849 1014 1022 1022 1011 851 851 1019 923 923 1020 852 852 1022 855 855 1021 850 850 1017 855 855 1021 854 854 1018 850 850 1017 854 854 1018 832 832 1001 1202 1202 1000 854 854 1018 1202 1202 1000 1203 1203 1015 855 855 1021 836 836 1002 854 854 1018 836 836 1002 832 832 1001 854 854 1018 1301 1301 1003 855 855 1021 1300 1300 1023 855 855 1021 1301 1301 1003 836 836 1002 1315 1315 1025 1383 1383 1026 858 858 1024 860 860 1027 858 858 1024 1383 1383 1026 860 860 1027 1316 1316 1028 1283 1283 1029 1316 1316 1028 860 860 1027 1383 1383 1026 1141 1141 1031 1142 1142 1032 861 861 1030 861 861 1030 1142 1142 1032 862 862 1033 1142 1142 1032 863 863 1035 862 862 1033 863 863 1035 1142 1142 1032 1143 1143 1034 866 866 1036 1315 1315 1025 858 858 1024 1315 1315 1025 866 866 1036 1314 1314 1037 1141 1141 1031 865 865 1038 844 844 1039 865 865 1038 1141 1141 1031 861 861 1030 1350 1350 1043 864 864 1041 1140 1140 1042 864 864 1041 1350 1350 1043 1351 1351 1040 1353 1353 1044 864 864 1041 1351 1351 1040 1353 1353 1044 1351 1351 1040 1352 1352 1045 912 912 1049 826 826 1047 911 911 1048 826 826 1047 912 912 1049 825 825 1046 910 910 1051 911 911 1048 826 826 1047 910 910 1051 826 826 1047 840 840 1050 910 910 1051 831 831 1052 909 909 1053 831 831 1052 910 910 1051 840 840 1050 912 912 1049 913 913 1055 825 825 1046 841 841 1054 825 825 1046 913 913 1055 913 913 1058 914 914 1059 842 842 1056 913 913 1058 842 842 1056 841 841 1057 1290 1290 1063 1338 1338 1061 915 915 1062 1338 1338 1061 1290 1290 1063 1337 1337 1060 1372 1372 1064 1289 1289 1065 1155 1155 1066 1372 1372 1064 1155 1155 1066 1371 1371 1067 926 926 1008 921 921 1069 922 922 1070 921 921 1069 926 926 1008 927 927 1068 908 908 1074 846 846 1072 907 907 1073 846 846 1072 908 908 1074 856 856 1071 908 908 1074 909 909 1053 831 831 1052 908 908 1074 831 831 1052 856 856 1071 857 857 1076 845 845 1007 1028 1028 1075 845 845 1007 857 857 1076 906 906 1077 906 906 1081 859 859 1079 918 918 1080 859 859 1079 906 906 1081 857 857 1078 1317 1317 1083 918 918 1080 859 859 1079 918 918 1080 1317 1317 1083 1318 1318 1082 1288 1288 1085 917 917 1087 1287 1287 1084 917 917 1087 1288 1288 1085 916 916 1086 1133 1133 1091 1213 1213 1089 1214 1214 1090 1213 1213 1089 1133 1133 1091 1134 1134 1088 1132 1132 1093 1214 1214 1090 1215 1215 1092 1214 1214 1090 1132 1132 1093 1133 1133 1091 1131 1131 1095 1215 1215 1092 1216 1216 1094 1215 1215 1092 1131 1131 1095 1132 1132 1093 1342 1342 1096 1212 1212 1098 1230 1230 1099 1212 1212 1098 1342 1342 1096 1343 1343 1097 928 928 1101 1180 1180 1103 1135 1135 1100 1180 1180 1103 928 928 1101 1211 1211 1102 1157 1157 1105 1368 1368 1107 1369 1369 1104 1368 1368 1107 1157 1157 1105 1158 1158 1106 1218 1218 1110 1311 1311 1108 1312 1312 1109 1311 1311 1108 1218 1218 1110 1128 1128 1111 1130 1130 1113 1131 1131 1095 1217 1217 1112 1131 1131 1095 1216 1216 1094 1217 1217 1112 1218 1218 1110 1177 1177 1115 1128 1128 1111 1177 1177 1115 1218 1218 1110 1219 1219 1114 1219 1219 1117 1178 1178 1119 1177 1177 1116 1178 1178 1119 1219 1219 1117 1220 1220 1118 1221 1221 1120 1178 1178 1119 1220 1220 1118 1178 1178 1119 1221 1221 1120 1179 1179 1121 929 929 1124 875 875 1122 1144 1144 1123 875 875 1122 929 929 1124 930 930 1125 1226 1226 1127 1132 1132 1093 1225 1225 1126 1225 1225 1126 1132 1132 1093 1131 1131 1095 894 894 1128 585 585 986 880 880 985 585 585 986 894 894 1128 577 577 1129 892 892 1133 881 881 1131 882 882 1132 881 881 1131 892 892 1133 893 893 1130 891 891 1137 1187 1187 1135 1188 1188 1136 1187 1187 1135 891 891 1137 884 884 1134 892 892 1133 884 884 1134 891 891 1137 884 884 1134 892 892 1133 882 882 1132 1419 1419 1140 1111 1111 1138 946 946 1139 1111 1111 1138 1419 1419 1140 1420 1420 1141 889 889 1143 1188 1188 1136 1189 1189 1142 1188 1188 1136 889 889 1143 891 891 1137 887 887 1144 891 891 1137 889 889 1143 891 891 1137 887 887 1144 892 892 1133 887 887 1144 886 886 1145 893 893 1130 887 887 1144 893 893 1130 892 892 1133 885 885 1148 1183 1183 1146 1184 1184 1147 1183 1183 1146 885 885 1148 894 894 1128 885 885 1148 577 577 1129 894 894 1128 576 576 1149 577 577 1129 885 885 1148 871 871 1150 895 895 1151 874 874 1152 925 925 1154 919 919 1155 920 920 1153 919 919 1155 925 925 1154 871 871 1150 873 873 1159 896 896 1157 872 872 1158 896 896 1157 873 873 1159 897 897 1156 873 873 1159 898 898 1160 897 897 1156 898 898 1160 873 873 1159 869 869 1161 868 868 1163 898 898 1160 869 869 1161 898 898 1160 868 868 1163 899 899 1162 867 867 1165 899 899 1162 868 868 1163 899 899 1162 867 867 1165 900 900 1164 867 867 1165 1168 1168 1167 901 901 1166 901 901 1166 900 900 1164 867 867 1165 902 902 1169 901 901 1166 1168 1168 1167 1168 1168 1167 870 870 1168 902 902 1169 870 870 1172 1345 1345 1170 902 902 1171 1345 1345 1170 870 870 1172 1344 1344 1173 1369 1369 1104 1156 1156 1175 1157 1157 1105 1156 1156 1175 1369 1369 1104 1370 1370 1174 875 875 1122 904 904 1177 1144 1144 1123 904 904 1177 875 875 1122 905 905 1176 1333 1333 1180 1319 1319 1181 1320 1320 1178 1333 1333 1180 1320 1320 1178 1332 1332 1179 920 920 1153 927 927 1068 925 925 1154 927 927 1068 920 920 1153 921 921 1069 897 897 1156 907 907 1073 896 896 1157 907 907 1073 897 897 1156 908 908 1074 898 898 1160 908 908 1074 897 897 1156 908 908 1074 898 898 1160 909 909 1053 898 898 1160 899 899 1162 910 910 1051 898 898 1160 910 910 1051 909 909 1053 899 899 1162 900 900 1164 911 911 1048 899 899 1162 911 911 1048 910 910 1051 900 900 1164 912 912 1049 911 911 1048 912 912 1049 900 900 1164 901 901 1166 901 901 1166 913 913 1055 912 912 1049 913 913 1055 901 901 1166 902 902 1169 902 902 1171 914 914 1059 913 913 1058 914 914 1059 902 902 1171 1345 1345 1170 1338 1338 1061 1339 1339 1182 915 915 1062 915 915 1062 1339 1339 1182 903 903 1183 1155 1155 1066 1156 1156 1175 1371 1371 1067 1371 1371 1067 1156 1156 1175 1370 1370 1174 916 916 1086 905 905 1176 917 917 1087 905 905 1176 916 916 1086 904 904 1177 918 918 1080 1318 1318 1082 1333 1333 1180 1333 1333 1180 1318 1318 1082 1319 1319 1181 872 872 1158 920 920 1153 919 919 1155 920 920 1153 872 872 1158 896 896 1157 896 896 1157 921 921 1069 920 920 1153 921 921 1069 896 896 1157 907 907 1073 907 907 1073 922 922 1070 921 921 1069 922 922 1070 907 907 1073 846 846 1072 1025 1025 1184 922 922 1070 846 846 1072 845 845 1007 871 871 1150 924 924 1185 924 924 1185 871 871 1150 925 925 1154 906 906 1077 871 871 1150 845 845 1007 871 871 1150 906 906 1077 895 895 1151 924 924 1185 926 926 1008 845 845 1007 926 926 1008 924 924 1185 927 927 1068 925 925 1154 927 927 1068 924 924 1185 926 926 1008 922 922 1070 1026 1026 1009 1025 1025 1184 1026 1026 1009 922 922 1070 1158 1158 1106 1367 1367 1187 1368 1368 1107 1367 1367 1187 1158 1158 1106 1159 1159 1186 1136 1136 1190 1174 1174 1188 1181 1181 1189 1174 1174 1188 1136 1136 1190 1173 1173 1191 1179 1179 1121 1221 1221 1120 1321 1321 1192 1179 1179 1121 1321 1321 1192 1322 1322 1193 1342 1342 1096 1211 1211 1102 1343 1343 1097 1211 1211 1102 1342 1342 1096 1180 1180 1103 1160 1160 1195 1161 1161 1196 1365 1365 1194 1365 1365 1194 1161 1161 1196 1364 1364 1197 1145 1145 1199 932 932 1201 879 879 1198 932 932 1201 1145 1145 1199 1146 1146 1200 877 877 1203 592 592 1205 931 931 1202 592 592 1205 877 877 1203 590 590 1204 1161 1161 1196 1162 1162 1206 1364 1364 1197 1364 1364 1197 1162 1162 1206 1363 1363 1207 1146 1146 1200 934 934 1209 932 932 1201 934 934 1209 1146 1146 1200 1147 1147 1208 592 592 1205 596 596 1210 931 931 1202 931 931 1202 596 596 1210 933 933 1211 1162 1162 1206 1163 1163 1212 1363 1363 1207 1363 1363 1207 1163 1163 1212 1362 1362 1213 1147 1147 1208 936 936 1215 934 934 1209 936 936 1215 1147 1147 1208 1148 1148 1214 944 944 1218 943 943 1219 1326 1326 1216 1326 1326 1216 1327 1327 1217 944 944 1218 935 935 1221 578 578 980 937 937 979 578 578 980 935 935 1221 597 597 1220 1184 1184 1147 1242 1242 1223 1243 1243 1222 1243 1243 1222 885 885 1148 1184 1184 1147 939 939 982 885 885 1148 1243 1243 1222 1243 1243 1222 1244 1244 1224 939 939 982 597 597 1220 933 933 1211 596 596 1210 933 933 1211 597 597 1220 935 935 1221 1244 1244 1224 937 937 979 939 939 982 937 937 979 1244 1244 1224 1245 1245 1225 1330 1330 1229 1126 1126 1227 1329 1329 1228 1126 1126 1227 1330 1330 1229 946 946 1226 888 888 1231 945 945 1232 1237 1237 1230 1236 1236 1233 1237 1237 1230 945 945 1232 1113 1113 1237 1126 1126 1235 1112 1112 1236 1126 1126 1235 1113 1113 1237 1127 1127 1234 947 947 1241 1118 1118 1239 1119 1119 1240 1118 1118 1239 947 947 1241 950 950 1238 1322 1322 1193 1175 1175 1242 1179 1179 1121 1175 1175 1242 1322 1322 1193 1323 1323 1243 1234 1234 1245 1326 1326 1216 943 943 1219 1326 1326 1216 1234 1234 1245 1325 1325 1244 1330 1330 1229 1331 1331 1246 946 946 1226 1331 1331 1246 1419 1419 1247 946 946 1226 1310 1310 1251 1313 1313 1249 883 883 1250 1313 1313 1249 1310 1310 1251 878 878 1248 1169 1169 1252 878 878 1248 1128 1128 1111 1128 1128 1111 1177 1177 1115 1169 1169 1252 1177 1177 1116 1176 1176 1254 1169 1169 1253 1176 1176 1254 1177 1177 1116 1178 1178 1119 1179 1179 1121 1176 1176 1254 1178 1178 1119 1176 1176 1254 1179 1179 1121 1175 1175 1242 950 950 1256 1169 1169 1252 948 948 1255 1169 1169 1252 950 950 1256 878 878 1248 948 948 1257 1118 1118 1239 950 950 1238 1118 1118 1239 948 948 1257 1117 1117 1258 894 894 1128 880 880 985 1183 1183 1146 1183 1183 1146 880 880 985 1182 1182 1259 948 948 1257 949 949 1260 1117 1117 1258 1117 1117 1258 949 949 1260 1116 1116 1261 949 949 1265 1115 1115 1263 1116 1116 1264 1115 1115 1263 949 949 1265 942 942 1262 942 942 1262 1233 1233 1267 1115 1115 1263 1233 1233 1267 942 942 1262 1234 1234 1266 943 943 1270 1114 1114 1268 1418 1418 1269 1114 1114 1268 943 943 1270 944 944 1271 1113 1113 1237 1114 1114 1268 1127 1127 1234 1127 1127 1234 1114 1114 1268 944 944 1271 1080 1080 1275 952 952 1272 1079 1079 1274 952 952 1272 953 953 1273 1079 1079 1274 955 955 1278 1078 1078 1276 1391 1391 1277 1078 1078 1276 955 955 1278 956 956 1279 1078 1078 1276 957 957 1280 1077 1077 1281 957 957 1280 1078 1078 1276 956 956 1279 958 958 1282 1077 1077 1281 957 957 1280 1077 1077 1281 958 958 1282 1076 1076 1283 1082 1082 1287 951 951 1285 1081 1081 1286 951 951 1285 1082 1082 1287 960 960 1284 954 954 1289 1082 1082 1287 1083 1083 1288 1082 1082 1287 954 954 1289 960 960 1284 2406 2406 2790 961 961 1291 2405 2405 2788 961 961 1291 2406 2406 2790 970 970 1290 962 962 1296 2405 2405 2789 961 961 1295 2405 2405 2789 962 962 1296 2404 2404 2787 2409 2409 2793 963 963 1298 2408 2408 2792 963 963 1298 968 968 1299 2408 2408 2792 1391 1391 1277 1222 1222 1302 1390 1390 1303 1222 1222 1302 1391 1391 1277 1078 1078 1276 1078 1078 1276 964 964 1304 1222 1222 1302 964 964 1304 1078 1078 1276 1077 1077 1281 965 965 1305 2401 2401 2784 964 964 1304 2401 2401 2784 965 965 1305 2400 2400 2783 2398 2398 2781 966 966 1308 1424 1424 1309 966 966 1308 2398 2398 2781 2399 2399 2782 966 966 1308 2400 2400 2783 965 965 1305 2400 2400 2783 966 966 1308 2399 2399 2782 968 968 1299 2407 2407 2791 2408 2408 2792 2407 2407 2791 968 968 1299 969 969 1312 951 951 1285 1080 1080 1314 1081 1081 1286 1080 1080 1314 951 951 1285 952 952 1315 1075 1075 1319 1422 1422 1317 1423 1423 1318 1422 1422 1317 1075 1075 1319 959 959 1316 977 977 1320 1384 1384 1321 1385 1385 1322 977 977 1320 1385 1385 1322 971 971 1323 1395 1395 1326 975 975 1327 1402 1402 1324 1402 1402 1324 1394 1394 1325 1395 1395 1326 972 972 1328 977 977 1320 971 971 1323 977 977 1320 972 972 1328 978 978 1329 1409 1409 1330 978 978 1329 972 972 1328 978 978 1329 1409 1409 1330 1410 1410 1331 976 976 1334 1400 1400 1332 1401 1401 1333 973 973 1335 1400 1400 1332 976 976 1334 999 999 1336 981 981 1337 992 992 1338 1435 1435 1339 1436 1436 1340 1459 1459 1341 1435 1435 1339 1459 1459 1341 1460 1460 1342 1457 1457 1346 1437 1437 1344 1438 1438 1345 1437 1437 1344 1457 1457 1346 1458 1458 1343 1455 1455 1350 1440 1440 1347 1454 1454 1349 1440 1440 1347 1441 1441 1348 1454 1454 1349 983 983 1352 1435 1435 1339 1106 1106 1351 1106 1106 1351 1435 1435 1339 1460 1460 1342 1431 1431 1356 1107 1107 1354 980 980 1355 1107 1107 1354 1431 1431 1356 1432 1432 1353 1107 1107 1354 985 985 1358 980 980 1355 985 985 1358 1107 1107 1354 1108 1108 1357 990 990 1362 987 987 1359 989 989 1361 987 987 1359 988 988 1360 989 989 1361 989 989 1366 1102 1102 1364 990 990 1365 1102 1102 1364 989 989 1366 1101 1101 1363 991 991 1369 1102 1102 1367 1103 1103 1368 1102 1102 1367 991 991 1369 990 990 1362 991 991 1369 987 987 1359 990 990 1362 1104 1104 1370 987 987 1359 1103 1103 1368 1103 1103 1368 987 987 1359 991 991 1369 980 980 1355 985 985 1358 975 975 1371 975 975 1371 1395 1395 1372 980 980 1355 989 989 1366 1105 1105 1373 1101 1101 1363 1105 1105 1373 989 989 1366 988 988 1374 1104 1104 1370 1105 1105 1375 987 987 1359 1105 1105 1375 988 988 1376 987 987 1359 1467 1467 1379 1468 1468 1380 1000 1000 1377 1000 1000 1377 1192 1192 1378 1467 1467 1379 1100 1100 1382 993 993 1384 1089 1089 1381 993 993 1384 1100 1100 1382 994 994 1383 1000 1000 1387 1229 1229 1388 1195 1195 1385 1000 1000 1387 1195 1195 1385 1196 1196 1386 997 997 1390 976 976 1334 998 998 1389 976 976 1334 997 997 1390 973 973 1335 979 979 1391 999 999 1336 992 992 1338 1240 1240 1392 886 886 1145 887 887 1144 886 886 1145 1240 1240 1392 1241 1241 1393 1240 1240 1392 889 889 1143 1239 1239 1394 889 889 1143 1240 1240 1392 887 887 1144 889 889 1143 1238 1238 1395 1239 1239 1394 1238 1238 1395 889 889 1143 1189 1189 1142 1002 1002 1398 941 941 1396 940 940 1397 941 941 1396 1002 1002 1398 1003 1003 1399 1185 1185 1400 1186 1186 1401 940 940 1397 940 940 1397 1186 1186 1401 1002 1002 1398 1004 1004 1403 816 816 969 817 817 968 816 816 969 1004 1004 1403 1001 1001 1402 1003 1003 1399 1002 1002 1398 819 819 1404 1281 1281 1405 1004 1004 1403 1280 1280 971 1280 1280 971 1004 1004 1403 817 817 968 1164 1164 1407 936 936 1215 1148 1148 1214 936 936 1215 1164 1164 1407 938 938 1406 1165 1165 1408 935 935 1221 937 937 979 935 935 1221 1165 1165 1408 1163 1163 1212 1362 1362 1213 1165 1165 1408 1361 1361 1409 1165 1165 1408 1362 1362 1213 1163 1163 1212 945 945 1232 938 938 1406 1236 1236 1233 938 938 1406 1235 1235 1410 1236 1236 1233 1361 1361 1409 1246 1246 1411 1360 1360 1412 1246 1246 1411 1361 1361 1409 1165 1165 1408 813 813 961 810 810 960 1007 1007 1414 810 810 960 1005 1005 1413 1007 1007 1414 1138 1138 1417 1358 1358 1415 1359 1359 1416 1358 1358 1415 1138 1138 1417 1167 1167 1418 1137 1137 1419 1166 1166 1420 1005 1005 1413 1005 1005 1413 1166 1166 1420 1007 1007 1414 941 941 1396 1008 1008 1422 1006 1006 1421 1008 1008 1422 941 941 1396 1003 1003 1399 1439 1439 1424 1455 1455 1350 1456 1456 1423 1455 1455 1350 1439 1439 1424 1440 1440 1347 1027 1027 1010 1028 1028 1075 845 845 1007 1010 1010 1425 851 851 1019 849 849 1014 851 851 1019 1010 1010 1425 1009 1009 1426 1306 1306 992 1013 1013 1428 827 827 993 1013 1013 1428 1306 1306 992 1307 1307 1427 1205 1205 1430 1014 1014 1432 828 828 1429 1014 1014 1432 1205 1205 1430 1206 1206 1431 1304 1304 1434 1015 1015 1436 833 833 1433 1015 1015 1436 1304 1304 1434 1305 1305 1435 827 827 993 1016 1016 1438 837 837 1437 1016 1016 1438 827 827 993 1013 1013 1428 849 849 1014 1209 1209 1013 1210 1210 1439 849 849 1014 1210 1210 1439 1010 1010 1425 1308 1308 1441 1018 1018 1443 853 853 1440 1018 1018 1443 1308 1308 1441 1309 1309 1442 847 847 1444 853 853 1440 1018 1018 1443 847 847 1444 1018 1018 1443 1019 1019 1445 1021 1021 1446 847 847 1444 1019 1019 1445 1021 1021 1446 1019 1019 1445 1020 1020 1447 1017 1017 1451 848 848 1448 1024 1024 1450 848 848 1448 1023 1023 1449 1024 1024 1450 1204 1204 1016 1207 1207 1452 850 850 1017 923 923 1020 850 850 1017 1022 1022 1011 850 850 1017 923 923 1020 852 852 1022 1022 1022 1011 1207 1207 1452 1208 1208 1012 1207 1207 1452 1022 1022 1011 850 850 1017 1023 1023 1449 1020 1020 1447 1024 1024 1450 1020 1020 1447 1023 1023 1449 1021 1021 1446 855 855 1021 1299 1299 1453 1300 1300 1023 1299 1299 1453 855 855 1021 852 852 1022 852 852 1022 1298 1298 1454 1299 1299 1453 1298 1298 1454 852 852 1022 923 923 1020 923 923 1020 1297 1297 1455 1298 1298 1454 1297 1297 1455 923 923 1020 851 851 1019 1296 1296 1456 1297 1297 1455 851 851 1019 1009 1009 1426 1296 1296 1456 851 851 1019 1296 1296 1456 1009 1009 1426 1295 1295 1457 1030 1030 1459 857 857 1078 1029 1029 1458 857 857 1078 1030 1030 1459 859 859 1079 1284 1284 1460 860 860 1027 1283 1283 1029 860 860 1027 1284 1284 1460 1031 1031 1461 1031 1031 1461 858 858 1024 860 860 1027 858 858 1024 1031 1031 1461 1032 1032 1462 858 858 1024 1033 1033 1463 866 866 1036 1033 1033 1463 858 858 1024 1032 1032 1462 1354 1354 1464 1282 1282 1465 864 864 1041 864 864 1041 1353 1353 1044 1354 1354 1464 1282 1282 1465 1139 1139 1466 1140 1140 1042 1140 1140 1042 864 864 1041 1282 1282 1465 1380 1380 1468 843 843 1470 1037 1037 1467 843 843 1470 1380 1380 1468 1336 1336 1469 1375 1375 1474 1153 1153 1472 1374 1374 1473 1153 1153 1472 1375 1375 1474 1152 1152 1471 1374 1374 1473 1154 1154 1475 1373 1373 1476 1154 1154 1475 1374 1374 1473 1153 1153 1472 1334 1334 1480 1036 1036 1478 1039 1039 1479 1036 1036 1478 1334 1334 1480 1335 1335 1477 1151 1151 1482 1375 1375 1474 1376 1376 1481 1375 1375 1474 1151 1151 1482 1152 1152 1471 1150 1150 1486 1377 1377 1484 1378 1378 1485 1377 1377 1484 1150 1150 1486 1349 1349 1483 1038 1038 1489 1347 1347 1487 1041 1041 1488 1347 1347 1487 1038 1038 1489 1334 1334 1480 1347 1347 1487 1348 1348 1490 1041 1041 1488 1040 1040 1491 1041 1041 1488 1348 1348 1490 841 841 1057 842 842 1056 1042 1042 1493 842 842 1056 1043 1043 1492 1042 1042 1493 842 842 1056 1286 1286 1495 1043 1043 1492 1286 1286 1495 842 842 1056 1285 1285 1494 1035 1035 1498 1045 1045 1496 1044 1044 1497 1045 1045 1496 1035 1035 1498 1038 1038 1489 1046 1046 1500 1040 1040 1491 1047 1047 1499 1040 1040 1491 1046 1046 1500 1041 1041 1488 1379 1379 1501 1150 1150 1486 1378 1378 1485 1150 1150 1486 1379 1379 1501 1149 1149 1502 1046 1046 1500 1038 1038 1489 1041 1041 1488 1038 1038 1489 1046 1046 1500 1045 1045 1496 1048 1048 1504 841 841 1054 1042 1042 1503 841 841 1054 1048 1048 1504 825 825 1046 1015 1015 1436 1305 1305 1435 1049 1049 1505 1016 1016 1438 1013 1013 1428 1049 1049 1505 1018 1018 1443 1309 1309 1442 1050 1050 1506 1019 1019 1445 1018 1018 1443 1050 1050 1506 1020 1020 1447 1019 1019 1445 1050 1050 1506 1024 1024 1450 1020 1020 1447 1050 1050 1506 1210 1210 1507 1050 1050 1506 1010 1010 1508 1012 1012 1511 1051 1051 1510 1049 1049 1505 1051 1051 1510 1012 1012 1511 1011 1011 1509 1050 1050 1506 1049 1049 1505 1051 1051 1510 1050 1050 1506 1051 1051 1510 1052 1052 1512 1050 1050 1506 1052 1052 1512 1010 1010 1508 1010 1010 1508 1052 1052 1512 1009 1009 1513 1049 1049 1505 1013 1013 1428 1307 1307 1427 1011 1011 1509 1293 1293 1515 1051 1051 1510 1293 1293 1515 1011 1011 1509 1292 1292 1514 1052 1052 1512 1051 1051 1510 1293 1293 1515 1052 1052 1512 1293 1293 1515 1294 1294 1516 1052 1052 1512 1294 1294 1516 1009 1009 1513 1295 1295 1517 1009 1009 1513 1294 1294 1516 1034 1034 1518 1046 1046 1500 1047 1047 1499 1034 1034 1518 1045 1045 1519 1046 1046 1500 1034 1034 1518 1047 1047 1499 1149 1149 1502 1034 1034 1518 1149 1149 1502 1379 1379 1501 1055 1055 1522 1033 1033 1520 1032 1032 1521 1033 1033 1520 1055 1055 1522 1034 1034 1518 1055 1055 1522 1044 1044 1523 1045 1045 1519 1055 1055 1522 1045 1045 1519 1034 1034 1518 1075 1075 1319 958 958 1282 959 959 1316 958 958 1282 1075 1075 1319 1076 1076 1283 824 824 984 1182 1182 1259 880 880 985 1182 1182 1259 824 824 984 876 876 1524 1405 1405 1526 1056 1056 1527 1404 1404 1525 1404 1404 1525 1056 1056 1527 1392 1392 1528 1057 1057 1530 1120 1120 1532 1121 1121 1529 1120 1120 1532 1057 1057 1530 1058 1058 1531 1059 1059 1534 1121 1121 1529 1122 1122 1533 1121 1121 1529 1059 1059 1534 1057 1057 1530 1058 1058 1531 1398 1398 1536 1120 1120 1532 1398 1398 1536 1058 1058 1531 1397 1397 1535 1060 1060 1538 1123 1123 1540 1061 1061 1537 1123 1123 1540 1060 1060 1538 1407 1407 1539 1061 1061 1537 1124 1124 1542 1062 1062 1541 1124 1124 1542 1061 1061 1537 1123 1123 1540 1124 1124 1542 1417 1417 1544 1062 1062 1541 1417 1417 1544 1124 1124 1542 1416 1416 1543 1059 1059 1534 1065 1065 1311 1064 1064 1310 1065 1065 1311 1059 1059 1534 1060 1060 1538 1060 1060 1538 1066 1066 1306 1065 1065 1311 1060 1060 1538 1061 1061 1537 1066 1066 1306 1061 1061 1537 1067 1067 1307 1066 1066 1306 1067 1067 1307 1061 1061 1537 1062 1062 1541 1067 1067 1307 1417 1417 1544 1068 1068 1545 1417 1417 1544 1067 1067 1307 1062 1062 1541 1069 1069 1297 1056 1056 1546 1070 1070 1294 1063 1063 1547 1056 1056 1546 1069 1069 1297 1070 1070 1292 1405 1405 1526 1071 1071 1293 1405 1405 1526 1070 1070 1292 1056 1056 1527 1072 1072 1300 1397 1397 1535 1058 1058 1531 1397 1397 1535 1072 1072 1300 1396 1396 1313 1058 1058 1531 1057 1057 1530 1073 1073 1301 1073 1073 1301 1072 1072 1300 1058 1058 1531 1064 1064 1310 1057 1057 1530 1059 1059 1534 1057 1057 1530 1064 1064 1310 1073 1073 1301 1423 1423 1318 966 966 1308 1075 1075 1319 966 966 1308 1423 1423 1318 1424 1424 1309 966 966 1308 1076 1076 1283 1075 1075 1319 1076 1076 1283 966 966 1308 965 965 1305 1076 1076 1283 964 964 1304 1077 1077 1281 964 964 1304 1076 1076 1283 965 965 1305 1079 1079 1274 962 962 1296 1080 1080 1275 1080 1080 1275 962 962 1296 961 961 1295 970 970 1290 1080 1080 1314 961 961 1291 1080 1080 1314 970 970 1290 1081 1081 1286 1081 1081 1286 969 969 1312 1082 1082 1287 969 969 1312 1081 1081 1286 970 970 1290 1083 1083 1288 969 969 1312 968 968 1299 969 969 1312 1083 1083 1288 1082 1082 1287 1074 1074 1548 968 968 1299 963 963 1298 968 968 1299 1074 1074 1548 1083 1083 1288 1084 1084 1550 1400 1400 1332 973 973 1335 1400 1400 1332 1084 1084 1550 1399 1399 1549 1085 1085 1551 1084 1084 1550 997 997 1390 997 997 1390 1084 1084 1550 973 973 1335 1409 1409 1330 1086 1086 1552 1408 1408 1553 1086 1086 1552 1409 1409 1330 972 972 1328 1087 1087 1554 1086 1086 1552 972 972 1328 1087 1087 1554 972 972 1328 971 971 1323 1385 1385 1322 1386 1386 1555 971 971 1323 1386 1386 1555 1087 1087 1554 971 971 1323 1403 1403 1556 1394 1394 1325 1402 1402 1324 1394 1394 1325 1403 1403 1556 1393 1393 1557 1192 1192 1378 1466 1466 1559 1467 1467 1379 1466 1466 1559 1192 1192 1378 1193 1193 1558 995 995 1563 1091 1091 1560 996 996 1562 1091 1091 1560 1090 1090 1561 996 996 1562 1099 1099 1566 1499 1499 1564 1092 1092 1565 1499 1499 1564 1099 1099 1566 1498 1498 1567 1228 1228 1571 1541 1541 1569 1542 1542 1570 1541 1541 1569 1228 1228 1571 1194 1194 1568 1531 1531 1574 1198 1198 1572 1415 1415 1573 1198 1198 1572 1531 1531 1574 1532 1532 1575 1093 1093 1577 1536 1536 1578 1094 1094 1576 1537 1537 1579 1094 1094 1576 1536 1536 1578 1530 1530 1582 992 992 1338 1529 1529 1581 992 992 1338 1530 1530 1582 982 982 1580 992 992 1338 981 981 1337 1529 1529 1581 1529 1529 1581 981 981 1337 1528 1528 1583 1512 1512 1586 1199 1199 1584 1414 1414 1585 1199 1199 1584 1512 1512 1586 1513 1513 1587 1515 1515 1590 1516 1516 1591 1096 1096 1588 1096 1096 1588 1095 1095 1589 1515 1515 1590 1097 1097 1595 1232 1232 1592 1519 1519 1594 1519 1519 1594 1232 1232 1592 1518 1518 1593 1097 1097 1595 1520 1520 1596 1098 1098 1597 1520 1520 1596 1097 1097 1595 1519 1519 1594 1542 1542 1570 1497 1497 1598 1228 1228 1571 1229 1229 1388 1000 1000 1387 1468 1468 1599 1468 1468 1599 1469 1469 1600 1229 1229 1388 1101 1101 1363 1493 1493 1602 1102 1102 1364 1493 1493 1602 1101 1101 1363 1492 1492 1601 1494 1494 1604 1102 1102 1367 1493 1493 1603 1102 1102 1367 1494 1494 1604 1103 1103 1368 1104 1104 1370 1103 1103 1368 1494 1494 1604 1494 1494 1604 1495 1495 1605 1104 1104 1370 1105 1105 1375 1104 1104 1370 1496 1496 1606 1495 1495 1605 1496 1496 1606 1104 1104 1370 1105 1105 1373 1492 1492 1601 1101 1101 1363 1492 1492 1601 1105 1105 1373 1496 1496 1607 981 981 1337 1432 1432 1353 1433 1433 1608 1432 1432 1353 981 981 1337 1107 1107 1354 999 999 1336 1107 1107 1354 981 981 1337 979 979 1391 1107 1107 1354 999 999 1336 1107 1107 1354 979 979 1391 1108 1108 1357 1108 1108 1357 979 979 1391 986 986 1609 1528 1528 1583 1433 1433 1608 1527 1527 1610 1433 1433 1608 1528 1528 1583 981 981 1337 1098 1098 1614 1511 1511 1612 1110 1110 1613 1511 1511 1612 1098 1098 1614 1520 1520 1611 1111 1111 1138 1422 1422 1317 1112 1112 1236 1112 1112 1236 1422 1422 1317 959 959 1316 959 959 1316 1113 1113 1237 1112 1112 1236 1113 1113 1237 959 959 1316 958 958 1282 1113 1113 1237 957 957 1280 1114 1114 1268 957 957 1280 1113 1113 1237 958 958 1282 1418 1418 1269 1114 1114 1268 956 956 1279 956 956 1279 1114 1114 1268 957 957 1280 953 953 1273 1233 1233 1267 955 955 1278 1233 1233 1267 953 953 1273 1115 1115 1263 952 952 1272 1116 1116 1264 953 953 1273 1116 1116 1264 1115 1115 1263 953 953 1273 951 951 1285 1116 1116 1261 952 952 1315 1116 1116 1261 951 951 1285 1117 1117 1258 1117 1117 1258 960 960 1284 1118 1118 1239 960 960 1284 1117 1117 1258 951 951 1285 1119 1119 1240 960 960 1284 954 954 1289 960 960 1284 1119 1119 1240 1118 1118 1239 1448 1448 1616 1399 1399 1549 1084 1084 1550 1399 1399 1549 1448 1448 1616 1449 1449 1615 1447 1447 1617 1448 1448 1616 1085 1085 1551 1085 1085 1551 1448 1448 1616 1084 1084 1550 1408 1408 1553 1444 1444 1618 1445 1445 1619 1444 1444 1618 1408 1408 1553 1086 1086 1552 1443 1443 1620 1444 1444 1618 1086 1086 1552 1442 1442 1621 1086 1086 1552 1087 1087 1554 1086 1086 1552 1442 1442 1621 1443 1443 1620 1450 1450 1622 1393 1393 1557 1403 1403 1556 1393 1393 1557 1450 1450 1622 1451 1451 1623 1281 1281 1405 819 819 1404 1248 1248 1624 813 813 961 806 806 953 812 812 962 576 576 1149 885 885 1148 939 939 982 576 576 1149 939 939 982 579 579 981 946 946 1139 1112 1112 1236 1126 1126 1235 1112 1112 1236 946 946 1139 1111 1111 1138 1127 1127 1626 944 944 1218 1328 1328 1625 1327 1327 1217 1328 1328 1625 944 944 1218 1127 1127 1626 1329 1329 1228 1126 1126 1227 1329 1329 1228 1127 1127 1626 1328 1328 1625 949 949 1627 948 948 1628 1169 1169 1253 1169 1169 1253 1176 1176 1254 949 949 1627 1128 1128 1111 878 878 1248 1311 1311 1108 1310 1310 1251 1311 1311 1108 878 878 1248 1223 1223 1631 1224 1224 1629 1129 1129 1630 1224 1224 1629 1130 1130 1113 1129 1129 1630 1224 1224 1629 1225 1225 1126 1130 1130 1113 1225 1225 1126 1131 1131 1095 1130 1130 1113 876 876 1524 1134 1134 1088 1133 1133 1091 1134 1134 1088 876 876 1524 824 824 984 1231 1231 1635 588 588 1633 1341 1341 1634 588 588 1633 1231 1231 1635 586 586 1632 1367 1367 1187 1159 1159 1186 1172 1172 1636 1367 1367 1187 1172 1172 1636 1366 1366 1637 1164 1164 1407 1235 1235 1410 938 938 1406 1235 1235 1410 1164 1164 1407 1247 1247 1638 1047 1047 1499 1150 1150 1486 1149 1149 1502 1150 1150 1486 1047 1047 1499 1040 1040 1491 1040 1040 1491 1349 1349 1483 1150 1150 1486 1349 1349 1483 1040 1040 1491 1348 1348 1490 1039 1039 1479 1152 1152 1471 1151 1151 1482 1152 1152 1471 1039 1039 1479 1036 1036 1478 1152 1152 1471 1036 1036 1478 1153 1153 1472 1036 1036 1478 1037 1037 1467 1153 1153 1472 1153 1153 1472 843 843 1470 1154 1154 1475 843 843 1470 1153 1153 1472 1037 1037 1467 1289 1289 1065 915 915 1062 1155 1155 1066 915 915 1062 1289 1289 1065 1290 1290 1063 1155 1155 1066 903 903 1183 1156 1156 1175 903 903 1183 1155 1155 1066 915 915 1062 1156 1156 1175 903 903 1183 1157 1157 1105 1157 1157 1105 903 903 1183 1346 1346 1639 1346 1346 1639 1158 1158 1106 1157 1157 1105 1158 1158 1106 1346 1346 1639 928 928 1101 1158 1158 1106 1135 1135 1100 1159 1159 1186 1135 1135 1100 1158 1158 1106 928 928 1101 1159 1159 1186 1171 1171 1640 1172 1172 1636 1171 1171 1640 1159 1159 1186 1135 1135 1100 1160 1160 1195 931 931 1202 1161 1161 1196 931 931 1202 1160 1160 1195 877 877 1203 1161 1161 1196 933 933 1211 1162 1162 1206 933 933 1211 1161 1161 1196 931 931 1202 1162 1162 1206 935 935 1221 1163 1163 1212 935 935 1221 1162 1162 1206 933 933 1211 1165 1165 1408 1245 1245 1225 1246 1246 1411 1245 1245 1225 1165 1165 1408 937 937 979 1006 1006 1421 1167 1167 1418 1138 1138 1417 1167 1167 1418 1006 1006 1421 1008 1008 1422 1170 1170 1641 1341 1341 1634 588 588 1633 588 588 1633 590 590 1204 1170 1170 1641 877 877 1203 1171 1171 1640 590 590 1204 1171 1171 1640 1170 1170 1641 590 590 1204 1172 1172 1636 877 877 1203 1160 1160 1195 877 877 1203 1172 1172 1636 1171 1171 1640 1366 1366 1637 1172 1172 1636 1160 1160 1195 1366 1366 1637 1160 1160 1195 1365 1365 1194 1173 1173 1191 879 879 1198 1174 1174 1188 879 879 1198 1173 1173 1191 1145 1145 1199 1323 1323 1243 942 942 1643 1175 1175 1242 942 942 1643 1323 1323 1243 1324 1324 1642 1175 1175 1242 949 949 1627 1176 1176 1254 949 949 1627 1175 1175 1242 942 942 1643 1231 1231 1635 1341 1341 1634 1230 1230 1099 1230 1230 1099 1341 1341 1634 1342 1342 1096 1341 1341 1634 1180 1180 1103 1342 1342 1096 1180 1180 1103 1341 1341 1634 1170 1170 1641 1135 1135 1100 1170 1170 1641 1171 1171 1640 1170 1170 1641 1135 1135 1100 1180 1180 1103 1136 1136 1190 930 930 1125 929 929 1124 930 930 1125 1136 1136 1190 1181 1181 1189 881 881 1131 1182 1182 1259 876 876 1524 881 881 1131 876 876 1524 1226 1226 1127 1183 1183 1146 1182 1182 1259 893 893 1130 893 893 1130 1182 1182 1259 881 881 1131 893 893 1130 886 886 1145 1184 1184 1147 1184 1184 1147 1183 1183 1146 893 893 1130 1241 1241 1393 1242 1242 1223 886 886 1145 1242 1242 1223 1184 1184 1147 886 886 1145 1001 1001 1402 1186 1186 1401 1185 1185 1400 1004 1004 1403 1186 1186 1401 1001 1001 1402 890 890 1644 1188 1188 1136 883 883 1250 1188 1188 1136 1187 1187 1135 883 883 1250 890 890 1644 888 888 1231 1189 1189 1142 1189 1189 1142 1188 1188 1136 890 890 1644 1189 1189 1142 1237 1237 1230 1238 1238 1395 1237 1237 1230 1189 1189 1142 888 888 1231 811 811 963 812 812 962 1191 1191 965 811 811 963 1191 1191 965 1190 1190 964 1000 1000 1377 1197 1197 1646 1192 1192 1378 1197 1197 1646 1000 1000 1377 1196 1196 1645 1458 1458 1343 1436 1436 1340 1437 1437 1344 1436 1436 1340 1458 1458 1343 1459 1459 1341 1518 1518 1593 1434 1434 1647 1517 1517 1648 1434 1434 1647 1518 1518 1593 1232 1232 1592 1430 1430 1650 1537 1537 1579 1538 1538 1649 1537 1537 1579 1430 1430 1650 1094 1094 1576 1429 1429 1652 995 995 1563 1428 1428 1651 995 995 1563 1429 1429 1652 1091 1091 1560 996 996 1562 1428 1428 1654 995 995 1563 1428 1428 1654 996 996 1562 1427 1427 1653 996 996 1562 1426 1426 1655 1427 1427 1653 1426 1426 1655 996 996 1562 1090 1090 1561 1536 1536 1578 1425 1425 1656 1535 1535 1657 1425 1425 1656 1536 1536 1578 1093 1093 1577 1514 1514 1659 1515 1515 1590 1095 1095 1589 1095 1095 1589 1406 1406 1658 1514 1514 1659 827 827 993 1201 1201 996 1200 1200 991 1201 1201 996 827 827 993 837 837 1437 1202 1202 1000 1304 1304 1434 833 833 1433 1304 1304 1434 1202 1202 1000 1201 1201 996 1308 1308 1441 853 853 1440 1203 1203 1015 1203 1203 1015 847 847 1444 1204 1204 1016 847 847 1444 1203 1203 1015 853 853 1440 1205 1205 1430 830 830 998 829 829 999 830 830 998 1205 1205 1430 1200 1200 991 1012 1012 1005 1205 1205 1430 829 829 999 1205 1205 1430 1012 1012 1005 1206 1206 1431 1049 1049 1505 1206 1206 1660 1012 1012 1511 1204 1204 1016 1021 1021 1446 1207 1207 1452 1021 1021 1446 1204 1204 1016 847 847 1444 1207 1207 1452 1023 1023 1449 1208 1208 1012 1023 1023 1449 1207 1207 1452 1021 1021 1446 1208 1208 1012 848 848 1448 1209 1209 1013 848 848 1448 1208 1208 1012 1023 1023 1449 1209 1209 1013 1017 1017 1451 1210 1210 1439 1017 1017 1451 1209 1209 1013 848 848 1448 1024 1024 1450 1210 1210 1507 1017 1017 1451 1210 1210 1507 1024 1024 1450 1050 1050 1506 1212 1212 1098 1344 1344 1173 870 870 1172 1344 1344 1173 1212 1212 1098 1343 1343 1097 870 870 1168 1168 1168 1167 1213 1213 1089 1213 1213 1089 1212 1212 1661 870 870 1168 867 867 1165 1213 1213 1089 1168 1168 1167 1213 1213 1089 867 867 1165 1214 1214 1090 1215 1215 1092 1214 1214 1090 867 867 1165 1215 1215 1092 867 867 1165 868 868 1163 1216 1216 1094 1215 1215 1092 868 868 1163 1216 1216 1094 868 868 1163 869 869 1161 1216 1216 1094 873 873 1159 1217 1217 1112 873 873 1159 1216 1216 1094 869 869 1161 919 919 1155 871 871 1150 1218 1218 1110 919 919 1155 1218 1218 1110 1312 1312 1109 871 871 1150 874 874 1152 1219 1219 1114 871 871 1150 1219 1219 1114 1218 1218 1110 1320 1320 1178 1220 1220 1118 1332 1332 1179 1220 1220 1118 1320 1320 1178 1221 1221 1120 1221 1221 1120 875 875 1122 1321 1321 1192 875 875 1122 1221 1221 1120 1320 1320 1178 2402 2402 2785 1222 1222 1302 2401 2401 2784 1222 1222 1302 964 964 1304 2401 2401 2784 2403 2403 2786 1222 1222 1302 2402 2402 2785 1222 1222 1302 2403 2403 2786 1390 1390 1303 884 884 1134 1223 1223 1631 1187 1187 1135 1223 1223 1631 884 884 1134 1224 1224 1629 882 882 1132 1224 1224 1629 884 884 1134 1224 1224 1629 882 882 1132 1225 1225 1126 882 882 1132 881 881 1131 1226 1226 1127 882 882 1132 1226 1226 1127 1225 1225 1126 876 876 1524 1133 1133 1091 1226 1226 1127 1226 1226 1127 1133 1133 1091 1132 1132 1093 1129 1129 1630 1130 1130 1113 1227 1227 1663 1130 1130 1113 1217 1217 1112 1227 1227 1663 1217 1217 1112 872 872 1158 1227 1227 1663 872 872 1158 1217 1217 1112 873 873 1159 1230 1230 1664 1213 1213 1089 1134 1134 1088 1213 1213 1089 1230 1230 1664 1212 1212 1661 1134 1134 1088 824 824 984 1231 1231 1665 1134 1134 1088 1231 1231 1665 1230 1230 1664 824 824 984 586 586 1666 1231 1231 1665 586 586 1666 824 824 984 582 582 983 1234 1234 1245 1324 1324 1642 1325 1325 1244 1324 1324 1642 1234 1234 1245 942 942 1643 1236 1236 1233 1235 1235 1410 810 810 1668 1235 1235 1410 1005 1005 1667 810 810 1668 1237 1237 1230 1236 1236 1233 811 811 1669 811 811 1669 1236 1236 1233 810 810 1668 811 811 1669 1238 1238 1395 1237 1237 1230 1238 1238 1395 811 811 1669 1190 1190 1670 1238 1238 1395 814 814 1671 1239 1239 1394 814 814 1671 1238 1238 1395 1190 1190 1670 1239 1239 1394 816 816 1672 1240 1240 1392 816 816 1672 1239 1239 1394 814 814 1671 816 816 1672 1001 1001 1673 1241 1241 1393 1241 1241 1393 1240 1240 1392 816 816 1672 1242 1242 1223 1001 1001 1673 1185 1185 1674 1001 1001 1673 1242 1242 1223 1241 1241 1393 940 940 1675 1243 1243 1222 1242 1242 1223 940 940 1675 1242 1242 1223 1185 1185 1674 1243 1243 1222 940 940 1675 1244 1244 1224 940 940 1675 941 941 1676 1244 1244 1224 941 941 1676 1245 1245 1225 1244 1244 1224 1245 1245 1225 941 941 1676 1006 1006 1677 1246 1246 1411 1006 1006 1677 1138 1138 1678 1006 1006 1677 1246 1246 1411 1245 1245 1225 1360 1360 1412 1138 1138 1678 1359 1359 1679 1138 1138 1678 1360 1360 1412 1246 1246 1411 1247 1247 1638 1005 1005 1667 1235 1235 1410 1005 1005 1667 1247 1247 1638 1137 1137 1680 1248 1248 1624 819 819 1404 1002 1002 1398 1248 1248 1624 1002 1002 1398 1186 1186 1401 1004 1004 1403 1248 1248 1624 1186 1186 1401 1191 1191 965 1249 1249 1681 815 815 966 1249 1249 1681 812 812 962 806 806 953 812 812 962 1249 1249 1681 1191 1191 965 1167 1167 1418 1357 1357 1683 1358 1358 1415 1357 1357 1683 1167 1167 1418 1250 1250 1682 1166 1166 1420 1252 1252 1684 1007 1007 1414 1007 1007 1414 1252 1252 1684 1251 1251 1685 1008 1008 1422 1250 1250 1682 1167 1167 1418 1250 1250 1682 1008 1008 1422 1253 1253 1686 1260 1260 1688 1355 1355 1690 1356 1356 1687 1355 1355 1690 1260 1260 1688 1254 1254 1689 1259 1259 1692 1255 1255 1694 1258 1258 1691 1255 1255 1694 1259 1259 1692 1256 1256 1693 1257 1257 1696 1260 1260 1688 1261 1261 1695 1260 1260 1688 1257 1257 1696 1254 1254 1689 1259 1259 1692 1251 1251 1685 1252 1252 1684 1251 1251 1685 1259 1259 1692 1258 1258 1691 1250 1250 1682 1356 1356 1687 1357 1357 1683 1356 1356 1687 1250 1250 1682 1260 1260 1688 1253 1253 1686 1260 1260 1688 1250 1250 1682 1260 1260 1688 1253 1253 1686 1261 1261 1695 1251 1251 1685 805 805 954 806 806 953 805 805 954 1251 1251 1685 1258 1258 1691 1251 1251 1685 813 813 961 1007 1007 1414 813 813 961 1251 1251 1685 806 806 953 805 805 954 1255 1255 1694 808 808 958 1255 1255 1694 805 805 954 1258 1258 1691 821 821 977 1257 1257 1696 1261 1261 1695 1257 1257 1696 821 821 977 822 822 976 1253 1253 1686 821 821 977 1261 1261 1695 821 821 977 1253 1253 1686 819 819 1404 1253 1253 1686 1003 1003 1399 819 819 1404 1003 1003 1399 1253 1253 1686 1008 1008 1422 1277 1277 1697 1262 1262 1698 823 823 975 1264 1264 1701 1267 1267 1702 818 818 1699 1264 1264 1701 818 818 1699 804 804 1700 802 802 955 1268 1268 1705 803 803 1703 1268 1268 1705 802 802 955 1265 1265 1704 1266 1266 1706 1278 1278 1707 809 809 959 820 820 978 818 818 1699 1267 1267 1702 820 820 978 1267 1267 1702 1263 1263 1708 1264 1264 1701 803 803 1703 1268 1268 1705 803 803 1703 1264 1264 1701 804 804 1700 1277 1277 1697 1276 1276 974 1262 1262 1698 1263 1263 1708 1270 1270 973 1269 1269 972 1270 1270 973 1263 1263 1708 1267 1267 1702 1271 1271 950 1270 1270 973 1267 1267 1702 1271 1271 950 1267 1267 1702 1264 1264 1701 1268 1268 1705 1271 1271 950 1264 1264 1701 1271 1271 950 1268 1268 1705 1272 1272 951 1272 1272 951 1265 1265 1704 1273 1273 952 1265 1265 1704 1272 1272 951 1268 1268 1705 1266 1266 1706 1274 1274 956 1278 1278 1707 807 807 1709 1274 1274 956 1266 1266 1706 1274 1274 956 807 807 1709 1275 1275 957 1262 1262 1698 1276 1276 974 807 807 1709 807 807 1709 1276 1276 974 1275 1275 957 1277 1277 1697 820 820 978 1263 1263 1708 820 820 978 1277 1277 1697 823 823 975 1276 1276 974 1263 1263 1708 1269 1269 972 1263 1263 1708 1276 1276 974 1277 1277 1697 1274 1274 956 1273 1273 952 1278 1278 1707 1278 1278 1707 1273 1273 952 1265 1265 1704 802 802 955 1278 1278 1707 1265 1265 1704 1278 1278 1707 802 802 955 809 809 959 803 803 1703 1280 1280 971 1279 1279 970 1280 1280 971 803 803 1703 804 804 1700 818 818 1699 1280 1280 971 804 804 1700 1280 1280 971 818 818 1699 1281 1281 1405 1281 1281 1405 1248 1248 1624 1004 1004 1403 1249 1249 1681 1279 1279 970 815 815 966 806 806 953 1279 1279 970 1249 1249 1681 819 819 1404 820 820 978 821 821 977 820 820 978 1281 1281 1405 818 818 1699 1281 1281 1405 820 820 978 819 819 1404 802 802 955 1279 1279 970 806 806 953 1279 1279 970 802 802 955 803 803 1703 1282 1282 1465 1354 1354 1464 1034 1034 1518 1139 1139 1466 1282 1282 1465 1034 1034 1518 1030 1030 1459 1284 1284 1460 859 859 1079 1284 1284 1460 1283 1283 1029 859 859 1079 1285 1285 1494 1382 1382 1710 1286 1286 1495 1382 1382 1710 1285 1285 1494 1381 1381 1711 859 859 1079 1283 1283 1029 1316 1316 1028 1316 1316 1028 1317 1317 1083 859 859 1079 1143 1143 1034 1287 1287 1084 863 863 1035 1287 1287 1084 1143 1143 1034 1288 1288 1085 1154 1154 1475 1289 1289 1065 1373 1373 1476 1373 1373 1476 1289 1289 1065 1372 1372 1064 1154 1154 1475 843 843 1470 1290 1290 1063 1154 1154 1475 1290 1290 1063 1289 1289 1065 1336 1336 1469 1290 1290 1063 843 843 1470 1290 1290 1063 1336 1336 1469 1337 1337 1060 1292 1292 1006 825 825 1046 1048 1048 1504 825 825 1046 1292 1292 1006 1291 1291 988 1292 1292 1514 1053 1053 1713 1293 1293 1515 1053 1053 1713 1292 1292 1514 1048 1048 1712 1294 1294 1516 1293 1293 1515 1053 1053 1713 1294 1294 1516 1053 1053 1713 1054 1054 1714 1294 1294 1516 1054 1054 1714 1295 1295 1517 1028 1028 1715 1295 1295 1517 1054 1054 1714 1295 1295 1457 1027 1027 1010 1296 1296 1456 1027 1027 1010 1295 1295 1457 1028 1028 1075 1296 1296 1456 1026 1026 1009 1297 1297 1455 1026 1026 1009 1296 1296 1456 1027 1027 1010 1025 1025 1184 1297 1297 1455 1026 1026 1009 1297 1297 1455 1025 1025 1184 1298 1298 1454 846 846 1072 1298 1298 1454 1025 1025 1184 1298 1298 1454 846 846 1072 1299 1299 1453 856 856 1071 1299 1299 1453 846 846 1072 1299 1299 1453 856 856 1071 1300 1300 1023 831 831 1052 1300 1300 1023 856 856 1071 1300 1300 1023 831 831 1052 1301 1301 1003 1302 1302 995 831 831 1052 840 840 1050 831 831 1052 1302 1302 995 1301 1301 1003 840 840 1050 1303 1303 987 1302 1302 995 1303 1303 987 840 840 1050 826 826 1047 826 826 1047 1291 1291 988 1303 1303 987 1291 1291 988 826 826 1047 825 825 1046 1304 1304 1434 1201 1201 996 837 837 1437 837 837 1437 1305 1305 1435 1304 1304 1434 1305 1305 1435 837 837 1437 1016 1016 1438 1049 1049 1505 1305 1305 1435 1016 1016 1438 1200 1200 991 1205 1205 1430 828 828 1429 1200 1200 991 828 828 1429 1306 1306 992 828 828 1429 1307 1307 1427 1306 1306 992 1014 1014 1432 1307 1307 1427 828 828 1429 1206 1206 1660 1307 1307 1427 1014 1014 1432 1307 1307 1427 1206 1206 1660 1049 1049 1505 1202 1202 1000 1308 1308 1441 1203 1203 1015 1308 1308 1441 1202 1202 1000 833 833 1433 833 833 1433 1309 1309 1442 1308 1308 1441 1309 1309 1442 833 833 1433 1015 1015 1436 1049 1049 1505 1309 1309 1442 1015 1015 1436 1309 1309 1442 1049 1049 1505 1050 1050 1506 1187 1187 1135 1310 1310 1251 883 883 1250 1310 1310 1251 1187 1187 1135 1223 1223 1631 1223 1223 1631 1311 1311 1108 1310 1310 1251 1311 1311 1108 1223 1223 1631 1129 1129 1630 1311 1311 1108 1129 1129 1630 1312 1312 1109 1129 1129 1630 1227 1227 1663 1312 1312 1109 1227 1227 1663 919 919 1155 1312 1312 1109 919 919 1155 1227 1227 1663 872 872 1158 950 950 1256 1313 1313 1249 878 878 1248 1313 1313 1249 950 950 1256 947 947 1716 861 861 1030 1314 1314 1037 865 865 1038 1314 1314 1037 861 861 1030 1315 1315 1025 862 862 1033 1315 1315 1025 861 861 1030 1315 1315 1025 862 862 1033 1383 1383 1026 1316 1316 1028 1383 1383 1026 862 862 1033 862 862 1033 863 863 1035 1316 1316 1028 1317 1317 1083 1316 1316 1028 863 863 1035 863 863 1035 1287 1287 1084 1317 1317 1083 1287 1287 1084 1318 1318 1082 1317 1317 1083 1318 1318 1082 1287 1287 1084 917 917 1087 1318 1318 1082 917 917 1087 1319 1319 1181 1319 1319 1181 917 917 1087 905 905 1176 875 875 1122 1319 1319 1181 905 905 1176 1319 1319 1181 875 875 1122 1320 1320 1178 1321 1321 1192 875 875 1122 930 930 1125 1181 1181 1189 1321 1321 1192 930 930 1125 1321 1321 1192 1181 1181 1189 1322 1322 1193 1181 1181 1189 1174 1174 1188 1323 1323 1243 1181 1181 1189 1323 1323 1243 1322 1322 1193 1174 1174 1188 1324 1324 1642 1323 1323 1243 1324 1324 1642 1174 1174 1188 879 879 1198 1325 1325 1244 879 879 1198 932 932 1201 879 879 1198 1325 1325 1244 1324 1324 1642 1326 1326 1216 1325 1325 1244 932 932 1201 1326 1326 1216 932 932 1201 934 934 1209 1327 1327 1217 1326 1326 1216 934 934 1209 934 934 1209 936 936 1215 1327 1327 1217 1328 1328 1625 936 936 1215 938 938 1406 936 936 1215 1328 1328 1625 1327 1327 1217 1328 1328 1625 945 945 1232 1329 1329 1228 945 945 1232 1328 1328 1625 938 938 1406 888 888 1231 1329 1329 1228 945 945 1232 1329 1329 1228 888 888 1231 1330 1330 1229 890 890 1644 1330 1330 1229 888 888 1231 1330 1330 1229 890 890 1644 1331 1331 1246 1313 1313 1249 890 890 1644 883 883 1250 890 890 1644 1313 1313 1249 1331 1331 1246 1332 1332 1179 1219 1219 1117 874 874 1717 1219 1219 1117 1332 1332 1179 1220 1220 1118 1332 1332 1179 874 874 1717 895 895 1718 895 895 1718 1333 1333 1180 1332 1332 1179 918 918 1080 895 895 1718 906 906 1081 895 895 1718 918 918 1080 1333 1333 1180 1335 1335 1477 1038 1038 1489 1035 1035 1498 1038 1038 1489 1335 1335 1477 1334 1334 1480 1381 1381 1711 1285 1285 1494 1336 1336 1469 1381 1381 1711 1336 1336 1469 1380 1380 1468 842 842 1056 1336 1336 1469 1285 1285 1494 1336 1336 1469 842 842 1056 1337 1337 1060 1337 1337 1060 914 914 1059 1338 1338 1061 914 914 1059 1337 1337 1060 842 842 1056 1345 1345 1170 1338 1338 1061 914 914 1059 1338 1338 1061 1345 1345 1170 1339 1339 1182 1339 1339 1182 1345 1345 1170 1340 1340 1719 1340 1340 1719 1345 1345 1170 1344 1344 1173 1343 1343 1097 1340 1340 1719 1344 1344 1173 1340 1340 1719 1343 1343 1097 1211 1211 1102 903 903 1183 1339 1339 1182 1346 1346 1639 1346 1346 1639 1339 1339 1182 1340 1340 1719 1340 1340 1719 928 928 1101 1346 1346 1639 928 928 1101 1340 1340 1719 1211 1211 1102 1347 1347 1487 1334 1334 1480 1039 1039 1479 1348 1348 1490 1347 1347 1487 1039 1039 1479 1348 1348 1490 1151 1151 1482 1349 1349 1483 1151 1151 1482 1348 1348 1490 1039 1039 1479 1349 1349 1483 1376 1376 1481 1377 1377 1484 1376 1376 1481 1349 1349 1483 1151 1151 1482 844 844 1039 1351 1351 1040 1350 1350 1043 1351 1351 1040 844 844 1039 865 865 1038 1352 1352 1045 1351 1351 1040 865 865 1038 1314 1314 1037 1352 1352 1045 865 865 1038 1352 1352 1045 866 866 1036 1353 1353 1044 866 866 1036 1352 1352 1045 1314 1314 1037 1033 1033 1520 1353 1353 1044 866 866 1036 1353 1353 1044 1033 1033 1520 1354 1354 1464 1034 1034 1518 1354 1354 1464 1033 1033 1520 1356 1356 1720 1256 1256 1693 1259 1259 1692 1256 1256 1693 1356 1356 1720 1355 1355 1721 1357 1357 1722 1259 1259 1692 1252 1252 1684 1259 1259 1692 1357 1357 1722 1356 1356 1720 1358 1358 1723 1252 1252 1684 1166 1166 1420 1252 1252 1684 1358 1358 1723 1357 1357 1722 1359 1359 1724 1166 1166 1420 1137 1137 1419 1166 1166 1420 1359 1359 1724 1358 1358 1723 1137 1137 1680 1360 1360 1412 1359 1359 1679 1360 1360 1412 1137 1137 1680 1247 1247 1638 1247 1247 1638 1361 1361 1409 1360 1360 1412 1361 1361 1409 1247 1247 1638 1164 1164 1407 1148 1148 1214 1361 1361 1409 1164 1164 1407 1361 1361 1409 1148 1148 1214 1362 1362 1213 1363 1363 1207 1148 1148 1214 1147 1147 1208 1148 1148 1214 1363 1363 1207 1362 1362 1213 1364 1364 1197 1147 1147 1208 1146 1146 1200 1147 1147 1208 1364 1364 1197 1363 1363 1207 1365 1365 1194 1146 1146 1200 1145 1145 1199 1146 1146 1200 1365 1365 1194 1364 1364 1197 1366 1366 1637 1145 1145 1199 1173 1173 1191 1145 1145 1199 1366 1366 1637 1365 1365 1194 1367 1367 1187 1173 1173 1191 1136 1136 1190 1173 1173 1191 1367 1367 1187 1366 1366 1637 1368 1368 1107 1136 1136 1190 929 929 1124 1136 1136 1190 1368 1368 1107 1367 1367 1187 1368 1368 1107 1144 1144 1123 1369 1369 1104 1144 1144 1123 1368 1368 1107 929 929 1124 1144 1144 1123 1370 1370 1174 1369 1369 1104 1370 1370 1174 1144 1144 1123 904 904 1177 1371 1371 1067 904 904 1177 916 916 1086 904 904 1177 1371 1371 1067 1370 1370 1174 1372 1372 1064 916 916 1086 1288 1288 1085 916 916 1086 1372 1372 1064 1371 1371 1067 1373 1373 1476 1288 1288 1085 1143 1143 1034 1288 1288 1085 1373 1373 1476 1372 1372 1064 1142 1142 1032 1374 1374 1473 1143 1143 1034 1374 1374 1473 1373 1373 1476 1143 1143 1034 1141 1141 1031 1374 1374 1473 1142 1142 1032 1374 1374 1473 1141 1141 1031 1375 1375 1474 844 844 1039 1375 1375 1474 1141 1141 1031 1375 1375 1474 844 844 1039 1376 1376 1481 1376 1376 1481 1350 1350 1043 1377 1377 1484 1350 1350 1043 1376 1376 1481 844 844 1039 1377 1377 1484 1140 1140 1042 1378 1378 1485 1140 1140 1042 1377 1377 1484 1350 1350 1043 1378 1378 1485 1139 1139 1466 1379 1379 1501 1139 1139 1466 1378 1378 1485 1140 1140 1042 1037 1037 1467 1036 1036 1478 1335 1335 1477 1335 1335 1477 1380 1380 1468 1037 1037 1467 1035 1035 1498 1381 1381 1711 1380 1380 1468 1035 1035 1498 1380 1380 1468 1335 1335 1477 1381 1381 1711 1035 1035 1498 1382 1382 1710 1382 1382 1710 1035 1035 1498 1044 1044 1497 1384 1384 1321 967 967 1726 1385 1385 1322 967 967 1726 1384 1384 1321 974 974 1725 967 967 1726 1088 1088 1727 1385 1385 1322 1088 1088 1727 1386 1386 1555 1385 1385 1322 1453 1453 1729 1088 1088 1727 1452 1452 1728 1088 1088 1727 1453 1453 1729 1386 1386 1555 1125 1125 1732 1388 1388 1730 1387 1387 1731 1388 1388 1730 1125 1125 1732 1063 1063 1547 1389 1389 1662 1063 1063 1547 1069 1069 1297 1063 1063 1547 1389 1389 1662 1388 1388 1730 2404 2404 2787 1390 1390 1303 2403 2403 2786 1390 1390 1303 2404 2404 2787 962 962 1296 1079 1079 1274 1390 1390 1303 962 962 1296 1390 1390 1303 1079 1079 1274 1391 1391 1277 1391 1391 1277 1079 1079 1274 953 953 1273 953 953 1273 955 955 1278 1391 1391 1277 1063 1063 1547 1392 1392 1733 1056 1056 1546 1392 1392 1733 1063 1063 1547 1125 1125 1732 1451 1451 1735 1088 1088 1727 1393 1393 1734 1088 1088 1727 1451 1451 1735 1452 1452 1728 1393 1393 1734 967 967 1726 1394 1394 1736 967 967 1726 1393 1393 1734 1088 1088 1727 1394 1394 1736 974 974 1725 1395 1395 1737 974 974 1725 1394 1394 1736 967 967 1726 1395 1395 1372 974 974 1738 980 980 1355 980 980 1355 974 974 1738 1431 1431 1356 970 970 1290 2407 2407 2791 969 969 1312 2407 2407 2791 970 970 1290 2406 2406 2790 1405 1405 1526 1396 1396 1313 1071 1071 1293 1396 1396 1313 1405 1405 1526 1397 1397 1535 1397 1397 1535 1405 1405 1526 1398 1398 1536 1398 1398 1536 1405 1405 1526 1404 1404 1525 1449 1449 1615 1403 1403 1556 1399 1399 1549 1403 1403 1556 1449 1449 1615 1450 1450 1622 1399 1399 1549 1403 1403 1556 1400 1400 1332 1400 1400 1332 1403 1403 1556 1402 1402 1324 975 975 1327 1401 1401 1333 1400 1400 1332 975 975 1327 1400 1400 1332 1402 1402 1324 1060 1060 1538 1059 1059 1534 1122 1122 1533 1122 1122 1533 1407 1407 1539 1060 1060 1538 1411 1411 1740 1445 1445 1619 1446 1446 1739 1445 1445 1619 1411 1411 1740 1408 1408 1553 1412 1412 1741 1408 1408 1553 1411 1411 1740 1408 1408 1553 1412 1412 1741 1409 1409 1330 1413 1413 1742 1409 1409 1330 1412 1412 1741 1409 1409 1330 1413 1413 1742 1410 1410 1331 1085 1085 1551 1446 1446 1739 1447 1447 1617 1446 1446 1739 1085 1085 1551 1411 1411 1740 997 997 1390 1411 1411 1740 1085 1085 1551 1411 1411 1740 997 997 1390 1412 1412 1741 1412 1412 1741 998 998 1389 1413 1413 1742 998 998 1389 1412 1412 1741 997 997 1390 1439 1439 1424 1456 1456 1423 1457 1457 1346 1457 1457 1346 1438 1438 1345 1439 1439 1424 1110 1110 1613 1512 1512 1586 1414 1414 1585 1512 1512 1586 1110 1110 1613 1511 1511 1612 1500 1500 1743 1531 1531 1574 1415 1415 1573 1453 1453 1729 1087 1087 1554 1386 1386 1555 1087 1087 1554 1453 1453 1729 1442 1442 1621 1388 1388 1730 1417 1417 1544 1387 1387 1731 1417 1417 1544 1416 1416 1543 1387 1387 1731 1389 1389 1662 1068 1068 1545 1388 1388 1730 1068 1068 1545 1417 1417 1544 1388 1388 1730 955 955 1278 1233 1233 1267 956 956 1279 1233 1233 1267 1418 1418 1269 956 956 1279 1234 1234 1266 1418 1418 1269 1233 1233 1267 1418 1418 1269 1234 1234 1266 943 943 1270 1331 1331 1246 1313 1313 1249 947 947 1716 1331 1331 1246 947 947 1716 1419 1419 1247 1419 1419 1140 1119 1119 1240 1420 1420 1141 1119 1119 1240 1419 1419 1140 947 947 1241 1420 1420 1141 954 954 1289 1421 1421 1744 954 954 1289 1420 1420 1141 1119 1119 1240 1421 1421 1744 1083 1083 1288 1074 1074 1548 1083 1083 1288 1421 1421 1744 954 954 1289 1111 1111 1138 1421 1421 1744 1422 1422 1317 1421 1421 1744 1111 1111 1138 1420 1420 1141 1422 1422 1317 1074 1074 1548 1423 1423 1318 1074 1074 1548 1422 1422 1317 1421 1421 1744 1423 1423 1318 963 963 1298 1424 1424 1309 963 963 1298 1423 1423 1318 1074 1074 1548 1424 1424 1309 2409 2409 2793 2398 2398 2781 2409 2409 2793 1424 1424 1309 963 963 1298 1513 1513 1587 1406 1406 1658 1199 1199 1584 1406 1406 1658 1513 1513 1587 1514 1514 1659 1535 1535 1657 1425 1425 1656 1534 1534 1745 1473 1473 1746 1427 1427 1653 1426 1426 1655 1473 1473 1746 1474 1474 1747 1427 1427 1653 1428 1428 1654 1427 1427 1653 1475 1475 1748 1475 1475 1748 1427 1427 1653 1474 1474 1747 1476 1476 1750 1428 1428 1651 1475 1475 1749 1428 1428 1651 1476 1476 1750 1429 1429 1652 1430 1430 1650 1538 1538 1649 1539 1539 1751 1384 1384 1752 1431 1431 1356 974 974 1738 1431 1431 1356 1384 1384 1752 983 983 1352 1432 1432 1353 983 983 1352 1106 1106 1351 983 983 1352 1432 1432 1353 1431 1431 1356 1432 1432 1353 1106 1106 1351 1433 1433 1608 1433 1433 1608 1106 1106 1351 1109 1109 1753 1433 1433 1608 1109 1109 1753 1527 1527 1610 1527 1527 1610 1109 1109 1753 1526 1526 1754 1517 1517 1648 1096 1096 1588 1516 1516 1591 1096 1096 1588 1517 1517 1648 1434 1434 1647 1441 1441 1348 1108 1108 1756 1454 1454 1349 1108 1108 1756 1441 1441 1348 985 985 1755 977 977 1757 978 978 1758 1435 1435 1339 1435 1435 1339 978 978 1758 1436 1436 1340 1437 1437 1344 978 978 1758 1410 1410 1759 978 978 1758 1437 1437 1344 1436 1436 1340 1438 1438 1345 1410 1410 1759 1413 1413 1760 1410 1410 1759 1438 1438 1345 1437 1437 1344 998 998 1761 1438 1438 1345 1413 1413 1760 1438 1438 1345 998 998 1761 1439 1439 1424 1439 1439 1424 998 998 1761 1440 1440 1347 998 998 1761 976 976 1762 1440 1440 1347 976 976 1762 1441 1441 1348 1440 1440 1347 1441 1441 1348 976 976 1762 1401 1401 1763 1441 1441 1348 1401 1401 1763 985 985 1755 1401 1401 1763 975 975 1764 985 985 1755 983 983 1352 1384 1384 1752 977 977 1757 977 977 1757 1435 1435 1339 983 983 1352 1416 1416 1543 1443 1443 1620 1442 1442 1621 1443 1443 1620 1416 1416 1543 1124 1124 1542 1123 1123 1540 1443 1443 1620 1124 1124 1542 1443 1443 1620 1123 1123 1540 1444 1444 1618 1445 1445 1619 1123 1123 1540 1407 1407 1539 1123 1123 1540 1445 1445 1619 1444 1444 1618 1122 1122 1533 1446 1446 1739 1407 1407 1539 1446 1446 1739 1445 1445 1619 1407 1407 1539 1446 1446 1739 1122 1122 1533 1447 1447 1617 1122 1122 1533 1121 1121 1529 1447 1447 1617 1121 1121 1529 1448 1448 1616 1447 1447 1617 1448 1448 1616 1121 1121 1529 1120 1120 1532 1120 1120 1532 1449 1449 1615 1448 1448 1616 1449 1449 1615 1120 1120 1532 1398 1398 1536 1398 1398 1536 1450 1450 1622 1449 1449 1615 1450 1450 1622 1398 1398 1536 1404 1404 1525 1450 1450 1622 1392 1392 1528 1451 1451 1623 1392 1392 1528 1450 1450 1622 1404 1404 1525 1451 1451 1735 1125 1125 1732 1452 1452 1728 1125 1125 1732 1451 1451 1735 1392 1392 1733 1387 1387 1731 1452 1452 1728 1125 1125 1732 1452 1452 1728 1387 1387 1731 1453 1453 1729 1453 1453 1729 1416 1416 1543 1442 1442 1621 1416 1416 1543 1453 1453 1729 1387 1387 1731 1454 1454 1349 1108 1108 1756 984 984 1765 986 986 1766 984 984 1765 1108 1108 1756 982 982 1767 1455 1455 1350 984 984 1765 984 984 1765 1455 1455 1350 1454 1454 1349 1461 1461 1768 1456 1456 1423 1455 1455 1350 1461 1461 1768 1455 1455 1350 982 982 1767 1456 1456 1423 1461 1461 1768 1462 1462 1769 1456 1456 1423 1462 1462 1769 1457 1457 1346 1462 1462 1769 1458 1458 1343 1457 1457 1346 1458 1458 1343 1462 1462 1769 1463 1463 1770 1463 1463 1770 1459 1459 1341 1458 1458 1343 1459 1459 1341 1463 1463 1770 1464 1464 1771 1460 1460 1342 1464 1464 1771 1465 1465 1772 1464 1464 1771 1460 1460 1342 1459 1459 1341 1106 1106 1351 1460 1460 1342 1109 1109 1753 1109 1109 1753 1460 1460 1342 1465 1465 1772 1461 1461 1768 1530 1530 1773 1521 1521 1774 1530 1530 1773 1461 1461 1768 982 982 1767 1521 1521 1774 1462 1462 1769 1461 1461 1768 1462 1462 1769 1521 1521 1774 1522 1522 1775 1522 1522 1775 1463 1463 1770 1462 1462 1769 1463 1463 1770 1522 1522 1775 1523 1523 1776 1523 1523 1776 1464 1464 1771 1463 1463 1770 1464 1464 1771 1523 1523 1776 1524 1524 1777 1465 1465 1772 1524 1524 1777 1525 1525 1778 1465 1465 1772 1464 1464 1771 1524 1524 1777 1525 1525 1778 1526 1526 1754 1109 1109 1753 1109 1109 1753 1465 1465 1772 1525 1525 1778 1092 1092 1565 1500 1500 1743 1415 1415 1573 1500 1500 1743 1092 1092 1565 1499 1499 1564 1089 1089 1381 1467 1467 1379 1466 1466 1559 1467 1467 1379 1089 1089 1381 993 993 1384 994 994 1779 1467 1467 1379 993 993 1384 1467 1467 1379 994 994 1779 1468 1468 1380 1100 1100 1781 1469 1469 1600 994 994 1780 994 994 1780 1469 1469 1600 1468 1468 1599 1099 1099 1783 1497 1497 1598 1498 1498 1782 1497 1497 1598 1099 1099 1783 1228 1228 1571 1533 1533 1784 1198 1198 1572 1532 1532 1575 1471 1471 1785 1470 1470 1786 1196 1196 1645 1197 1197 1646 1196 1196 1645 1470 1470 1786 1195 1195 1385 1471 1471 1788 1196 1196 1386 1471 1471 1788 1195 1195 1385 1472 1472 1787 1194 1194 1568 1540 1540 1789 1541 1541 1569 1198 1198 1572 1533 1533 1784 1534 1534 1745 1534 1534 1745 1425 1425 1656 1198 1198 1572 1474 1474 1747 1470 1470 1786 1471 1471 1785 1471 1471 1785 1475 1475 1748 1474 1474 1747 1472 1472 1787 1475 1475 1749 1471 1471 1788 1475 1475 1749 1472 1472 1787 1476 1476 1750 1194 1194 1568 1539 1539 1751 1540 1540 1789 1539 1539 1751 1194 1194 1568 1430 1430 1650 1192 1192 1378 1477 1477 1790 1193 1193 1558 1477 1477 1790 1192 1192 1378 1197 1197 1646 1477 1477 1790 1470 1470 1786 1478 1478 1791 1470 1470 1786 1477 1477 1790 1197 1197 1646 1474 1474 1747 1478 1478 1791 1470 1470 1786 1478 1478 1791 1474 1474 1747 1473 1473 1746 1480 1480 914 783 783 888 732 732 801 1480 1480 914 732 732 801 1481 1481 915 1481 1481 915 732 732 801 731 731 800 1481 1481 915 731 731 800 1482 1482 916 1482 1482 916 731 731 800 730 730 799 1482 1482 916 730 730 799 1483 1483 917 730 730 799 1484 1484 918 1483 1483 917 1484 1484 918 730 730 799 737 737 807 1484 1484 918 737 737 807 738 738 806 1484 1484 918 738 738 806 1485 1485 919 1485 1485 921 738 738 884 779 779 878 1485 1485 921 779 779 878 1486 1486 920 779 779 878 1487 1487 922 1486 1486 920 1487 1487 922 779 779 878 736 736 805 736 736 805 1488 1488 911 1487 1487 922 1488 1488 911 736 736 805 735 735 804 735 735 804 1489 1489 910 1488 1488 911 1489 1489 910 735 735 804 733 733 802 733 733 802 1490 1490 912 1489 1489 910 1490 1490 912 734 734 803 1491 1491 913 734 734 803 1490 1490 912 733 733 802 1480 1480 914 1491 1491 913 783 783 888 783 783 888 1491 1491 913 734 734 803 1034 1034 1518 1379 1379 1501 1139 1139 1466 1492 1492 1601 986 986 1766 1493 1493 1602 986 986 1766 1492 1492 1601 984 984 1765 979 979 1391 1493 1493 1603 986 986 1609 1493 1493 1603 979 979 1391 1494 1494 1604 1495 1495 1605 979 979 1391 992 992 1338 979 979 1391 1495 1495 1605 1494 1494 1604 1495 1495 1605 992 992 1338 982 982 1580 982 982 1580 1496 1496 1606 1495 1495 1605 984 984 1765 1496 1496 1607 982 982 1767 1496 1496 1607 984 984 1765 1492 1492 1601 1498 1498 1782 1497 1497 1598 1100 1100 1781 1100 1100 1781 1497 1497 1598 1469 1469 1600 1499 1499 1564 1498 1498 1567 1089 1089 1381 1089 1089 1381 1498 1498 1567 1100 1100 1382 1500 1500 1743 1499 1499 1564 1089 1089 1381 1089 1089 1381 1466 1466 1559 1500 1500 1743 1501 1501 1793 1415 1415 1573 1502 1502 1792 1415 1415 1573 1501 1501 1793 1092 1092 1565 1415 1415 1573 1503 1503 1794 1502 1502 1792 1503 1503 1794 1415 1415 1573 1198 1198 1572 1198 1198 1572 1425 1425 1656 1503 1503 1794 1425 1425 1656 1504 1504 1795 1503 1503 1794 1093 1093 1577 1504 1504 1795 1425 1425 1656 1504 1504 1795 1093 1093 1577 1505 1505 1796 1093 1093 1577 1094 1094 1576 1506 1506 1797 1506 1506 1797 1505 1505 1796 1093 1093 1577 1507 1507 1798 1094 1094 1576 1430 1430 1650 1094 1094 1576 1507 1507 1798 1506 1506 1797 1430 1430 1650 1194 1194 1568 1508 1508 1799 1508 1508 1799 1507 1507 1798 1430 1430 1650 1228 1228 1571 1508 1508 1799 1194 1194 1568 1508 1508 1799 1228 1228 1571 1509 1509 1800 1099 1099 1783 1509 1509 1800 1228 1228 1571 1509 1509 1800 1099 1099 1783 1510 1510 1801 1501 1501 1793 1510 1510 1802 1092 1092 1565 1092 1092 1565 1510 1510 1802 1099 1099 1566 1511 1511 1612 1502 1502 1792 1512 1512 1586 1502 1502 1792 1511 1511 1612 1501 1501 1793 1502 1502 1792 1513 1513 1587 1512 1512 1586 1513 1513 1587 1502 1502 1792 1503 1503 1794 1513 1513 1587 1503 1503 1794 1504 1504 1795 1513 1513 1587 1504 1504 1795 1514 1514 1659 1514 1514 1659 1505 1505 1796 1515 1515 1590 1505 1505 1796 1514 1514 1659 1504 1504 1795 1506 1506 1797 1515 1515 1590 1505 1505 1796 1515 1515 1590 1506 1506 1797 1516 1516 1591 1517 1517 1648 1506 1506 1797 1507 1507 1798 1506 1506 1797 1517 1517 1648 1516 1516 1591 1508 1508 1799 1518 1518 1593 1507 1507 1798 1518 1518 1593 1517 1517 1648 1507 1507 1798 1509 1509 1800 1518 1518 1593 1508 1508 1799 1518 1518 1593 1509 1509 1800 1519 1519 1594 1510 1510 1801 1519 1519 1594 1509 1509 1800 1519 1519 1594 1510 1510 1801 1520 1520 1596 1501 1501 1793 1520 1520 1611 1510 1510 1802 1520 1520 1611 1501 1501 1793 1511 1511 1612 1110 1110 1613 1522 1522 1775 1521 1521 1774 1522 1522 1775 1110 1110 1613 1414 1414 1585 1414 1414 1585 1523 1523 1776 1522 1522 1775 1523 1523 1776 1414 1414 1585 1199 1199 1584 1199 1199 1584 1524 1524 1777 1523 1523 1776 1524 1524 1777 1199 1199 1584 1406 1406 1658 1525 1525 1778 1406 1406 1658 1095 1095 1589 1406 1406 1658 1525 1525 1778 1524 1524 1777 1525 1525 1778 1095 1095 1589 1526 1526 1754 1096 1096 1588 1526 1526 1754 1095 1095 1589 1527 1527 1610 1526 1526 1754 1434 1434 1647 1434 1434 1647 1526 1526 1754 1096 1096 1588 1527 1527 1610 1232 1232 1592 1528 1528 1583 1232 1232 1592 1527 1527 1610 1434 1434 1647 1529 1529 1581 1528 1528 1583 1097 1097 1595 1097 1097 1595 1528 1528 1583 1232 1232 1592 1529 1529 1581 1098 1098 1597 1530 1530 1582 1098 1098 1597 1529 1529 1581 1097 1097 1595 1110 1110 1613 1521 1521 1774 1530 1530 1773 1110 1110 1613 1530 1530 1773 1098 1098 1614 1500 1500 1743 1193 1193 1558 1531 1531 1574 1193 1193 1558 1500 1500 1743 1466 1466 1559 1193 1193 1558 1532 1532 1575 1531 1531 1574 1532 1532 1575 1193 1193 1558 1477 1477 1790 1533 1533 1784 1477 1477 1790 1478 1478 1791 1477 1477 1790 1533 1533 1784 1532 1532 1575 1534 1534 1745 1533 1533 1784 1473 1473 1746 1478 1478 1791 1473 1473 1746 1533 1533 1784 1535 1535 1657 1473 1473 1746 1426 1426 1655 1473 1473 1746 1535 1535 1657 1534 1534 1745 1090 1090 1561 1535 1535 1657 1426 1426 1655 1535 1535 1657 1090 1090 1561 1536 1536 1578 1090 1090 1561 1091 1091 1560 1537 1537 1579 1537 1537 1579 1536 1536 1578 1090 1090 1561 1538 1538 1649 1091 1091 1560 1429 1429 1652 1091 1091 1560 1538 1538 1649 1537 1537 1579 1476 1476 1750 1538 1538 1649 1429 1429 1652 1538 1538 1649 1476 1476 1750 1539 1539 1751 1476 1476 1750 1472 1472 1787 1540 1540 1789 1540 1540 1789 1539 1539 1751 1476 1476 1750 1195 1195 1385 1541 1541 1569 1472 1472 1787 1541 1541 1569 1540 1540 1789 1472 1472 1787 1229 1229 1388 1541 1541 1569 1195 1195 1385 1541 1541 1569 1229 1229 1388 1542 1542 1570 1469 1469 1600 1542 1542 1570 1229 1229 1388 1542 1542 1570 1469 1469 1600 1497 1497 1598 660 660 718 1543 1543 850 754 754 825 1543 1543 850 660 660 718 1544 1544 849 660 660 718 704 704 772 1544 1544 849 704 704 772 1545 1545 848 1544 1544 849 1546 1546 847 704 704 772 764 764 853 704 704 772 1546 1546 847 1545 1545 848 1547 1547 845 764 764 924 763 763 923 764 764 924 1547 1547 845 1546 1546 846 754 754 925 1547 1547 845 763 763 923 1547 1547 845 754 754 925 1543 1543 851 698 698 938 1549 1549 764 1548 1548 763 1549 1549 764 698 698 938 697 697 1803 1549 1549 939 697 697 1804 1550 1550 844 697 697 1804 694 694 1805 1550 1550 844 691 691 1806 1551 1551 768 694 694 1805 1550 1550 844 694 694 1805 1551 1551 768 1551 1551 768 700 700 1807 1552 1552 769 700 700 1807 1551 1551 768 691 691 1806 798 798 1808 1552 1552 769 700 700 1807 1552 1552 769 798 798 1808 1553 1553 946 789 789 1809 1553 1553 946 798 798 1808 1553 1553 946 789 789 1809 1554 1554 896 771 771 1810 1554 1554 896 789 789 1809 1554 1554 896 771 771 1810 1555 1555 865 771 771 1810 744 744 868 1555 1555 865 744 744 868 1556 1556 813 1555 1555 865 744 744 868 1557 1557 814 1556 1556 813 1557 1557 814 744 744 868 743 743 867 772 772 866 1558 1558 870 743 743 867 1558 1558 870 1557 1557 814 743 743 867 1558 1558 870 772 772 866 1559 1559 892 788 788 894 1559 1559 892 772 772 866 799 799 943 1560 1560 948 788 788 894 1560 1560 948 1559 1559 892 788 788 894 1560 1560 948 799 799 943 1561 1561 947 799 799 943 768 768 860 1561 1561 947 1562 1562 811 768 768 860 692 692 761 768 768 860 1562 1562 811 1561 1561 947 1562 1562 811 692 692 761 693 693 760 1562 1562 811 693 693 760 1563 1563 808 1548 1548 763 1563 1563 808 698 698 938 698 698 938 1563 1563 808 693 693 760 1565 1565 1811 1564 1564 1812 745 745 817 745 745 817 746 746 816 1565 1565 1811 746 746 941 1566 1566 1813 1565 1565 1814 1566 1566 1813 746 746 941 748 748 819 1567 1567 1815 748 748 819 747 747 818 748 748 819 1567 1567 1815 1566 1566 1813 769 769 863 1567 1567 1815 747 747 818 1567 1567 1815 769 769 863 1568 1568 1816 1569 1569 1817 1568 1568 1816 752 752 823 769 769 863 752 752 823 1568 1568 1816 1569 1569 1817 753 753 824 1570 1570 1818 753 753 824 1569 1569 1817 752 752 823 753 753 824 774 774 872 1571 1571 1819 1571 1571 1819 1570 1570 1818 753 753 824 1572 1572 1820 774 774 872 749 749 820 774 774 872 1572 1572 1820 1571 1571 1819 750 750 822 1572 1572 1820 749 749 820 1572 1572 1820 750 750 822 1573 1573 1821 1564 1564 1812 750 750 822 745 745 817 750 750 822 1564 1564 1812 1573 1573 1821 1574 1574 855 1564 1564 1812 1575 1575 856 1564 1564 1812 1565 1565 1811 1575 1575 856 1565 1565 1814 1576 1576 839 1575 1575 842 1576 1576 839 1565 1565 1814 1566 1566 1813 1576 1576 839 1567 1567 1815 1577 1577 840 1567 1567 1815 1576 1576 839 1566 1566 1813 1577 1577 840 1568 1568 1816 1578 1578 861 1568 1568 1816 1577 1577 840 1567 1567 1815 1568 1568 1816 1569 1569 1817 1578 1578 861 1578 1578 861 1569 1569 1817 1579 1579 834 1580 1580 835 1569 1569 1817 1570 1570 1818 1569 1569 1817 1580 1580 835 1579 1579 834 1571 1571 1819 1581 1581 873 1570 1570 1818 1581 1581 873 1580 1580 835 1570 1570 1818 1582 1582 830 1571 1571 1819 1572 1572 1820 1571 1571 1819 1582 1582 830 1581 1581 873 1573 1573 1821 1583 1583 831 1572 1572 1820 1583 1583 831 1582 1582 830 1572 1572 1820 1574 1574 855 1573 1573 1821 1564 1564 1812 1573 1573 1821 1574 1574 855 1583 1583 831 756 756 841 1585 1585 827 1584 1584 826 1585 1585 827 756 756 841 755 755 838 755 755 838 757 757 837 1586 1586 828 755 755 838 1586 1586 828 1585 1585 827 757 757 837 1587 1587 854 1586 1586 828 1587 1587 854 757 757 837 766 766 862 760 760 833 1588 1588 899 766 766 862 1587 1587 854 766 766 862 1588 1588 899 1588 1588 899 761 761 836 1589 1589 936 761 761 836 1588 1588 899 760 760 833 1590 1590 935 1589 1589 936 775 775 874 775 775 874 1589 1589 936 761 761 836 758 758 829 1590 1590 935 775 775 874 1590 1590 935 758 758 829 1591 1591 934 759 759 832 1591 1591 934 758 758 829 1591 1591 934 759 759 832 1592 1592 933 1593 1593 931 759 759 832 767 767 858 759 759 832 1593 1593 931 1592 1592 933 756 756 857 1584 1584 932 767 767 858 1593 1593 931 767 767 858 1584 1584 932 1653 1653 1825 1673 1673 1823 1596 1596 1824 1673 1673 1823 1653 1653 1825 1674 1674 1822 1650 1650 1829 1599 1599 1827 1651 1651 1828 1599 1599 1827 1650 1650 1829 1598 1598 1826 1603 1603 1831 1605 1605 1833 1602 1602 1830 1605 1605 1833 1603 1603 1831 1604 1604 1832 1609 1609 1837 1606 1606 1834 1670 1670 1836 1606 1606 1834 1671 1671 1835 1670 1670 1836 1611 1611 1841 1610 1610 1838 1682 1682 1840 1610 1610 1838 1683 1683 1839 1682 1682 1840 1654 1654 1845 1685 1685 1843 1612 1612 1844 1685 1685 1843 1654 1654 1845 1686 1686 1842 1607 1607 1849 1659 1659 1847 1608 1608 1848 1659 1659 1847 1607 1607 1849 1660 1660 1846 1595 1595 1852 1652 1652 1853 1663 1663 1850 1595 1595 1852 1663 1663 1850 1662 1662 1851 1610 1610 1838 1639 1639 1854 1683 1683 1839 1639 1639 1854 1684 1684 1855 1683 1683 1839 1606 1606 1834 1638 1638 1856 1671 1671 1835 1638 1638 1856 1672 1672 1857 1671 1671 1835 1607 1607 1849 1637 1637 1859 1661 1661 1858 1607 1607 1849 1661 1661 1858 1660 1660 1846 1604 1604 1832 1635 1635 1861 1605 1605 1833 1635 1635 1861 1604 1604 1832 1636 1636 1860 1678 1678 1865 1646 1646 1863 1623 1623 1864 1646 1646 1863 1678 1678 1865 1677 1677 1862 1649 1649 1867 1626 1626 1869 1627 1627 1866 1626 1626 1869 1649 1649 1867 1648 1648 1868 1633 1633 1871 1625 1625 1873 1614 1614 1870 1625 1625 1873 1633 1633 1871 1632 1632 1872 1669 1669 1876 1630 1630 1874 1622 1622 1875 1630 1630 1874 1669 1669 1876 1668 1668 1877 1681 1681 1880 1680 1680 1881 1629 1629 1878 1681 1681 1880 1629 1629 1878 1615 1615 1879 1689 1689 1885 1655 1655 1882 1690 1690 1884 1655 1655 1882 1621 1621 1883 1690 1690 1884 1631 1631 1887 1658 1658 1889 1657 1657 1886 1658 1658 1889 1631 1631 1887 1620 1620 1888 1628 1628 1892 1666 1666 1890 1647 1647 1891 1666 1666 1890 1628 1628 1892 1667 1667 1893 1680 1680 1881 1691 1691 1895 1640 1640 1894 1640 1640 1894 1629 1629 1878 1680 1680 1881 1668 1668 1877 1641 1641 1896 1630 1630 1874 1641 1641 1896 1668 1668 1877 1679 1679 1897 1631 1631 1887 1656 1656 1898 1642 1642 1899 1656 1656 1898 1631 1631 1887 1657 1657 1886 1644 1644 1900 1632 1632 1872 1633 1633 1871 1632 1632 1872 1644 1644 1900 1643 1643 1901 1608 1608 1902 1658 1658 1889 1620 1620 1888 1658 1658 1889 1608 1608 1902 1659 1659 1903 1670 1670 1905 1622 1622 1875 1609 1609 1904 1622 1622 1875 1670 1670 1905 1669 1669 1876 1682 1682 1907 1615 1615 1879 1611 1611 1906 1681 1681 1880 1615 1615 1879 1682 1682 1907 1610 1610 1908 1615 1615 1879 1629 1629 1878 1615 1615 1879 1610 1610 1908 1611 1611 1909 1687 1687 1911 1616 1616 1913 1688 1688 1910 1616 1616 1913 1687 1687 1911 1613 1613 1912 1624 1624 1917 1675 1675 1915 1597 1597 1916 1675 1675 1915 1624 1624 1917 1676 1676 1914 1617 1617 1921 1665 1665 1918 1594 1594 1920 1665 1665 1918 1664 1664 1919 1594 1594 1920 1601 1601 1923 1600 1600 1924 1619 1619 1922 1618 1618 1925 1619 1619 1922 1600 1600 1924 1650 1650 1927 1627 1627 1866 1598 1598 1926 1627 1627 1866 1650 1650 1927 1649 1649 1867 1645 1645 1929 1633 1633 1871 1634 1634 1928 1633 1633 1871 1645 1645 1929 1644 1644 1900 1654 1654 1930 1621 1621 1883 1655 1655 1882 1621 1621 1883 1654 1654 1930 1612 1612 1931 1639 1639 1932 1629 1629 1878 1640 1640 1894 1629 1629 1878 1639 1639 1932 1610 1610 1908 1634 1634 1928 1614 1614 1870 1602 1602 1933 1614 1614 1870 1634 1634 1928 1633 1633 1871 1614 1614 1870 1603 1603 1935 1602 1602 1934 1603 1603 1935 1614 1614 1870 1625 1625 1873 1598 1598 1826 1636 1636 1860 1599 1599 1827 1636 1636 1860 1598 1598 1826 1635 1635 1861 1637 1637 1859 1595 1595 1852 1662 1662 1851 1637 1637 1859 1662 1662 1851 1661 1661 1858 1638 1638 1856 1596 1596 1824 1672 1672 1857 1596 1596 1824 1673 1673 1823 1672 1672 1857 1639 1639 1854 1612 1612 1844 1684 1684 1855 1612 1612 1844 1685 1685 1843 1684 1684 1855 1612 1612 1931 1640 1640 1894 1621 1621 1883 1640 1640 1894 1612 1612 1931 1639 1639 1932 1691 1691 1895 1690 1690 1884 1621 1621 1883 1621 1621 1883 1640 1640 1894 1691 1691 1895 1679 1679 1897 1623 1623 1864 1641 1641 1896 1623 1623 1864 1679 1679 1897 1678 1678 1865 1642 1642 1899 1667 1667 1893 1628 1628 1892 1667 1667 1893 1642 1642 1899 1656 1656 1898 1627 1627 1866 1643 1643 1901 1644 1644 1900 1643 1643 1901 1627 1627 1866 1626 1626 1869 1598 1598 1926 1644 1644 1900 1645 1645 1929 1644 1644 1900 1598 1598 1926 1627 1627 1866 1677 1677 1862 1624 1624 1917 1646 1646 1863 1624 1624 1917 1677 1677 1862 1676 1676 1914 1647 1647 1891 1665 1665 1918 1617 1617 1921 1665 1665 1918 1647 1647 1891 1666 1666 1890 1619 1619 1922 1648 1648 1868 1649 1649 1867 1648 1648 1868 1619 1619 1922 1618 1618 1925 1601 1601 1936 1649 1649 1867 1650 1650 1927 1649 1649 1867 1601 1601 1936 1619 1619 1922 1601 1601 1938 1651 1651 1828 1600 1600 1937 1651 1651 1828 1601 1601 1938 1650 1650 1829 1652 1652 1853 1594 1594 1940 1664 1664 1939 1652 1652 1853 1664 1664 1939 1663 1663 1850 1597 1597 1942 1674 1674 1822 1653 1653 1825 1674 1674 1822 1597 1597 1942 1675 1675 1941 1613 1613 1944 1686 1686 1842 1654 1654 1845 1686 1686 1842 1613 1613 1944 1687 1687 1943 1613 1613 1945 1655 1655 1882 1616 1616 1913 1655 1655 1882 1613 1613 1945 1654 1654 1930 1616 1616 1913 1689 1689 1885 1688 1688 1910 1689 1689 1885 1616 1616 1913 1655 1655 1882 1657 1657 1886 1643 1643 1901 1656 1656 1898 1643 1643 1901 1657 1657 1886 1632 1632 1872 1657 1657 1886 1625 1625 1873 1632 1632 1872 1625 1625 1873 1657 1657 1886 1658 1658 1889 1625 1625 1873 1658 1658 1889 1659 1659 1903 1625 1625 1873 1659 1659 1903 1603 1603 1935 1660 1660 1846 1603 1603 1831 1659 1659 1847 1603 1603 1831 1660 1660 1846 1604 1604 1832 1660 1660 1846 1661 1661 1858 1636 1636 1860 1636 1636 1860 1604 1604 1832 1660 1660 1846 1661 1661 1858 1662 1662 1851 1599 1599 1827 1599 1599 1827 1636 1636 1860 1661 1661 1858 1662 1662 1851 1663 1663 1850 1651 1651 1828 1651 1651 1828 1599 1599 1827 1662 1662 1851 1663 1663 1850 1664 1664 1939 1600 1600 1937 1600 1600 1937 1651 1651 1828 1663 1663 1850 1600 1600 1924 1664 1664 1919 1618 1618 1925 1665 1665 1918 1618 1618 1925 1664 1664 1919 1665 1665 1918 1666 1666 1890 1618 1618 1925 1618 1618 1925 1666 1666 1890 1648 1648 1868 1667 1667 1893 1648 1648 1868 1666 1666 1890 1648 1648 1868 1667 1667 1893 1626 1626 1869 1656 1656 1898 1626 1626 1869 1667 1667 1893 1626 1626 1869 1656 1656 1898 1643 1643 1901 1669 1669 1876 1631 1631 1887 1668 1668 1877 1631 1631 1887 1669 1669 1876 1620 1620 1888 1608 1608 1902 1669 1669 1876 1670 1670 1905 1669 1669 1876 1608 1608 1902 1620 1620 1888 1670 1670 1836 1607 1607 1849 1608 1608 1848 1607 1607 1849 1670 1670 1836 1671 1671 1835 1671 1671 1835 1637 1637 1859 1607 1607 1849 1637 1637 1859 1671 1671 1835 1672 1672 1857 1672 1672 1857 1595 1595 1852 1637 1637 1859 1595 1595 1852 1672 1672 1857 1673 1673 1823 1673 1673 1823 1674 1674 1822 1652 1652 1853 1673 1673 1823 1652 1652 1853 1595 1595 1852 1675 1675 1941 1652 1652 1853 1674 1674 1822 1652 1652 1853 1675 1675 1941 1594 1594 1940 1676 1676 1914 1594 1594 1920 1675 1675 1915 1594 1594 1920 1676 1676 1914 1617 1617 1921 1676 1676 1914 1647 1647 1891 1617 1617 1921 1647 1647 1891 1676 1676 1914 1677 1677 1862 1678 1678 1865 1647 1647 1891 1677 1677 1862 1647 1647 1891 1678 1678 1865 1628 1628 1892 1678 1678 1865 1679 1679 1897 1628 1628 1892 1679 1679 1897 1642 1642 1899 1628 1628 1892 1679 1679 1897 1668 1668 1877 1642 1642 1899 1668 1668 1877 1631 1631 1887 1642 1642 1899 1622 1622 1875 1630 1630 1874 1680 1680 1881 1622 1622 1875 1680 1680 1881 1681 1681 1880 1609 1609 1904 1681 1681 1880 1682 1682 1907 1681 1681 1880 1609 1609 1904 1622 1622 1875 1606 1606 1834 1609 1609 1837 1683 1683 1839 1682 1682 1840 1683 1683 1839 1609 1609 1837 1683 1683 1839 1684 1684 1855 1606 1606 1834 1684 1684 1855 1638 1638 1856 1606 1606 1834 1684 1684 1855 1685 1685 1843 1638 1638 1856 1685 1685 1843 1596 1596 1824 1638 1638 1856 1686 1686 1842 1596 1596 1824 1685 1685 1843 1596 1596 1824 1686 1686 1842 1653 1653 1825 1687 1687 1943 1653 1653 1825 1686 1686 1842 1653 1653 1825 1687 1687 1943 1597 1597 1942 1597 1597 1916 1688 1688 1910 1624 1624 1917 1688 1688 1910 1597 1597 1916 1687 1687 1911 1688 1688 1910 1646 1646 1863 1624 1624 1917 1646 1646 1863 1688 1688 1910 1689 1689 1885 1689 1689 1885 1623 1623 1864 1646 1646 1863 1623 1623 1864 1689 1689 1885 1690 1690 1884 1690 1690 1884 1641 1641 1896 1623 1623 1864 1641 1641 1896 1690 1690 1884 1691 1691 1895 1630 1630 1874 1691 1691 1895 1680 1680 1881 1691 1691 1895 1630 1630 1874 1641 1641 1896 1751 1751 1947 1771 1771 1949 1772 1772 1946 1771 1771 1949 1751 1751 1947 1694 1694 1948 1697 1697 1953 1748 1748 1951 1749 1749 1952 1748 1748 1951 1697 1697 1953 1696 1696 1950 1701 1701 1957 1703 1703 1955 1702 1702 1956 1703 1703 1955 1701 1701 1957 1700 1700 1954 1707 1707 1959 1768 1768 1960 1704 1704 1958 1704 1704 1958 1768 1768 1960 1769 1769 1961 1709 1709 1963 1780 1780 1964 1708 1708 1962 1708 1708 1962 1780 1780 1964 1781 1781 1965 1783 1783 1969 1752 1752 1967 1710 1710 1968 1752 1752 1967 1783 1783 1969 1784 1784 1966 1705 1705 1971 1757 1757 1973 1758 1758 1970 1757 1757 1973 1705 1705 1971 1706 1706 1972 1693 1693 1976 1761 1761 1974 1750 1750 1975 1761 1761 1974 1693 1693 1976 1760 1760 1977 1708 1708 1962 1781 1781 1965 1737 1737 1978 1737 1737 1978 1781 1781 1965 1782 1782 1979 1769 1769 1961 1736 1736 1980 1704 1704 1958 1736 1736 1980 1769 1769 1961 1770 1770 1981 1705 1705 1971 1759 1759 1982 1735 1735 1983 1759 1759 1982 1705 1705 1971 1758 1758 1970 1702 1702 1956 1733 1733 1984 1734 1734 1985 1733 1733 1984 1702 1702 1956 1703 1703 1955 1744 1744 1989 1776 1776 1987 1721 1721 1988 1776 1776 1987 1744 1744 1989 1775 1775 1986 1724 1724 1991 1747 1747 1993 1725 1725 1990 1747 1747 1993 1724 1724 1991 1746 1746 1992 1731 1731 1997 1723 1723 1995 1730 1730 1996 1723 1723 1995 1731 1731 1997 1712 1712 1994 1720 1720 2001 1728 1728 1998 1767 1767 2000 1728 1728 1998 1766 1766 1999 1767 1767 2000 1779 1779 2004 1727 1727 2002 1778 1778 2003 1727 1727 2002 1779 1779 2004 1713 1713 2005 1787 1787 2007 1788 1788 2008 1753 1753 2006 1753 1753 2006 1788 1788 2008 1719 1719 2009 1729 1729 2013 1756 1756 2011 1718 1718 2012 1756 1756 2011 1729 1729 2013 1755 1755 2010 1726 1726 2016 1745 1745 2017 1764 1764 2014 1726 1726 2016 1764 1764 2014 1765 1765 2015 1778 1778 2003 1738 1738 2018 1789 1789 2019 1738 1738 2018 1778 1778 2003 1727 1727 2002 1728 1728 1998 1739 1739 2020 1766 1766 1999 1739 1739 2020 1777 1777 2021 1766 1766 1999 1729 1729 2013 1740 1740 2023 1754 1754 2022 1729 1729 2013 1754 1754 2022 1755 1755 2010 1730 1730 1996 1742 1742 2025 1731 1731 1997 1742 1742 2025 1730 1730 1996 1741 1741 2024 1756 1756 2011 1706 1706 2027 1718 1718 2012 1706 1706 2027 1756 1756 2011 1757 1757 2026 1768 1768 2028 1707 1707 2029 1720 1720 2001 1720 1720 2001 1767 1767 2000 1768 1768 2028 1780 1780 2030 1713 1713 2005 1779 1779 2004 1780 1780 2030 1709 1709 2031 1713 1713 2005 1713 1713 2005 1708 1708 2033 1727 1727 2002 1708 1708 2033 1713 1713 2005 1709 1709 2032 1785 1785 2037 1714 1714 2035 1711 1711 2036 1714 1714 2035 1785 1785 2037 1786 1786 2034 1773 1773 2041 1722 1722 2039 1695 1695 2040 1722 1722 2039 1773 1773 2041 1774 1774 2038 1692 1692 2044 1763 1763 2042 1715 1715 2043 1763 1763 2042 1692 1692 2044 1762 1762 2045 1698 1698 2048 1699 1699 2049 1717 1717 2046 1717 1717 2046 1716 1716 2047 1698 1698 2048 1748 1748 2050 1696 1696 2051 1725 1725 1990 1748 1748 2050 1725 1725 1990 1747 1747 1993 1743 1743 2052 1732 1732 2053 1731 1731 1997 1743 1743 2052 1731 1731 1997 1742 1742 2025 1719 1719 2009 1752 1752 2055 1753 1753 2006 1752 1752 2055 1719 1719 2009 1710 1710 2054 1727 1727 2002 1737 1737 2056 1738 1738 2018 1737 1737 2056 1727 1727 2002 1708 1708 2033 1732 1732 2053 1700 1700 2057 1712 1712 1994 1732 1732 2053 1712 1712 1994 1731 1731 1997 1712 1712 1994 1701 1701 2059 1723 1723 1995 1701 1701 2059 1712 1712 1994 1700 1700 2058 1734 1734 1985 1696 1696 1950 1697 1697 1953 1696 1696 1950 1734 1734 1985 1733 1733 1984 1735 1735 1983 1760 1760 1977 1693 1693 1976 1760 1760 1977 1735 1735 1983 1759 1759 1982 1770 1770 1981 1694 1694 1948 1736 1736 1980 1694 1694 1948 1770 1770 1981 1771 1771 1949 1782 1782 1979 1710 1710 1968 1737 1737 1978 1710 1710 1968 1782 1782 1979 1783 1783 1969 1738 1738 2018 1710 1710 2054 1719 1719 2009 1710 1710 2054 1738 1738 2018 1737 1737 2056 1789 1789 2019 1719 1719 2009 1788 1788 2008 1719 1719 2009 1789 1789 2019 1738 1738 2018 1739 1739 2020 1721 1721 1988 1777 1777 2021 1721 1721 1988 1776 1776 1987 1777 1777 2021 1740 1740 2023 1726 1726 2016 1765 1765 2015 1740 1740 2023 1765 1765 2015 1754 1754 2022 1741 1741 2024 1725 1725 1990 1742 1742 2025 1725 1725 1990 1741 1741 2024 1724 1724 1991 1742 1742 2025 1696 1696 2051 1743 1743 2052 1696 1696 2051 1742 1742 2025 1725 1725 1990 1722 1722 2039 1775 1775 1986 1744 1744 1989 1775 1775 1986 1722 1722 2039 1774 1774 2038 1745 1745 2017 1715 1715 2043 1763 1763 2042 1745 1745 2017 1763 1763 2042 1764 1764 2014 1746 1746 1992 1717 1717 2046 1747 1747 1993 1717 1717 2046 1746 1746 1992 1716 1716 2047 1699 1699 2060 1747 1747 1993 1717 1717 2046 1747 1747 1993 1699 1699 2060 1748 1748 2050 1699 1699 2061 1698 1698 2062 1749 1749 1952 1699 1699 2061 1749 1749 1952 1748 1748 1951 1750 1750 1975 1762 1762 2063 1692 1692 2064 1762 1762 2063 1750 1750 1975 1761 1761 1974 1772 1772 1946 1695 1695 2066 1751 1751 1947 1695 1695 2066 1772 1772 1946 1773 1773 2065 1784 1784 1966 1711 1711 2068 1752 1752 1967 1711 1711 2068 1784 1784 1966 1785 1785 2067 1753 1753 2006 1711 1711 2069 1714 1714 2035 1711 1711 2069 1753 1753 2006 1752 1752 2055 1787 1787 2007 1714 1714 2035 1786 1786 2034 1714 1714 2035 1787 1787 2007 1753 1753 2006 1755 1755 2010 1754 1754 2022 1741 1741 2024 1741 1741 2024 1730 1730 1996 1755 1755 2010 1755 1755 2010 1723 1723 1995 1756 1756 2011 1723 1723 1995 1755 1755 2010 1730 1730 1996 1723 1723 1995 1757 1757 2026 1756 1756 2011 1757 1757 2026 1723 1723 1995 1701 1701 2059 1758 1758 1970 1701 1701 1957 1702 1702 1956 1701 1701 1957 1758 1758 1970 1757 1757 1973 1758 1758 1970 1734 1734 1985 1759 1759 1982 1734 1734 1985 1758 1758 1970 1702 1702 1956 1759 1759 1982 1697 1697 1953 1760 1760 1977 1697 1697 1953 1759 1759 1982 1734 1734 1985 1760 1760 1977 1749 1749 1952 1761 1761 1974 1749 1749 1952 1760 1760 1977 1697 1697 1953 1762 1762 2063 1761 1761 1974 1698 1698 2062 1698 1698 2062 1761 1761 1974 1749 1749 1952 1716 1716 2047 1763 1763 2042 1762 1762 2045 1716 1716 2047 1762 1762 2045 1698 1698 2048 1764 1764 2014 1763 1763 2042 1716 1716 2047 1716 1716 2047 1746 1746 1992 1764 1764 2014 1765 1765 2015 1764 1764 2014 1746 1746 1992 1746 1746 1992 1724 1724 1991 1765 1765 2015 1754 1754 2022 1765 1765 2015 1724 1724 1991 1724 1724 1991 1741 1741 2024 1754 1754 2022 1767 1767 2000 1729 1729 2013 1718 1718 2012 1729 1729 2013 1767 1767 2000 1766 1766 1999 1767 1767 2000 1706 1706 2027 1768 1768 2028 1706 1706 2027 1767 1767 2000 1718 1718 2012 1768 1768 1960 1705 1705 1971 1769 1769 1961 1705 1705 1971 1768 1768 1960 1706 1706 1972 1769 1769 1961 1735 1735 1983 1770 1770 1981 1735 1735 1983 1769 1769 1961 1705 1705 1971 1770 1770 1981 1693 1693 1976 1771 1771 1949 1693 1693 1976 1770 1770 1981 1735 1735 1983 1771 1771 1949 1750 1750 1975 1772 1772 1946 1750 1750 1975 1771 1771 1949 1693 1693 1976 1773 1773 2065 1750 1750 1975 1692 1692 2064 1750 1750 1975 1773 1773 2065 1772 1772 1946 1692 1692 2044 1774 1774 2038 1773 1773 2041 1774 1774 2038 1692 1692 2044 1715 1715 2043 1774 1774 2038 1745 1745 2017 1775 1775 1986 1745 1745 2017 1774 1774 2038 1715 1715 2043 1776 1776 1987 1775 1775 1986 1745 1745 2017 1776 1776 1987 1745 1745 2017 1726 1726 2016 1776 1776 1987 1726 1726 2016 1777 1777 2021 1777 1777 2021 1726 1726 2016 1740 1740 2023 1777 1777 2021 1740 1740 2023 1766 1766 1999 1766 1766 1999 1740 1740 2023 1729 1729 2013 1720 1720 2001 1778 1778 2003 1728 1728 1998 1778 1778 2003 1720 1720 2001 1779 1779 2004 1707 1707 2029 1779 1779 2004 1720 1720 2001 1779 1779 2004 1707 1707 2029 1780 1780 2030 1781 1781 1965 1780 1780 1964 1707 1707 1959 1781 1781 1965 1707 1707 1959 1704 1704 1958 1781 1781 1965 1704 1704 1958 1782 1782 1979 1782 1782 1979 1704 1704 1958 1736 1736 1980 1782 1782 1979 1736 1736 1980 1783 1783 1969 1783 1783 1969 1736 1736 1980 1694 1694 1948 1694 1694 1948 1784 1784 1966 1783 1783 1969 1784 1784 1966 1694 1694 1948 1751 1751 1947 1751 1751 1947 1785 1785 2067 1784 1784 1966 1785 1785 2067 1751 1751 1947 1695 1695 2066 1695 1695 2040 1786 1786 2034 1785 1785 2037 1786 1786 2034 1695 1695 2040 1722 1722 2039 1744 1744 1989 1786 1786 2034 1722 1722 2039 1786 1786 2034 1744 1744 1989 1787 1787 2007 1721 1721 1988 1787 1787 2007 1744 1744 1989 1787 1787 2007 1721 1721 1988 1788 1788 2008 1739 1739 2020 1788 1788 2008 1721 1721 1988 1788 1788 2008 1739 1739 2020 1789 1789 2019 1728 1728 1998 1789 1789 2019 1739 1739 2020 1789 1789 2019 1728 1728 1998 1778 1778 2003 1845 1845 2073 2068 2068 2070 1846 1846 2072 2068 2068 2070 2067 2067 2071 1846 1846 2072 1850 1850 2077 1816 1816 2074 1805 1805 2076 1816 1816 2074 1817 1817 2075 1805 1805 2076 2074 2074 2079 2073 2073 2080 1817 1817 2078 1805 1805 2081 1817 1817 2078 2073 2073 2080 1819 1819 2083 1803 1803 2085 1820 1820 2082 1803 1803 2085 1819 1819 2083 1802 1802 2084 1966 1966 2087 2018 2018 2089 1791 1791 2086 2018 2018 2089 1966 1966 2087 2019 2019 2088 1791 1791 2086 2017 2017 2091 1792 1792 2090 2017 2017 2091 1791 1791 2086 2018 2018 2089 1793 1793 2093 2016 2016 2095 2015 2015 2092 2016 2016 2095 1793 1793 2093 1945 1945 2094 2014 2014 2098 2013 2013 2099 1878 1878 2096 1878 1878 2096 1794 1794 2097 2014 2014 2098 2009 2009 2103 2032 2032 2101 2031 2031 2102 2032 2032 2101 2009 2009 2103 1876 1876 2100 1874 1874 2105 1873 1873 2106 1804 1804 2104 1804 1804 2104 1873 1873 2106 1806 1806 2107 2078 2078 2110 2072 2072 2108 1930 1930 2109 2072 2072 2108 2078 2078 2110 2077 2077 2111 1872 1872 2114 2036 2036 2112 1928 1928 2113 2036 2036 2112 1872 1872 2114 2037 2037 2115 1875 1875 2117 1874 1874 2105 1818 1818 2116 1818 1818 2116 1874 1874 2105 1804 1804 2104 1875 1875 2117 1803 1803 2085 1874 1874 2105 1803 1803 2085 1875 1875 2117 1820 1820 2082 1790 1790 2118 1812 1812 2119 1863 1863 2120 1876 1876 2100 1814 1814 2121 2032 2032 2101 2032 2032 2101 1814 1814 2121 2033 2033 2122 1929 1929 2126 1871 1871 2123 1930 1930 2125 1871 1871 2123 2078 2078 2124 1930 1930 2125 1863 1863 2120 1812 1812 2119 2050 2050 2127 1863 1863 2120 2050 2050 2127 2049 2049 2128 1913 1913 2132 1809 1809 2129 2051 2051 2131 2051 2051 2131 1809 1809 2129 2052 2052 2130 2048 2048 2133 2033 2033 2122 1814 1814 2121 2033 2033 2122 2048 2048 2133 2047 2047 2134 1913 1913 2132 1791 1791 2086 1809 1809 2129 1791 1791 2086 1913 1913 2132 1966 1966 2087 1791 1791 2086 1849 1849 2135 1809 1809 2129 1849 1849 2135 1791 1791 2086 1792 1792 2090 1946 1946 2136 1849 1849 2135 1792 1792 2090 1946 1946 2136 1792 1792 2090 1945 1945 2094 2056 2056 2139 2055 2055 2140 1856 1856 2137 1856 1856 2137 1855 1855 2138 2056 2056 2139 1855 1855 2138 2057 2057 2142 2056 2056 2139 2057 2057 2142 1855 1855 2138 1858 1858 2141 1795 1795 2145 2011 2011 2143 1796 1796 2144 2011 2011 2143 1795 1795 2145 2012 2012 2146 1875 1875 2149 1977 1977 2147 1976 1976 2148 1977 1977 2147 1875 1875 2149 1818 1818 2150 1976 1976 2152 1820 1820 2154 1875 1875 2151 1820 1820 2154 1976 1976 2152 1975 1975 2153 1974 1974 2156 1820 1820 2154 1975 1975 2153 1820 1820 2154 1974 1974 2156 1819 1819 2155 1978 1978 2160 2074 2074 2158 1817 1817 2159 2074 2074 2158 1978 1978 2160 2075 2075 2157 2066 2066 2164 1846 1846 2162 2067 2067 2163 1846 1846 2162 2066 2066 2164 1942 1942 2161 1817 1817 2159 1816 1816 2166 1940 1940 2165 1940 1940 2165 1816 1816 2166 1941 1941 2167 1937 1937 2169 1974 1974 2156 1973 1973 2168 1974 1974 2156 1937 1937 2169 1819 1819 2155 2069 2069 2171 1936 1936 2170 2067 2067 2163 1936 1936 2170 2066 2066 2164 2067 2067 2163 1979 1979 2172 1817 1817 2159 1940 1940 2165 1817 1817 2159 1979 1979 2172 1978 1978 2160 2064 2064 2176 1847 1847 2174 2065 2065 2175 1847 1847 2174 2064 2064 2176 1842 1842 2173 1832 1832 2180 1825 1825 2178 1841 1841 2179 1825 1825 2178 1832 1832 2180 1826 1826 2177 1832 1832 2180 1981 1981 2182 1980 1980 2181 1980 1980 2181 1826 1826 2177 1832 1832 2180 1844 1844 2186 1829 1829 2183 1985 1985 2185 1985 1985 2185 1829 1829 2183 1986 1986 2184 1843 1843 2188 1824 1824 2187 1844 1844 2186 1824 1824 2187 1829 1829 2183 1844 1844 2186 2086 2086 2190 1842 1842 2173 2064 2064 2176 1842 1842 2173 2086 2086 2190 2085 2085 2189 2085 2085 2189 2084 2084 2191 1842 1842 2173 2084 2084 2191 2042 2042 2192 1842 1842 2173 2062 2062 2195 1836 1836 2193 2063 2063 2194 1836 1836 2193 2062 2062 2195 1983 1983 2196 1836 1836 2193 1983 1983 2196 2043 2043 2197 2043 2043 2197 1983 1983 2196 2044 2044 2198 1832 1832 2180 1841 1841 2179 2083 2083 2199 1981 1981 2182 1837 1837 2200 1982 1982 2201 1837 1837 2200 1981 1981 2182 1832 1832 2180 2087 2087 2202 1843 1843 2188 1844 1844 2186 1844 1844 2186 1984 1984 2204 1835 1835 2203 1984 1984 2204 1844 1844 2186 1985 1985 2185 1828 1828 2206 1833 1833 2208 1834 1834 2205 1833 1833 2208 1828 1828 2206 1827 1827 2207 1830 1830 2210 1939 1939 2212 1938 1938 2209 1939 1939 2212 1830 1830 2210 1831 1831 2211 1823 1823 2213 2076 2076 2214 1830 1830 2210 1831 1831 2211 1830 1830 2210 2076 2076 2214 1834 1834 2205 1833 1833 2208 1838 1838 2215 1838 1838 2215 1833 1833 2208 1840 1840 2216 1838 1838 2215 1840 1840 2216 2061 2061 2217 2061 2061 2217 1840 1840 2216 2045 2045 2218 1823 1823 2213 1822 1822 2219 1821 1821 2220 2040 2040 2222 1846 1846 2162 1942 1942 2161 1846 1846 2162 2040 2040 2222 2039 2039 2221 2042 2042 2192 1847 1847 2174 1842 1842 2173 1847 1847 2174 2042 2042 2192 2041 2041 2223 2070 2070 2225 1819 1819 2083 2069 2069 2224 1819 1819 2083 2070 2070 2225 1802 1802 2084 1932 1932 2228 2079 2079 2226 2071 2071 2227 2079 2079 2226 1932 1932 2228 1931 1931 2229 1931 1931 2229 2080 2080 2231 2079 2079 2226 2080 2080 2231 1931 1931 2229 1935 1935 2230 1809 1809 2129 1849 1849 2135 2053 2053 2232 1809 1809 2129 2053 2053 2232 2052 2052 2130 2055 2055 2140 2054 2054 2233 1946 1946 2136 2055 2055 2140 1946 1946 2136 1856 1856 2137 2038 2038 2235 1846 1846 2072 2039 2039 2234 1846 1846 2072 2038 2038 2235 1845 1845 2073 1851 1851 2237 2060 2060 2239 2059 2059 2236 2060 2060 2239 1851 1851 2237 1811 1811 2238 1794 1794 2097 1858 1858 2141 1855 1855 2138 1858 1858 2141 1794 1794 2097 1878 1878 2096 1855 1855 2138 1793 1793 2093 1794 1794 2097 1793 1793 2093 1855 1855 2138 1856 1856 2137 1857 1857 2241 1851 1851 2237 2059 2059 2236 2059 2059 2236 2058 2058 2240 1857 1857 2241 1857 1857 2241 1859 1859 2242 1851 1851 2237 1858 1858 2243 1859 1859 2242 1857 1857 2241 1811 1811 2238 1851 1851 2237 1859 1859 2242 1811 1811 2238 1859 1859 2242 1813 1813 2244 1859 1859 2242 1796 1796 2144 1813 1813 2244 1796 1796 2144 1859 1859 2242 1795 1795 2145 1857 1857 2241 2057 2057 2245 1858 1858 2243 2057 2057 2245 1857 1857 2241 2058 2058 2240 1870 1870 2249 1861 1861 2247 1862 1862 2248 1861 1861 2247 1870 1870 2249 1860 1860 2246 2048 2048 2133 1863 1863 2120 2049 2049 2128 1863 1863 2120 2048 2048 2133 1814 1814 2121 2034 2034 2252 1865 1865 2253 1807 1807 2250 1807 1807 2250 2035 2035 2251 2034 2034 2252 1807 1807 2250 1864 1864 2254 1808 1808 2255 1864 1864 2254 1807 1807 2250 1865 1865 2253 2082 2082 2256 2081 2081 2257 1928 1928 2113 1928 1928 2113 2081 2081 2257 1872 1872 2114 2080 2080 2231 1934 1934 2258 1873 1873 2106 1934 1934 2258 2080 2080 2231 1935 1935 2230 1810 1810 2261 1848 1848 2262 1867 1867 2259 1810 1810 2261 1867 1867 2259 1947 1947 2260 1947 1947 2260 1866 1866 2264 1810 1810 2261 1866 1866 2264 1947 1947 2260 1868 1868 2263 2053 2053 2232 1946 1946 2136 2054 2054 2233 1946 1946 2136 2053 2053 2232 1849 1849 2135 1866 1866 2264 1860 1860 2246 1870 1870 2249 1860 1860 2246 1866 1866 2264 1868 1868 2263 1793 1793 2093 2014 2014 2098 1794 1794 2097 2014 2014 2098 1793 1793 2093 2015 2015 2092 1806 1806 2107 1934 1934 2258 1933 1933 2265 1934 1934 2258 1806 1806 2107 1873 1873 2106 2037 2037 2115 1872 1872 2114 2038 2038 2235 1872 1872 2114 1845 1845 2073 2038 2038 2235 2081 2081 2257 2068 2068 2070 1872 1872 2114 1872 1872 2114 2068 2068 2070 1845 1845 2073 1814 1814 2121 1790 1790 2118 1863 1863 2120 1790 1790 2118 1814 1814 2121 1876 1876 2100 2020 2020 2266 1876 1876 2100 2009 2009 2103 1876 1876 2100 2020 2020 2266 1790 1790 2118 1859 1859 2242 1878 1878 2267 1795 1795 2145 1878 1878 2267 1859 1859 2242 1858 1858 2243 2013 2013 2268 2012 2012 2146 1795 1795 2145 1795 1795 2145 1878 1878 2267 2013 2013 2268 1965 1965 2272 1881 1881 2270 1798 1798 2271 1881 1881 2270 1965 1965 2272 1912 1912 2269 1798 1798 2271 1882 1882 2273 1799 1799 2274 1882 1882 2273 1798 1798 2271 1881 1881 2270 1869 1869 2278 1943 1943 2276 1883 1883 2277 1943 1943 2276 1869 1869 2278 1944 1944 2275 1884 1884 2280 1879 1879 2282 1800 1800 2279 1879 1879 2282 1884 1884 2280 1885 1885 2281 1801 1801 2283 1887 1887 2285 1815 1815 2286 1887 1887 2285 1801 1801 2283 1886 1886 2284 1972 1972 2288 2029 2029 2289 1888 1888 2287 1888 1888 2287 2029 2029 2289 2028 2028 2290 1800 1800 2279 1883 1883 2277 1884 1884 2280 1883 1883 2277 1800 1800 2279 1869 1869 2278 1972 1972 2288 1888 1888 2287 1880 1880 2291 1801 1801 2283 1885 1885 2293 1886 1886 2284 1885 1885 2293 1801 1801 2283 1879 1879 2292 1890 1890 2295 1943 1943 2276 1882 1882 2273 1943 1943 2276 1890 1890 2295 1889 1889 2294 1892 1892 2297 1880 1880 2291 1888 1888 2287 1880 1880 2291 1892 1892 2297 1893 1893 2296 1951 1951 2299 1884 1884 2280 1883 1883 2277 1884 1884 2280 1951 1951 2299 1897 1897 2298 1892 1892 2297 2028 2028 2290 2027 2027 2300 2028 2028 2290 1892 1892 2297 1888 1888 2287 1886 1886 2284 1885 1885 2293 1898 1898 2301 1886 1886 2284 1898 1898 2301 1915 1915 2302 1907 1907 2304 1918 1918 2306 1917 1917 2303 1918 1918 2306 1907 1907 2304 1906 1906 2305 1896 1896 2310 1901 1901 2308 1895 1895 2309 1901 1901 2308 1896 1896 2310 1900 1900 2307 1895 1895 2314 1902 1902 2312 1894 1894 2313 1902 1902 2312 1895 1895 2314 1901 1901 2311 1891 1891 2315 1881 1881 2270 1912 1912 2269 1881 1881 2270 1891 1891 2315 1904 1904 2316 1964 1964 2317 1918 1918 2306 1906 1906 2305 1918 1918 2306 1964 1964 2317 1963 1963 2318 1908 1908 2319 1903 1903 2320 1900 1900 2307 1908 1908 2319 1900 1900 2307 1896 1896 2310 2022 2022 2322 1907 1907 2304 1917 1917 2303 2022 2022 2322 1917 1917 2303 2023 2023 2321 1902 1902 2312 1949 1949 2324 1894 1894 2313 1949 1949 2324 1902 1902 2312 1950 1950 2323 1950 1950 2323 1910 1910 2326 1909 1909 2325 1950 1950 2323 1909 1909 2325 1949 1949 2324 1919 1919 2328 1899 1899 2330 1911 1911 2327 1899 1899 2330 1919 1919 2328 1905 1905 2329 1964 1964 2317 1919 1919 2328 1963 1963 2318 1919 1919 2328 1964 1964 2317 1905 1905 2329 1911 1911 2327 1899 1899 2330 1909 1909 2325 1911 1911 2327 1909 1909 2325 1910 1910 2326 1893 1893 2296 1912 1912 2269 1880 1880 2291 1912 1912 2269 1893 1893 2296 1891 1891 2315 1898 1898 2331 1884 1884 2280 1897 1897 2298 1898 1898 2331 1885 1885 2281 1884 1884 2280 1904 1904 2316 1882 1882 2273 1881 1881 2270 1882 1882 2273 1904 1904 2316 1890 1890 2295 2050 2050 2127 1913 1913 2132 2051 2051 2131 1913 1913 2132 2050 2050 2127 1812 1812 2119 1886 1886 2284 1915 1915 2302 1887 1887 2285 1916 1916 2332 1887 1887 2285 1915 1915 2302 1895 1895 2314 1920 1920 2333 1921 1921 2334 1920 1920 2333 1895 1895 2314 1894 1894 2313 1896 1896 2310 1921 1921 2335 1922 1922 2336 1921 1921 2335 1896 1896 2310 1895 1895 2309 1923 1923 2338 1907 1907 2304 1924 1924 2337 1907 1907 2304 1923 1923 2338 1906 1906 2305 1925 1925 2339 1926 1926 2340 1899 1899 2330 1899 1899 2330 1926 1926 2340 1909 1909 2325 1905 1905 2329 1927 1927 2341 1925 1925 2339 1905 1905 2329 1925 1925 2339 1899 1899 2330 1896 1896 2310 1922 1922 2336 1908 1908 2319 1924 1924 2337 2022 2022 2322 2021 2021 2342 2022 2022 2322 1924 1924 2337 1907 1907 2304 1949 1949 2324 1926 1926 2340 1948 1948 2343 1926 1926 2340 1949 1949 2324 1909 1909 2325 1949 1949 2324 1920 1920 2333 1894 1894 2313 1920 1920 2333 1949 1949 2324 1948 1948 2343 1927 1927 2341 1906 1906 2305 1923 1923 2338 1906 1906 2305 1927 1927 2341 1964 1964 2317 1808 1808 2255 2082 2082 2256 1807 1807 2250 1807 1807 2250 2082 2082 2256 1928 1928 2113 2035 2035 2251 1928 1928 2113 2036 2036 2112 1928 1928 2113 2035 2035 2251 1807 1807 2250 1929 1929 2126 1854 1854 2344 1853 1853 2345 1854 1854 2344 1929 1929 2126 1930 1930 2125 1854 1854 2346 1930 1930 2109 2072 2072 2108 2072 2072 2108 1862 1862 2248 1854 1854 2346 1914 1914 2347 1931 1931 2229 1932 1932 2228 1931 1931 2229 1914 1914 2347 1848 1848 2262 1933 1933 2265 1934 1934 2258 1870 1870 2249 1934 1934 2258 1866 1866 2264 1870 1870 2249 1935 1935 2230 1866 1866 2264 1934 1934 2258 1866 1866 2264 1935 1935 2230 1810 1810 2261 1848 1848 2262 1935 1935 2230 1931 1931 2229 1935 1935 2230 1848 1848 2262 1810 1810 2261 1824 1824 2187 1936 1936 2170 1829 1829 2183 1937 1937 2169 1829 1829 2183 1936 1936 2170 1829 1829 2183 1937 1937 2169 1986 1986 2184 1986 1986 2184 1937 1937 2169 1973 1973 2168 1938 1938 2209 1827 1827 2207 1828 1828 2206 1827 1827 2207 1938 1938 2209 1939 1939 2212 1980 1980 2181 1940 1940 2165 1826 1826 2177 1940 1940 2165 1980 1980 2181 1979 1979 2172 1826 1826 2177 1940 1940 2165 1941 1941 2167 1826 1826 2177 1941 1941 2167 1825 1825 2178 2041 2041 2223 1942 1942 2161 1847 1847 2174 1942 1942 2161 2041 2041 2223 2040 2040 2222 1847 1847 2174 1942 1942 2161 2065 2065 2175 2065 2065 2175 1942 1942 2161 2066 2066 2164 1856 1856 2137 1946 1946 2136 1945 1945 2094 1856 1856 2137 1945 1945 2094 1793 1793 2093 1944 1944 2275 1882 1882 2273 1943 1943 2276 1882 1882 2273 1944 1944 2275 1799 1799 2274 1792 1792 2090 2016 2016 2095 1945 1945 2094 2016 2016 2095 1792 1792 2090 2017 2017 2091 1943 1943 2276 1951 1951 2299 1883 1883 2277 1951 1951 2299 1943 1943 2276 1889 1889 2294 1998 1998 2349 2008 2008 2350 1993 1993 2348 1993 1993 2348 2008 2008 2350 1952 1952 2351 1998 1998 2349 1993 1993 2348 1992 1992 2352 1992 1992 2352 1999 1999 2353 1998 1998 2349 2025 2025 2356 1991 1991 2357 2000 2000 2354 2025 2025 2356 2000 2000 2354 2026 2026 2355 1990 1990 2359 2000 2000 2354 1991 1991 2357 2000 2000 2354 1990 1990 2359 2001 2001 2358 1990 1990 2359 1989 1989 2361 2002 2002 2360 1990 1990 2359 2002 2002 2360 2001 2001 2358 1989 1989 2361 2003 2003 2363 2002 2002 2360 2003 2003 2363 1989 1989 2361 1997 1997 2362 1997 1997 2362 2004 2004 2365 2003 2003 2363 2004 2004 2365 1997 1997 2362 1953 1953 2364 1953 1953 2364 2005 2005 2367 2004 2004 2365 2005 2005 2367 1953 1953 2364 1996 1996 2366 2005 2005 2367 1995 1995 2368 2006 2006 2369 1995 1995 2368 2005 2005 2367 1996 1996 2366 1995 1995 2368 2007 2007 2370 2006 2006 2369 2007 2007 2370 1995 1995 2368 1994 1994 2371 2008 2008 2373 2007 2007 2370 1952 1952 2372 1952 1952 2372 2007 2007 2370 1994 1994 2371 1927 1927 2341 1905 1905 2329 1964 1964 2317 1797 1797 2374 1912 1912 2269 1965 1965 2272 1912 1912 2269 1797 1797 2374 1880 1880 2291 1790 1790 2118 2019 2019 2088 1966 1966 2087 2019 2019 2088 1790 1790 2118 2020 2020 2266 1790 1790 2118 1913 1913 2132 1812 1812 2119 1913 1913 2132 1790 1790 2118 1966 1966 2087 2010 2010 2376 1968 1968 2375 2011 2011 2143 1968 1968 2375 1796 1796 2144 2011 2011 2143 1813 1813 2244 1968 1968 2375 1969 1969 2377 1968 1968 2375 1813 1813 2244 1796 1796 2144 1813 1813 2244 2046 2046 2379 1852 1852 2378 2046 2046 2379 1813 1813 2244 1969 1969 2377 1887 1887 2285 1971 1971 2380 1815 1815 2286 1971 1971 2380 1967 1967 2381 1815 1815 2286 2060 2060 2239 1813 1813 2244 1852 1852 2378 1813 1813 2244 2060 2060 2239 1811 1811 2238 1877 1877 2382 2030 2030 2383 1972 1972 2288 1972 1972 2288 2030 2030 2383 2029 2029 2289 1797 1797 2374 1972 1972 2288 1880 1880 2291 1972 1972 2288 1797 1797 2374 1877 1877 2382 1973 1973 2168 1974 1974 2156 1938 1938 2385 1938 1938 2385 1974 1974 2156 1830 1830 2384 1974 1974 2156 1975 1975 2153 1830 1830 2384 1830 1830 2384 1975 1975 2153 1823 1823 2386 1822 1822 2387 1975 1975 2153 1976 1976 2152 1975 1975 2153 1822 1822 2387 1823 1823 2386 1976 1976 2148 1821 1821 2388 1822 1822 2389 1821 1821 2388 1976 1976 2148 1977 1977 2147 1831 1831 2391 2075 2075 2157 1978 1978 2160 2075 2075 2157 1831 1831 2391 2076 2076 2390 1939 1939 2392 1978 1978 2160 1979 1979 2172 1978 1978 2160 1939 1939 2392 1831 1831 2391 1827 1827 2393 1979 1979 2172 1980 1980 2181 1979 1979 2172 1827 1827 2393 1939 1939 2392 1833 1833 2394 1827 1827 2393 1981 1981 2182 1981 1981 2182 1827 1827 2393 1980 1980 2181 1840 1840 2395 1981 1981 2182 1982 1982 2201 1981 1981 2182 1840 1840 2395 1833 1833 2394 2044 2044 2198 1839 1839 2396 2045 2045 2397 1839 1839 2396 2044 2044 2198 1983 1983 2196 1983 1983 2196 2062 2062 2195 1839 1839 2396 2062 2062 2195 2061 2061 2398 1839 1839 2396 1984 1984 2204 1985 1985 2185 1838 1838 2400 1985 1985 2185 1834 1834 2399 1838 1838 2400 1985 1985 2185 1828 1828 2401 1834 1834 2399 1828 1828 2401 1985 1985 2185 1986 1986 2184 1986 1986 2184 1938 1938 2385 1828 1828 2401 1938 1938 2385 1986 1986 2184 1973 1973 2168 1918 1918 2306 1962 1962 2403 1956 1956 2402 1962 1962 2403 1918 1918 2306 1963 1963 2318 1917 1917 2303 1956 1956 2402 1955 1955 2404 1956 1956 2402 1917 1917 2303 1918 1918 2306 2023 2023 2321 1955 1955 2404 2024 2024 2405 1955 1955 2404 2023 2023 2321 1917 1917 2303 1903 1903 2320 1987 1987 2406 1954 1954 2407 1903 1903 2320 1954 1954 2407 1900 1900 2307 1954 1954 2407 1961 1961 2408 1900 1900 2307 1900 1900 2307 1961 1961 2408 1901 1901 2308 1961 1961 2409 1960 1960 2410 1901 1901 2311 1901 1901 2311 1960 1960 2410 1902 1902 2312 1960 1960 2410 1959 1959 2411 1902 1902 2312 1959 1959 2411 1950 1950 2323 1902 1902 2312 1959 1959 2411 1958 1958 2412 1910 1910 2326 1959 1959 2411 1910 1910 2326 1950 1950 2323 1988 1988 2413 1911 1911 2327 1910 1910 2326 1988 1988 2413 1910 1910 2326 1958 1958 2412 1957 1957 2414 1919 1919 2328 1911 1911 2327 1957 1957 2414 1911 1911 2327 1988 1988 2413 1919 1919 2328 1962 1962 2403 1963 1963 2318 1962 1962 2403 1919 1919 2328 1957 1957 2414 1956 1956 2402 1989 1989 2361 1990 1990 2359 1989 1989 2361 1956 1956 2402 1962 1962 2403 1955 1955 2404 1990 1990 2359 1991 1991 2357 1990 1990 2359 1955 1955 2404 1956 1956 2402 1955 1955 2404 1991 1991 2357 2024 2024 2405 2024 2024 2405 1991 1991 2357 2025 2025 2356 1987 1987 2406 1992 1992 2352 1993 1993 2348 1987 1987 2406 1993 1993 2348 1954 1954 2407 1954 1954 2407 1993 1993 2348 1952 1952 2351 1954 1954 2407 1952 1952 2351 1961 1961 2408 1961 1961 2409 1952 1952 2372 1994 1994 2371 1961 1961 2409 1994 1994 2371 1960 1960 2410 1994 1994 2371 1995 1995 2368 1960 1960 2410 1995 1995 2368 1959 1959 2411 1960 1960 2410 1995 1995 2368 1996 1996 2366 1958 1958 2412 1995 1995 2368 1958 1958 2412 1959 1959 2411 1953 1953 2364 1988 1988 2413 1996 1996 2366 1988 1988 2413 1958 1958 2412 1996 1996 2366 1997 1997 2362 1957 1957 2414 1953 1953 2364 1957 1957 2414 1988 1988 2413 1953 1953 2364 1962 1962 2403 1997 1997 2362 1989 1989 2361 1997 1997 2362 1962 1962 2403 1957 1957 2414 1999 1999 2353 1916 1916 2332 1915 1915 2302 1999 1999 2353 1915 1915 2302 1998 1998 2349 2000 2000 2354 2027 2027 2300 2026 2026 2355 2027 2027 2300 2000 2000 2354 1892 1892 2297 2001 2001 2358 1892 1892 2297 2000 2000 2354 1892 1892 2297 2001 2001 2358 1893 1893 2296 2001 2001 2358 2002 2002 2360 1891 1891 2315 2001 2001 2358 1891 1891 2315 1893 1893 2296 2002 2002 2360 1904 1904 2316 1891 1891 2315 1904 1904 2316 2002 2002 2360 2003 2003 2363 2003 2003 2363 1890 1890 2295 1904 1904 2316 1890 1890 2295 2003 2003 2363 2004 2004 2365 2004 2004 2365 1889 1889 2294 1890 1890 2295 1889 1889 2294 2004 2004 2365 2005 2005 2367 1889 1889 2294 2006 2006 2369 1951 1951 2299 2006 2006 2369 1889 1889 2294 2005 2005 2367 2006 2006 2369 1897 1897 2298 1951 1951 2299 1897 1897 2298 2006 2006 2369 2007 2007 2370 1898 1898 2331 1897 1897 2298 2008 2008 2373 2008 2008 2373 1897 1897 2298 2007 2007 2370 1915 1915 2302 1898 1898 2301 1998 1998 2349 1998 1998 2349 1898 1898 2301 2008 2008 2350 1877 1877 2382 2031 2031 2102 2030 2030 2383 2031 2031 2102 1877 1877 2382 2009 2009 2103 2010 2010 2376 1815 1815 2286 1967 1967 2381 1815 1815 2286 2010 2010 2376 2011 2011 2143 2011 2011 2143 2012 2012 2146 1815 1815 2286 1815 1815 2286 2012 2012 2146 1801 1801 2283 2012 2012 2146 1879 1879 2292 1801 1801 2283 1879 1879 2292 2012 2012 2146 2013 2013 2268 2013 2013 2099 1800 1800 2279 1879 1879 2282 1800 1800 2279 2013 2013 2099 2014 2014 2098 1869 1869 2278 1800 1800 2279 2015 2015 2092 2014 2014 2098 2015 2015 2092 1800 1800 2279 2015 2015 2092 1944 1944 2275 1869 1869 2278 1944 1944 2275 2015 2015 2092 2016 2016 2095 1799 1799 2274 1944 1944 2275 2017 2017 2091 2016 2016 2095 2017 2017 2091 1944 1944 2275 1798 1798 2271 1799 1799 2274 2018 2018 2089 2017 2017 2091 2018 2018 2089 1799 1799 2274 1965 1965 2272 2018 2018 2089 2019 2019 2088 2018 2018 2089 1965 1965 2272 1798 1798 2271 1797 1797 2374 2019 2019 2088 2020 2020 2266 2019 2019 2088 1797 1797 2374 1965 1965 2272 1797 1797 2374 2009 2009 2103 1877 1877 2382 2009 2009 2103 1797 1797 2374 2020 2020 2266 2021 2021 2342 1908 1908 2319 1922 1922 2336 1908 1908 2319 2021 2021 2342 2022 2022 2322 2022 2022 2322 1903 1903 2320 1908 1908 2319 1903 1903 2320 2022 2022 2322 2023 2023 2321 2023 2023 2321 1987 1987 2406 1903 1903 2320 1987 1987 2406 2023 2023 2321 2024 2024 2405 2025 2025 2356 1987 1987 2406 2024 2024 2405 1987 1987 2406 2025 2025 2356 1992 1992 2352 1992 1992 2352 2025 2025 2356 2026 2026 2355 1992 1992 2352 2026 2026 2355 1999 1999 2353 1999 1999 2353 2026 2026 2355 2027 2027 2300 1999 1999 2353 2027 2027 2300 1916 1916 2332 2027 2027 2300 1887 1887 2285 1916 1916 2332 1887 1887 2285 2027 2027 2300 2028 2028 2290 1971 1971 2380 2028 2028 2290 2029 2029 2289 2028 2028 2290 1971 1971 2380 1887 1887 2285 2030 2030 2383 1967 1967 2381 1971 1971 2380 2030 2030 2383 1971 1971 2380 2029 2029 2289 1967 1967 2381 2030 2030 2383 2031 2031 2102 2031 2031 2102 2010 2010 2376 1967 1967 2381 2010 2010 2376 2031 2031 2102 2032 2032 2101 2010 2010 2376 2032 2032 2101 1968 1968 2375 2032 2032 2101 1969 1969 2377 1968 1968 2375 1969 1969 2377 2032 2032 2101 2033 2033 2122 1969 1969 2377 2033 2033 2122 2047 2047 2134 1969 1969 2377 2047 2047 2134 2046 2046 2379 1970 1970 2415 2034 2034 2252 2035 2035 2251 2035 2035 2251 1853 1853 2345 1970 1970 2415 1853 1853 2345 2035 2035 2251 2036 2036 2112 1853 1853 2345 2036 2036 2112 1929 1929 2126 2036 2036 2112 1871 1871 2123 1929 1929 2126 1871 1871 2123 2036 2036 2112 2037 2037 2115 2037 2037 2115 1850 1850 2077 1871 1871 2123 1850 1850 2077 2037 2037 2115 2038 2038 2235 1850 1850 2077 2038 2038 2235 2039 2039 2234 1850 1850 2077 2039 2039 2234 1816 1816 2074 1941 1941 2167 2039 2039 2221 2040 2040 2222 2039 2039 2221 1941 1941 2167 1816 1816 2166 1825 1825 2178 2040 2040 2222 2041 2041 2223 2040 2040 2222 1825 1825 2178 1941 1941 2167 1841 1841 2179 2041 2041 2223 2042 2042 2192 2041 2041 2223 1841 1841 2179 1825 1825 2178 2083 2083 2199 2042 2042 2192 2084 2084 2191 2042 2042 2192 2083 2083 2199 1841 1841 2179 1837 1837 2200 2043 2043 2197 2044 2044 2198 1837 1837 2200 2044 2044 2198 1982 1982 2201 1982 1982 2201 2045 2045 2397 1840 1840 2395 2045 2045 2397 1982 1982 2201 2044 2044 2198 2046 2046 2379 2047 2047 2134 2034 2034 2252 2046 2046 2379 2034 2034 2252 1970 1970 2415 1865 1865 2253 2047 2047 2134 2048 2048 2133 2047 2047 2134 1865 1865 2253 2034 2034 2252 1864 1864 2254 2048 2048 2133 2049 2049 2128 2048 2048 2133 1864 1864 2254 1865 1865 2253 2049 2049 2128 1808 1808 2255 1864 1864 2254 1808 1808 2255 2049 2049 2128 2050 2050 2127 1808 1808 2255 2051 2051 2131 1914 1914 2347 2051 2051 2131 1808 1808 2255 2050 2050 2127 2051 2051 2131 2052 2052 2130 1914 1914 2347 1914 1914 2347 2052 2052 2130 1848 1848 2262 2052 2052 2130 1867 1867 2259 1848 1848 2262 2052 2052 2130 2053 2053 2232 1867 1867 2259 1867 1867 2259 2054 2054 2233 1947 1947 2260 2053 2053 2232 2054 2054 2233 1867 1867 2259 1868 1868 2263 1947 1947 2260 2054 2054 2233 1868 1868 2263 2054 2054 2233 2055 2055 2140 2055 2055 2140 1860 1860 2246 1868 1868 2263 1860 1860 2246 2055 2055 2140 2056 2056 2139 2056 2056 2139 1861 1861 2247 1860 1860 2246 1861 1861 2247 2056 2056 2139 2057 2057 2142 1862 1862 2416 1861 1861 2417 2058 2058 2240 2057 2057 2245 2058 2058 2240 1861 1861 2417 2058 2058 2240 2059 2059 2236 1854 1854 2344 1854 1854 2344 1862 1862 2416 2058 2058 2240 2059 2059 2236 1853 1853 2345 1854 1854 2344 1853 1853 2345 2059 2059 2236 2060 2060 2239 1970 1970 2415 1852 1852 2378 2046 2046 2379 1853 1853 2345 1852 1852 2378 1970 1970 2415 1852 1852 2378 1853 1853 2345 2060 2060 2239 2062 2062 2195 1984 1984 2204 2061 2061 2398 1984 1984 2204 1838 1838 2400 2061 2061 2398 1835 1835 2203 2062 2062 2195 2063 2063 2194 2062 2062 2195 1835 1835 2203 1984 1984 2204 2087 2087 2202 2086 2086 2190 2064 2064 2176 2064 2064 2176 1843 1843 2188 2087 2087 2202 2064 2064 2176 2065 2065 2175 1843 1843 2188 2065 2065 2175 1824 1824 2187 1843 1843 2188 2065 2065 2175 2066 2066 2164 1824 1824 2187 1936 1936 2170 1824 1824 2187 2066 2066 2164 2068 2068 2070 2069 2069 2224 2067 2067 2071 2069 2069 2224 2068 2068 2070 2070 2070 2225 1819 1819 2155 1937 1937 2169 2069 2069 2171 1937 1937 2169 1936 1936 2170 2069 2069 2171 2072 2072 2108 1870 1870 2249 1862 1862 2248 1870 1870 2249 2072 2072 2108 1933 1933 2265 2077 2077 2111 1933 1933 2265 2072 2072 2108 1933 1933 2265 2077 2077 2111 1806 1806 2107 1818 1818 2116 1804 1804 2104 2074 2074 2079 2073 2073 2080 2074 2074 2079 1804 1804 2104 2075 2075 2157 1818 1818 2150 2074 2074 2158 1818 1818 2150 2075 2075 2157 1977 1977 2147 2076 2076 2390 1977 1977 2147 2075 2075 2157 1977 1977 2147 2076 2076 2390 1821 1821 2388 1804 1804 2104 1806 1806 2107 2073 2073 2080 2077 2077 2111 2073 2073 2080 1806 1806 2107 2073 2073 2080 2077 2077 2111 1805 1805 2081 2078 2078 2110 1805 1805 2081 2077 2077 2111 1850 1850 2077 2078 2078 2124 1871 1871 2123 2078 2078 2124 1850 1850 2077 1805 1805 2076 2071 2071 2227 1802 1802 2084 2070 2070 2225 1802 1802 2084 2071 2071 2227 2079 2079 2226 2079 2079 2226 1803 1803 2085 1802 1802 2084 1803 1803 2085 2079 2079 2226 2080 2080 2231 1803 1803 2085 1873 1873 2106 1874 1874 2105 1873 1873 2106 1803 1803 2085 2080 2080 2231 2068 2068 2070 2081 2081 2257 2071 2071 2227 2068 2068 2070 2071 2071 2227 2070 2070 2225 2081 2081 2257 1932 1932 2228 2071 2071 2227 1932 1932 2228 2081 2081 2257 2082 2082 2256 2082 2082 2256 1914 1914 2347 1932 1932 2228 1914 1914 2347 2082 2082 2256 1808 1808 2255 2084 2084 2191 1837 1837 2200 2083 2083 2199 1837 1837 2200 2084 2084 2191 2043 2043 2197 1836 1836 2193 2043 2043 2197 2085 2085 2189 2043 2043 2197 2084 2084 2191 2085 2085 2189 2063 2063 2194 2085 2085 2189 2086 2086 2190 2085 2085 2189 2063 2063 2194 1836 1836 2193 2086 2086 2190 1835 1835 2203 2063 2063 2194 1835 1835 2203 2086 2086 2190 2087 2087 2202 1832 1832 2180 2083 2083 2199 1837 1837 2200 1835 1835 2203 2087 2087 2202 1844 1844 2186 1823 1823 2213 1821 1821 2220 2076 2076 2214 2061 2061 2217 2045 2045 2218 1839 1839 2418 2143 2143 2420 2144 2144 2421 2366 2366 2419 2366 2366 2419 2144 2144 2421 2365 2365 2422 2103 2103 2425 2114 2114 2423 2148 2148 2424 2114 2114 2423 2103 2103 2425 2115 2115 2426 2115 2115 2427 2103 2103 2428 2371 2371 2429 2115 2115 2427 2371 2371 2429 2372 2372 2430 2117 2117 2434 2101 2101 2432 2100 2100 2433 2101 2101 2432 2117 2117 2434 2118 2118 2431 2264 2264 2438 2316 2316 2436 2317 2317 2437 2316 2316 2436 2264 2264 2438 2089 2089 2435 2089 2089 2435 2315 2315 2440 2316 2316 2436 2315 2315 2440 2089 2089 2435 2090 2090 2439 2091 2091 2444 2314 2314 2442 2243 2243 2443 2314 2314 2442 2091 2091 2444 2313 2313 2441 2311 2311 2446 2312 2312 2447 2176 2176 2445 2092 2092 2448 2176 2176 2445 2312 2312 2447 2307 2307 2450 2330 2330 2452 2174 2174 2449 2330 2330 2452 2307 2307 2450 2329 2329 2451 2172 2172 2456 2102 2102 2453 2171 2171 2455 2102 2102 2453 2104 2104 2454 2171 2171 2455 2376 2376 2459 2228 2228 2460 2370 2370 2457 2376 2376 2459 2370 2370 2457 2375 2375 2458 2226 2226 2464 2334 2334 2461 2170 2170 2463 2334 2334 2461 2335 2335 2462 2170 2170 2463 2173 2173 2466 2116 2116 2465 2172 2172 2456 2116 2116 2465 2102 2102 2453 2172 2172 2456 2173 2173 2466 2101 2101 2432 2118 2118 2431 2101 2101 2432 2173 2173 2466 2172 2172 2456 2088 2088 2467 2161 2161 2468 2110 2110 2469 2174 2174 2449 2330 2330 2452 2112 2112 2471 2330 2330 2452 2331 2331 2470 2112 2112 2471 2227 2227 2473 2228 2228 2474 2169 2169 2472 2169 2169 2472 2228 2228 2474 2376 2376 2475 2110 2110 2469 2161 2161 2468 2348 2348 2477 2348 2348 2477 2161 2161 2468 2347 2347 2476 2107 2107 2478 2349 2349 2480 2350 2350 2481 2349 2349 2480 2107 2107 2478 2211 2211 2479 2331 2331 2470 2346 2346 2483 2112 2112 2471 2346 2346 2483 2331 2331 2470 2345 2345 2482 2211 2211 2479 2107 2107 2478 2089 2089 2435 2211 2211 2479 2089 2089 2435 2264 2264 2438 2089 2089 2435 2147 2147 2484 2090 2090 2439 2147 2147 2484 2089 2089 2435 2107 2107 2478 2244 2244 2485 2090 2090 2439 2147 2147 2484 2090 2090 2439 2244 2244 2485 2243 2243 2443 2353 2353 2487 2354 2354 2488 2154 2154 2486 2154 2154 2486 2354 2354 2488 2153 2153 2489 2355 2355 2491 2153 2153 2489 2354 2354 2488 2153 2153 2489 2355 2355 2491 2156 2156 2490 2093 2093 2494 2094 2094 2495 2309 2309 2492 2309 2309 2492 2310 2310 2493 2093 2093 2494 2274 2274 2499 2275 2275 2496 2173 2173 2498 2275 2275 2496 2116 2116 2497 2173 2173 2498 2274 2274 2503 2118 2118 2501 2273 2273 2502 2118 2118 2501 2274 2274 2503 2173 2173 2500 2272 2272 2505 2118 2118 2501 2117 2117 2504 2118 2118 2501 2272 2272 2505 2273 2273 2502 2276 2276 2507 2372 2372 2509 2373 2373 2506 2372 2372 2509 2276 2276 2507 2115 2115 2508 2364 2364 2511 2144 2144 2513 2240 2240 2510 2144 2144 2513 2364 2364 2511 2365 2365 2512 2115 2115 2508 2238 2238 2514 2114 2114 2516 2238 2238 2514 2239 2239 2515 2114 2114 2516 2272 2272 2505 2235 2235 2517 2271 2271 2518 2235 2235 2517 2272 2272 2505 2117 2117 2504 2367 2367 2520 2365 2365 2512 2234 2234 2519 2234 2234 2519 2365 2365 2512 2364 2364 2511 2277 2277 2521 2115 2115 2508 2276 2276 2507 2115 2115 2508 2277 2277 2521 2238 2238 2514 2362 2362 2523 2145 2145 2525 2140 2140 2522 2145 2145 2525 2362 2362 2523 2363 2363 2524 2130 2130 2527 2123 2123 2529 2124 2124 2526 2123 2123 2529 2130 2130 2527 2139 2139 2528 2130 2130 2527 2278 2278 2530 2279 2279 2531 2278 2278 2530 2130 2130 2527 2124 2124 2526 2283 2283 2534 2127 2127 2532 2142 2142 2533 2127 2127 2532 2283 2283 2534 2284 2284 2535 2142 2142 2533 2122 2122 2536 2141 2141 2537 2122 2122 2536 2142 2142 2533 2127 2127 2532 2384 2384 2539 2140 2140 2522 2383 2383 2538 2140 2140 2522 2384 2384 2539 2362 2362 2523 2383 2383 2538 2140 2140 2522 2382 2382 2540 2382 2382 2540 2140 2140 2522 2340 2340 2541 2361 2361 2545 2134 2134 2542 2360 2360 2544 2134 2134 2542 2281 2281 2543 2360 2360 2544 2134 2134 2542 2341 2341 2546 2281 2281 2543 2341 2341 2546 2342 2342 2547 2281 2281 2543 2130 2130 2527 2381 2381 2548 2139 2139 2528 2279 2279 2531 2135 2135 2550 2130 2130 2527 2135 2135 2550 2279 2279 2531 2280 2280 2549 2385 2385 2551 2142 2142 2533 2141 2141 2537 2282 2282 2553 2142 2142 2533 2133 2133 2552 2142 2142 2533 2282 2282 2553 2283 2283 2534 2131 2131 2555 2126 2126 2557 2132 2132 2554 2126 2126 2557 2131 2131 2555 2125 2125 2556 2237 2237 2559 2128 2128 2561 2236 2236 2558 2128 2128 2561 2237 2237 2559 2129 2129 2560 2374 2374 2562 2128 2128 2561 2129 2129 2560 2128 2128 2561 2374 2374 2562 2121 2121 2563 2136 2136 2564 2138 2138 2565 2131 2131 2555 2136 2136 2564 2131 2131 2555 2132 2132 2554 2359 2359 2566 2137 2137 2567 2343 2343 2568 2121 2121 2563 2119 2119 2569 2120 2120 2570 2338 2338 2572 2144 2144 2513 2337 2337 2571 2144 2144 2513 2338 2338 2572 2240 2240 2510 2340 2340 2541 2145 2145 2525 2339 2339 2573 2145 2145 2525 2340 2340 2541 2140 2140 2522 2368 2368 2575 2117 2117 2434 2100 2100 2433 2117 2117 2434 2368 2368 2575 2367 2367 2574 2230 2230 2578 2369 2369 2579 2377 2377 2576 2230 2230 2578 2377 2377 2576 2229 2229 2577 2378 2378 2581 2229 2229 2577 2377 2377 2576 2229 2229 2577 2378 2378 2581 2233 2233 2580 2107 2107 2478 2351 2351 2582 2147 2147 2484 2351 2351 2582 2107 2107 2478 2350 2350 2481 2154 2154 2486 2244 2244 2485 2353 2353 2487 2352 2352 2583 2353 2353 2487 2244 2244 2485 2336 2336 2584 2144 2144 2421 2143 2143 2420 2144 2144 2421 2336 2336 2584 2337 2337 2585 2358 2358 2587 2149 2149 2589 2357 2357 2586 2149 2149 2589 2358 2358 2587 2109 2109 2588 2092 2092 2448 2156 2156 2490 2176 2176 2445 2156 2156 2490 2092 2092 2448 2153 2153 2489 2153 2153 2489 2091 2091 2444 2154 2154 2486 2091 2091 2444 2153 2153 2489 2092 2092 2448 2149 2149 2589 2155 2155 2590 2357 2357 2586 2357 2357 2586 2155 2155 2590 2356 2356 2591 2155 2155 2590 2149 2149 2589 2157 2157 2592 2157 2157 2592 2156 2156 2593 2155 2155 2590 2111 2111 2594 2157 2157 2592 2109 2109 2588 2149 2149 2589 2109 2109 2588 2157 2157 2592 2157 2157 2592 2111 2111 2594 2094 2094 2495 2157 2157 2592 2094 2094 2495 2093 2093 2494 2155 2155 2590 2355 2355 2595 2356 2356 2591 2355 2355 2595 2155 2155 2590 2156 2156 2593 2168 2168 2597 2159 2159 2599 2158 2158 2596 2159 2159 2599 2168 2168 2597 2160 2160 2598 2161 2161 2468 2346 2346 2483 2347 2347 2476 2346 2346 2483 2161 2161 2468 2112 2112 2471 2332 2332 2602 2105 2105 2600 2163 2163 2601 2105 2105 2600 2332 2332 2602 2333 2333 2603 2105 2105 2600 2162 2162 2605 2163 2163 2601 2162 2162 2605 2105 2105 2600 2106 2106 2604 2380 2380 2607 2226 2226 2464 2379 2379 2606 2226 2226 2464 2170 2170 2463 2379 2379 2606 2378 2378 2581 2171 2171 2455 2232 2232 2608 2378 2378 2581 2232 2232 2608 2233 2233 2580 2165 2165 2609 2146 2146 2610 2108 2108 2611 2165 2165 2609 2108 2108 2611 2245 2245 2612 2164 2164 2613 2245 2245 2612 2108 2108 2611 2245 2245 2612 2164 2164 2613 2166 2166 2614 2244 2244 2485 2351 2351 2582 2352 2352 2583 2351 2351 2582 2244 2244 2485 2147 2147 2484 2164 2164 2613 2168 2168 2597 2158 2158 2596 2164 2164 2613 2158 2158 2596 2166 2166 2614 2312 2312 2447 2091 2091 2444 2092 2092 2448 2091 2091 2444 2312 2312 2447 2313 2313 2441 2104 2104 2454 2232 2232 2608 2171 2171 2455 2232 2232 2608 2104 2104 2454 2231 2231 2615 2335 2335 2462 2336 2336 2584 2170 2170 2463 2170 2170 2463 2336 2336 2584 2143 2143 2420 2366 2366 2419 2379 2379 2606 2170 2170 2463 2170 2170 2463 2143 2143 2420 2366 2366 2419 2112 2112 2471 2088 2088 2467 2174 2174 2449 2088 2088 2467 2112 2112 2471 2161 2161 2468 2174 2174 2449 2318 2318 2616 2307 2307 2450 2318 2318 2616 2174 2174 2449 2088 2088 2467 2157 2157 2592 2176 2176 2617 2156 2156 2593 2176 2176 2617 2157 2157 2592 2093 2093 2494 2310 2310 2493 2311 2311 2618 2093 2093 2494 2176 2176 2617 2093 2093 2494 2311 2311 2618 2263 2263 2620 2179 2179 2622 2210 2210 2619 2179 2179 2622 2263 2263 2620 2096 2096 2621 2096 2096 2621 2097 2097 2624 2180 2180 2623 2096 2096 2621 2180 2180 2623 2179 2179 2622 2241 2241 2628 2167 2167 2626 2181 2181 2627 2167 2167 2626 2241 2241 2628 2242 2242 2625 2177 2177 2630 2182 2182 2632 2098 2098 2629 2182 2182 2632 2177 2177 2630 2183 2183 2631 2099 2099 2633 2113 2113 2634 2185 2185 2635 2099 2099 2633 2185 2185 2635 2184 2184 2636 2327 2327 2639 2270 2270 2640 2186 2186 2637 2186 2186 2637 2326 2326 2638 2327 2327 2639 2098 2098 2629 2181 2181 2627 2167 2167 2626 2181 2181 2627 2098 2098 2629 2182 2182 2632 2270 2270 2640 2178 2178 2641 2186 2186 2637 2099 2099 2633 2183 2183 2643 2177 2177 2642 2183 2183 2643 2099 2099 2633 2184 2184 2636 2188 2188 2645 2241 2241 2628 2187 2187 2644 2241 2241 2628 2188 2188 2645 2180 2180 2623 2190 2190 2647 2178 2178 2641 2191 2191 2646 2178 2178 2641 2190 2190 2647 2186 2186 2637 2182 2182 2632 2249 2249 2649 2181 2181 2627 2249 2249 2649 2182 2182 2632 2195 2195 2648 2190 2190 2647 2325 2325 2650 2326 2326 2638 2190 2190 2647 2326 2326 2638 2186 2186 2637 2184 2184 2636 2196 2196 2651 2183 2183 2643 2196 2196 2651 2184 2184 2636 2213 2213 2652 2205 2205 2656 2216 2216 2654 2204 2204 2655 2216 2216 2654 2205 2205 2656 2215 2215 2653 2194 2194 2658 2199 2199 2660 2198 2198 2657 2199 2199 2660 2194 2194 2658 2193 2193 2659 2193 2193 2662 2200 2200 2664 2199 2199 2661 2200 2200 2664 2193 2193 2662 2192 2192 2663 2179 2179 2622 2189 2189 2666 2210 2210 2619 2189 2189 2666 2179 2179 2622 2202 2202 2665 2216 2216 2654 2262 2262 2668 2204 2204 2655 2262 2262 2668 2216 2216 2654 2261 2261 2667 2194 2194 2658 2198 2198 2657 2206 2206 2669 2201 2201 2670 2206 2206 2669 2198 2198 2657 2320 2320 2671 2215 2215 2653 2205 2205 2656 2215 2215 2653 2320 2320 2671 2321 2321 2672 2200 2200 2664 2247 2247 2673 2248 2248 2674 2247 2247 2673 2200 2200 2664 2192 2192 2663 2248 2248 2674 2207 2207 2675 2208 2208 2676 2207 2207 2675 2248 2248 2674 2247 2247 2673 2217 2217 2680 2197 2197 2678 2203 2203 2679 2197 2197 2678 2217 2217 2680 2209 2209 2677 2262 2262 2668 2261 2261 2667 2217 2217 2680 2262 2262 2668 2217 2217 2680 2203 2203 2679 2209 2209 2677 2207 2207 2675 2197 2197 2678 2207 2207 2675 2209 2209 2677 2208 2208 2676 2191 2191 2646 2210 2210 2619 2189 2189 2666 2210 2210 2619 2191 2191 2646 2178 2178 2641 2196 2196 2681 2182 2182 2632 2183 2183 2631 2196 2196 2681 2195 2195 2648 2182 2182 2632 2180 2180 2623 2202 2202 2665 2179 2179 2622 2202 2202 2665 2180 2180 2623 2188 2188 2645 2348 2348 2477 2211 2211 2479 2110 2110 2469 2211 2211 2479 2348 2348 2477 2349 2349 2480 2184 2184 2636 2185 2185 2635 2213 2213 2652 2185 2185 2635 2214 2214 2682 2213 2213 2652 2193 2193 2662 2218 2218 2684 2192 2192 2663 2218 2218 2684 2193 2193 2662 2219 2219 2683 2194 2194 2658 2219 2219 2686 2193 2193 2659 2219 2219 2686 2194 2194 2658 2220 2220 2685 2222 2222 2688 2205 2205 2656 2221 2221 2687 2205 2205 2656 2204 2204 2655 2221 2221 2687 2223 2223 2690 2197 2197 2678 2224 2224 2689 2197 2197 2678 2207 2207 2675 2224 2224 2689 2197 2197 2678 2223 2223 2690 2203 2203 2679 2225 2225 2691 2203 2203 2679 2223 2223 2690 2194 2194 2658 2206 2206 2669 2220 2220 2685 2319 2319 2692 2320 2320 2671 2222 2222 2688 2320 2320 2671 2205 2205 2656 2222 2222 2688 2247 2247 2673 2224 2224 2689 2207 2207 2675 2224 2224 2689 2247 2247 2673 2246 2246 2693 2247 2247 2673 2192 2192 2663 2218 2218 2684 2247 2247 2673 2218 2218 2684 2246 2246 2693 2221 2221 2687 2204 2204 2655 2225 2225 2691 2204 2204 2655 2262 2262 2668 2225 2225 2691 2106 2106 2604 2105 2105 2600 2380 2380 2607 2105 2105 2600 2226 2226 2464 2380 2380 2607 2333 2333 2603 2226 2226 2464 2105 2105 2600 2226 2226 2464 2333 2333 2603 2334 2334 2461 2227 2227 2473 2152 2152 2695 2228 2228 2474 2152 2152 2695 2227 2227 2473 2151 2151 2694 2152 2152 2696 2370 2370 2457 2228 2228 2460 2370 2370 2457 2152 2152 2696 2160 2160 2598 2229 2229 2577 2212 2212 2697 2230 2230 2578 2212 2212 2697 2229 2229 2577 2146 2146 2610 2168 2168 2597 2232 2232 2608 2231 2231 2615 2232 2232 2608 2168 2168 2597 2164 2164 2613 2233 2233 2580 2232 2232 2608 2164 2164 2613 2233 2233 2580 2164 2164 2613 2108 2108 2611 2233 2233 2580 2146 2146 2610 2229 2229 2577 2146 2146 2610 2233 2233 2580 2108 2108 2611 2127 2127 2532 2235 2235 2517 2234 2234 2519 2127 2127 2532 2234 2234 2519 2122 2122 2536 2284 2284 2535 2271 2271 2518 2235 2235 2517 2284 2284 2535 2235 2235 2517 2127 2127 2532 2125 2125 2556 2236 2236 2558 2126 2126 2557 2236 2236 2558 2125 2125 2556 2237 2237 2559 2278 2278 2530 2124 2124 2526 2238 2238 2514 2278 2278 2530 2238 2238 2514 2277 2277 2521 2123 2123 2529 2239 2239 2515 2124 2124 2526 2238 2238 2514 2124 2124 2526 2239 2239 2515 2339 2339 2573 2145 2145 2525 2240 2240 2510 2339 2339 2573 2240 2240 2510 2338 2338 2572 2145 2145 2525 2363 2363 2524 2240 2240 2510 2363 2363 2524 2364 2364 2511 2240 2240 2510 2154 2154 2486 2243 2243 2443 2244 2244 2485 2243 2243 2443 2154 2154 2486 2091 2091 2444 2242 2242 2625 2180 2180 2623 2097 2097 2624 2180 2180 2623 2242 2242 2625 2241 2241 2628 2090 2090 2439 2314 2314 2442 2315 2315 2440 2314 2314 2442 2090 2090 2439 2243 2243 2443 2249 2249 2649 2241 2241 2628 2181 2181 2627 2241 2241 2628 2249 2249 2649 2187 2187 2644 2296 2296 2701 2250 2250 2698 2306 2306 2700 2250 2250 2698 2294 2294 2699 2306 2306 2700 2250 2250 2698 2296 2296 2701 2251 2251 2702 2251 2251 2702 2296 2296 2701 2297 2297 2703 2323 2323 2706 2298 2298 2704 2252 2252 2705 2298 2298 2704 2323 2323 2706 2324 2324 2707 2253 2253 2709 2298 2298 2704 2299 2299 2708 2298 2298 2704 2253 2253 2709 2252 2252 2705 2253 2253 2709 2300 2300 2710 2260 2260 2711 2300 2300 2710 2253 2253 2709 2299 2299 2708 2260 2260 2711 2301 2301 2712 2254 2254 2713 2301 2301 2712 2260 2260 2711 2300 2300 2710 2254 2254 2713 2302 2302 2715 2295 2295 2714 2302 2302 2715 2254 2254 2713 2301 2301 2712 2295 2295 2714 2303 2303 2717 2255 2255 2716 2303 2303 2717 2295 2295 2714 2302 2302 2715 2303 2303 2717 2304 2304 2719 2256 2256 2718 2303 2303 2717 2256 2256 2718 2255 2255 2716 2304 2304 2719 2305 2305 2720 2256 2256 2718 2305 2305 2720 2257 2257 2721 2256 2256 2718 2306 2306 2723 2294 2294 2722 2305 2305 2720 2294 2294 2722 2257 2257 2721 2305 2305 2720 2225 2225 2691 2262 2262 2668 2203 2203 2679 2095 2095 2724 2210 2210 2619 2178 2178 2641 2210 2210 2619 2095 2095 2724 2263 2263 2620 2088 2088 2467 2317 2317 2437 2318 2318 2616 2317 2317 2437 2088 2088 2467 2264 2264 2438 2088 2088 2467 2110 2110 2469 2211 2211 2479 2211 2211 2479 2264 2264 2438 2088 2088 2467 2308 2308 2726 2309 2309 2492 2266 2266 2725 2266 2266 2725 2309 2309 2492 2094 2094 2495 2266 2266 2725 2111 2111 2594 2267 2267 2727 2111 2111 2594 2266 2266 2725 2094 2094 2495 2111 2111 2594 2344 2344 2729 2267 2267 2727 2344 2344 2729 2111 2111 2594 2150 2150 2728 2185 2185 2635 2113 2113 2634 2269 2269 2730 2113 2113 2634 2265 2265 2731 2269 2269 2730 2111 2111 2594 2358 2358 2587 2150 2150 2728 2358 2358 2587 2111 2111 2594 2109 2109 2588 2328 2328 2732 2175 2175 2733 2270 2270 2640 2328 2328 2732 2270 2270 2640 2327 2327 2639 2270 2270 2640 2095 2095 2724 2178 2178 2641 2095 2095 2724 2270 2270 2640 2175 2175 2733 2272 2272 2505 2236 2236 2734 2128 2128 2735 2236 2236 2734 2272 2272 2505 2271 2271 2518 2128 2128 2735 2273 2273 2502 2272 2272 2505 2273 2273 2502 2128 2128 2735 2121 2121 2736 2120 2120 2737 2273 2273 2502 2121 2121 2736 2273 2273 2502 2120 2120 2737 2274 2274 2503 2275 2275 2496 2274 2274 2499 2119 2119 2738 2120 2120 2739 2119 2119 2738 2274 2274 2499 2129 2129 2741 2373 2373 2506 2374 2374 2740 2373 2373 2506 2129 2129 2741 2276 2276 2507 2237 2237 2742 2276 2276 2507 2129 2129 2741 2276 2276 2507 2237 2237 2742 2277 2277 2521 2125 2125 2743 2277 2277 2521 2237 2237 2742 2277 2277 2521 2125 2125 2743 2278 2278 2530 2279 2279 2531 2125 2125 2743 2131 2131 2744 2125 2125 2743 2279 2279 2531 2278 2278 2530 2279 2279 2531 2138 2138 2745 2280 2280 2549 2138 2138 2745 2279 2279 2531 2131 2131 2744 2342 2342 2547 2137 2137 2747 2281 2281 2543 2137 2137 2747 2342 2342 2547 2343 2343 2746 2281 2281 2543 2137 2137 2747 2360 2360 2544 2360 2360 2544 2137 2137 2747 2359 2359 2748 2136 2136 2749 2283 2283 2534 2282 2282 2553 2283 2283 2534 2136 2136 2749 2132 2132 2750 2283 2283 2534 2126 2126 2751 2284 2284 2535 2126 2126 2751 2283 2283 2534 2132 2132 2750 2126 2126 2751 2236 2236 2734 2284 2284 2535 2236 2236 2734 2271 2271 2518 2284 2284 2535 2216 2216 2654 2285 2285 2753 2261 2261 2667 2285 2285 2753 2216 2216 2654 2286 2286 2752 2215 2215 2653 2286 2286 2752 2216 2216 2654 2286 2286 2752 2215 2215 2653 2287 2287 2754 2321 2321 2672 2287 2287 2754 2215 2215 2653 2287 2287 2754 2321 2321 2672 2322 2322 2755 2198 2198 2657 2288 2288 2756 2201 2201 2670 2258 2258 2757 2201 2201 2670 2288 2288 2756 2288 2288 2756 2198 2198 2657 2289 2289 2758 2198 2198 2657 2199 2199 2660 2289 2289 2758 2289 2289 2760 2199 2199 2661 2290 2290 2759 2199 2199 2661 2200 2200 2664 2290 2290 2759 2290 2290 2759 2200 2200 2664 2291 2291 2761 2291 2291 2761 2200 2200 2664 2248 2248 2674 2291 2291 2761 2208 2208 2676 2292 2292 2762 2208 2208 2676 2291 2291 2761 2248 2248 2674 2259 2259 2763 2208 2208 2676 2209 2209 2677 2208 2208 2676 2259 2259 2763 2292 2292 2762 2293 2293 2764 2209 2209 2677 2217 2217 2680 2209 2209 2677 2293 2293 2764 2259 2259 2763 2261 2261 2667 2285 2285 2753 2217 2217 2680 2285 2285 2753 2293 2293 2764 2217 2217 2680 2286 2286 2752 2260 2260 2711 2285 2285 2753 2260 2260 2711 2286 2286 2752 2253 2253 2709 2287 2287 2754 2253 2253 2709 2286 2286 2752 2253 2253 2709 2287 2287 2754 2252 2252 2705 2287 2287 2754 2322 2322 2755 2252 2252 2705 2322 2322 2755 2323 2323 2706 2252 2252 2705 2258 2258 2757 2250 2250 2698 2251 2251 2702 2250 2250 2698 2258 2258 2757 2288 2288 2756 2288 2288 2756 2294 2294 2699 2250 2250 2698 2294 2294 2699 2288 2288 2756 2289 2289 2758 2289 2289 2760 2257 2257 2721 2294 2294 2722 2257 2257 2721 2289 2289 2760 2290 2290 2759 2257 2257 2721 2290 2290 2759 2256 2256 2718 2256 2256 2718 2290 2290 2759 2291 2291 2761 2256 2256 2718 2292 2292 2762 2255 2255 2716 2292 2292 2762 2256 2256 2718 2291 2291 2761 2295 2295 2714 2255 2255 2716 2259 2259 2763 2259 2259 2763 2255 2255 2716 2292 2292 2762 2254 2254 2713 2295 2295 2714 2293 2293 2764 2293 2293 2764 2295 2295 2714 2259 2259 2763 2285 2285 2753 2254 2254 2713 2293 2293 2764 2254 2254 2713 2285 2285 2753 2260 2260 2711 2296 2296 2701 2213 2213 2652 2297 2297 2703 2214 2214 2682 2297 2297 2703 2213 2213 2652 2298 2298 2704 2325 2325 2650 2190 2190 2647 2325 2325 2650 2298 2298 2704 2324 2324 2707 2299 2299 2708 2190 2190 2647 2191 2191 2646 2190 2190 2647 2299 2299 2708 2298 2298 2704 2299 2299 2708 2189 2189 2666 2300 2300 2710 2189 2189 2666 2299 2299 2708 2191 2191 2646 2202 2202 2665 2300 2300 2710 2189 2189 2666 2300 2300 2710 2202 2202 2665 2301 2301 2712 2188 2188 2645 2301 2301 2712 2202 2202 2665 2301 2301 2712 2188 2188 2645 2302 2302 2715 2302 2302 2715 2187 2187 2644 2303 2303 2717 2187 2187 2644 2302 2302 2715 2188 2188 2645 2187 2187 2644 2249 2249 2649 2304 2304 2719 2187 2187 2644 2304 2304 2719 2303 2303 2717 2249 2249 2649 2195 2195 2648 2304 2304 2719 2195 2195 2648 2305 2305 2720 2304 2304 2719 2196 2196 2681 2306 2306 2723 2195 2195 2648 2306 2306 2723 2305 2305 2720 2195 2195 2648 2213 2213 2652 2296 2296 2701 2196 2196 2651 2296 2296 2701 2306 2306 2700 2196 2196 2651 2175 2175 2733 2329 2329 2451 2307 2307 2450 2329 2329 2451 2175 2175 2733 2328 2328 2732 2308 2308 2726 2113 2113 2634 2309 2309 2492 2113 2113 2634 2308 2308 2726 2265 2265 2731 2310 2310 2493 2309 2309 2492 2113 2113 2634 2113 2113 2634 2099 2099 2633 2310 2310 2493 2310 2310 2493 2177 2177 2642 2311 2311 2618 2177 2177 2642 2310 2310 2493 2099 2099 2633 2311 2311 2446 2098 2098 2629 2312 2312 2447 2098 2098 2629 2311 2311 2446 2177 2177 2630 2098 2098 2629 2313 2313 2441 2312 2312 2447 2313 2313 2441 2098 2098 2629 2167 2167 2626 2313 2313 2441 2242 2242 2625 2314 2314 2442 2242 2242 2625 2313 2313 2441 2167 2167 2626 2315 2315 2440 2314 2314 2442 2242 2242 2625 2315 2315 2440 2242 2242 2625 2097 2097 2624 2097 2097 2624 2096 2096 2621 2316 2316 2436 2316 2316 2436 2315 2315 2440 2097 2097 2624 2316 2316 2436 2263 2263 2620 2317 2317 2437 2263 2263 2620 2316 2316 2436 2096 2096 2621 2317 2317 2437 2095 2095 2724 2318 2318 2616 2095 2095 2724 2317 2317 2437 2263 2263 2620 2307 2307 2450 2095 2095 2724 2175 2175 2733 2095 2095 2724 2307 2307 2450 2318 2318 2616 2206 2206 2669 2319 2319 2692 2220 2220 2685 2319 2319 2692 2206 2206 2669 2320 2320 2671 2320 2320 2671 2201 2201 2670 2321 2321 2672 2201 2201 2670 2320 2320 2671 2206 2206 2669 2258 2258 2757 2321 2321 2672 2201 2201 2670 2321 2321 2672 2258 2258 2757 2322 2322 2755 2323 2323 2706 2258 2258 2757 2251 2251 2702 2258 2258 2757 2323 2323 2706 2322 2322 2755 2251 2251 2702 2324 2324 2707 2323 2323 2706 2324 2324 2707 2251 2251 2702 2297 2297 2703 2297 2297 2703 2325 2325 2650 2324 2324 2707 2325 2325 2650 2297 2297 2703 2214 2214 2682 2325 2325 2650 2185 2185 2635 2326 2326 2638 2185 2185 2635 2325 2325 2650 2214 2214 2682 2326 2326 2638 2269 2269 2730 2327 2327 2639 2269 2269 2730 2326 2326 2638 2185 2185 2635 2327 2327 2639 2269 2269 2730 2328 2328 2732 2265 2265 2731 2328 2328 2732 2269 2269 2730 2265 2265 2731 2329 2329 2451 2328 2328 2732 2329 2329 2451 2265 2265 2731 2308 2308 2726 2308 2308 2726 2330 2330 2452 2329 2329 2451 2330 2330 2452 2308 2308 2726 2266 2266 2725 2330 2330 2452 2267 2267 2727 2331 2331 2470 2267 2267 2727 2330 2330 2452 2266 2266 2725 2267 2267 2727 2345 2345 2482 2331 2331 2470 2345 2345 2482 2267 2267 2727 2344 2344 2729 2332 2332 2602 2268 2268 2765 2333 2333 2603 2333 2333 2603 2268 2268 2765 2151 2151 2694 2151 2151 2694 2334 2334 2461 2333 2333 2603 2334 2334 2461 2151 2151 2694 2227 2227 2473 2334 2334 2461 2169 2169 2472 2335 2335 2462 2169 2169 2472 2334 2334 2461 2227 2227 2473 2335 2335 2462 2148 2148 2424 2336 2336 2584 2148 2148 2424 2335 2335 2462 2169 2169 2472 2148 2148 2424 2337 2337 2585 2336 2336 2584 2337 2337 2585 2148 2148 2424 2114 2114 2423 2337 2337 2571 2239 2239 2515 2338 2338 2572 2239 2239 2515 2337 2337 2571 2114 2114 2516 2338 2338 2572 2123 2123 2529 2339 2339 2573 2123 2123 2529 2338 2338 2572 2239 2239 2515 2339 2339 2573 2139 2139 2528 2340 2340 2541 2139 2139 2528 2339 2339 2573 2123 2123 2529 2340 2340 2541 2381 2381 2548 2382 2382 2540 2381 2381 2548 2340 2340 2541 2139 2139 2528 2135 2135 2550 2342 2342 2547 2341 2341 2546 2342 2342 2547 2135 2135 2550 2280 2280 2549 2280 2280 2549 2343 2343 2746 2342 2342 2547 2343 2343 2746 2280 2280 2549 2138 2138 2745 2344 2344 2729 2332 2332 2602 2345 2345 2482 2332 2332 2602 2344 2344 2729 2268 2268 2765 2345 2345 2482 2163 2163 2601 2346 2346 2483 2163 2163 2601 2345 2345 2482 2332 2332 2602 2347 2347 2476 2346 2346 2483 2162 2162 2605 2346 2346 2483 2163 2163 2601 2162 2162 2605 2347 2347 2476 2106 2106 2604 2348 2348 2477 2106 2106 2604 2347 2347 2476 2162 2162 2605 2106 2106 2604 2349 2349 2480 2348 2348 2477 2349 2349 2480 2106 2106 2604 2212 2212 2697 2212 2212 2697 2350 2350 2481 2349 2349 2480 2350 2350 2481 2212 2212 2697 2146 2146 2610 2146 2146 2610 2165 2165 2609 2350 2350 2481 2350 2350 2481 2165 2165 2609 2351 2351 2582 2165 2165 2609 2245 2245 2612 2352 2352 2583 2352 2352 2583 2351 2351 2582 2165 2165 2609 2353 2353 2487 2352 2352 2583 2166 2166 2614 2245 2245 2612 2166 2166 2614 2352 2352 2583 2158 2158 2596 2353 2353 2487 2166 2166 2614 2353 2353 2487 2158 2158 2596 2354 2354 2488 2159 2159 2599 2354 2354 2488 2158 2158 2596 2354 2354 2488 2159 2159 2599 2355 2355 2491 2356 2356 2591 2355 2355 2595 2159 2159 2766 2356 2356 2591 2159 2159 2766 2160 2160 2767 2357 2357 2586 2356 2356 2591 2152 2152 2695 2152 2152 2695 2356 2356 2591 2160 2160 2767 2151 2151 2694 2357 2357 2586 2152 2152 2695 2357 2357 2586 2151 2151 2694 2358 2358 2587 2268 2268 2765 2344 2344 2729 2150 2150 2728 2150 2150 2728 2151 2151 2694 2268 2268 2765 2151 2151 2694 2150 2150 2728 2358 2358 2587 2360 2360 2544 2359 2359 2748 2282 2282 2553 2282 2282 2553 2359 2359 2748 2136 2136 2749 2133 2133 2552 2360 2360 2544 2282 2282 2553 2360 2360 2544 2133 2133 2552 2361 2361 2545 2385 2385 2551 2362 2362 2523 2384 2384 2539 2362 2362 2523 2385 2385 2551 2141 2141 2537 2141 2141 2537 2363 2363 2524 2362 2362 2523 2363 2363 2524 2141 2141 2537 2122 2122 2536 2363 2363 2524 2122 2122 2536 2364 2364 2511 2122 2122 2536 2234 2234 2519 2364 2364 2511 2366 2366 2419 2367 2367 2574 2368 2368 2575 2367 2367 2574 2366 2366 2419 2365 2365 2422 2117 2117 2504 2367 2367 2520 2235 2235 2517 2235 2235 2517 2367 2367 2520 2234 2234 2519 2370 2370 2457 2168 2168 2597 2231 2231 2615 2168 2168 2597 2370 2370 2457 2160 2160 2598 2375 2375 2458 2231 2231 2615 2104 2104 2454 2231 2231 2615 2375 2375 2458 2370 2370 2457 2372 2372 2430 2371 2371 2429 2102 2102 2453 2372 2372 2430 2102 2102 2453 2116 2116 2465 2373 2373 2506 2116 2116 2497 2275 2275 2496 2116 2116 2497 2373 2373 2506 2372 2372 2509 2374 2374 2740 2275 2275 2496 2119 2119 2738 2275 2275 2496 2374 2374 2740 2373 2373 2506 2371 2371 2429 2375 2375 2458 2104 2104 2454 2371 2371 2429 2104 2104 2454 2102 2102 2453 2103 2103 2428 2376 2376 2459 2375 2375 2458 2103 2103 2428 2375 2375 2458 2371 2371 2429 2148 2148 2424 2376 2376 2475 2103 2103 2425 2376 2376 2475 2148 2148 2424 2169 2169 2472 2369 2369 2579 2368 2368 2575 2100 2100 2433 2369 2369 2579 2100 2100 2433 2377 2377 2576 2377 2377 2576 2100 2100 2433 2101 2101 2432 2377 2377 2576 2101 2101 2432 2378 2378 2581 2101 2101 2432 2172 2172 2456 2171 2171 2455 2101 2101 2432 2171 2171 2455 2378 2378 2581 2366 2366 2419 2369 2369 2579 2379 2379 2606 2369 2369 2579 2366 2366 2419 2368 2368 2575 2379 2379 2606 2230 2230 2578 2380 2380 2607 2230 2230 2578 2379 2379 2606 2369 2369 2579 2380 2380 2607 2212 2212 2697 2106 2106 2604 2212 2212 2697 2380 2380 2607 2230 2230 2578 2382 2382 2540 2135 2135 2550 2341 2341 2546 2135 2135 2550 2382 2382 2540 2381 2381 2548 2134 2134 2542 2383 2383 2538 2341 2341 2546 2341 2341 2546 2383 2383 2538 2382 2382 2540 2361 2361 2545 2383 2383 2538 2134 2134 2542 2383 2383 2538 2361 2361 2545 2384 2384 2539 2133 2133 2552 2384 2384 2539 2361 2361 2545 2384 2384 2539 2133 2133 2552 2385 2385 2551 2130 2130 2527 2135 2135 2550 2381 2381 2548 2133 2133 2552 2142 2142 2533 2385 2385 2551 2121 2121 2563 2374 2374 2562 2119 2119 2569 2138 2138 2565 2136 2136 2564 2359 2359 2566 2138 2138 2565 2359 2359 2566 2343 2343 2568 2386 2386 2768 629 629 688 628 628 685 2386 2386 2768 628 628 685 2387 2387 2769 2388 2388 2770 2387 2387 2769 626 626 683 626 626 683 2387 2387 2769 628 628 685 627 627 684 2388 2388 2770 626 626 683 2388 2388 2770 627 627 684 2389 2389 2771 2390 2390 2772 2389 2389 2771 620 620 677 620 620 677 2389 2389 2771 627 627 684 617 617 678 2391 2391 2774 620 620 677 2391 2391 2774 2390 2390 2772 620 620 677 2392 2392 2775 617 617 674 616 616 671 617 617 674 2392 2392 2775 2391 2391 2773 636 636 693 2393 2393 2776 616 616 671 2393 2393 2776 2392 2392 2775 616 616 671 2394 2394 2777 636 636 693 623 623 682 636 636 693 2394 2394 2777 2393 2393 2776 2395 2395 2778 623 623 682 622 622 679 623 623 682 2395 2395 2778 2394 2394 2777 633 633 692 2395 2395 2778 622 622 679 2395 2395 2778 633 633 692 2396 2396 2779 2396 2396 2779 633 633 692 632 632 689 632 632 689 2397 2397 2780 2396 2396 2779 2397 2397 2780 632 632 689 629 629 688 629 629 688 2386 2386 2768 2397 2397 2780 1064 1064 1310 2399 2399 2782 2398 2398 2781 2399 2399 2782 1064 1064 1310 1065 1065 1311 1065 1065 1311 2400 2400 2783 2399 2399 2782 2400 2400 2783 1065 1065 1311 1066 1066 1306 1066 1066 1306 2401 2401 2784 2400 2400 2783 2401 2401 2784 1066 1066 1306 1067 1067 1307 1068 1068 1545 2401 2401 2784 1067 1067 1307 2401 2401 2784 1068 1068 1545 2402 2402 2785 1389 1389 1662 2402 2402 2785 1068 1068 1545 2402 2402 2785 1389 1389 1662 2403 2403 2786 2403 2403 2786 1069 1069 1297 2404 2404 2787 1069 1069 1297 2403 2403 2786 1389 1389 1662 2405 2405 2789 2404 2404 2787 1070 1070 1294 1070 1070 1294 2404 2404 2787 1069 1069 1297 2405 2405 2788 1071 1071 1293 2406 2406 2790 1071 1071 1293 2405 2405 2788 1070 1070 1292 2406 2406 2790 1396 1396 1313 2407 2407 2791 1396 1396 1313 2406 2406 2790 1071 1071 1293 1072 1072 1300 2408 2408 2792 1396 1396 1313 2408 2408 2792 2407 2407 2791 1396 1396 1313 1072 1072 1300 1073 1073 1301 2409 2409 2793 2409 2409 2793 2408 2408 2792 1072 1072 1300 2398 2398 2781 1073 1073 1301 1064 1064 1310 1073 1073 1301 2398 2398 2781 2409 2409 2793</p>
        </polylist>
      </mesh>
    </geometry>
  </library_geometries>
  <library_controllers>
    <controller id="Guard02Controller">
      <skin source="#Guard02-lib">
        <bind_shape_matrix>1.000000 -0.000000 -0.000000 0.000000 0.000000 1.000000 -0.000000 0.000000 0.000000 0.000000 1.000000 -0.000000 0.000000 0.000000 0.000000 1.000000
</bind_shape_matrix>
        <source id="Guard02Controller-Joints">
          <Name_array id="Guard02Controller-Joints-array" count="43">
 mixamorig_Hips mixamorig_Spine mixamorig_Spine1 mixamorig_Spine2
mixamorig_Neck mixamorig_Head mixamorig_HeadTop_End mixamorig_Reye mixamorig_Leye
mixamorig_LeftShoulder mixamorig_LeftArm mixamorig_LeftForeArm mixamorig_LeftHand
mixamorig_LeftHandThumb1 mixamorig_LeftHandThumb2 mixamorig_LeftHandThumb3
mixamorig_LeftHandThumb4 mixamorig_LeftHandIndex1 mixamorig_LeftHandIndex2
mixamorig_LeftHandIndex3 mixamorig_LeftHandIndex4 mixamorig_RightShoulder mixamorig_RightArm
mixamorig_RightForeArm mixamorig_RightHand mixamorig_RightHandThumb1 mixamorig_RightHandThumb2
mixamorig_RightHandThumb3 mixamorig_RightHandThumb4 mixamorig_RightHandIndex1
mixamorig_RightHandIndex2 mixamorig_RightHandIndex3 mixamorig_RightHandIndex4 mixamorig_LeftUpLeg
mixamorig_LeftLeg mixamorig_LeftFoot mixamorig_LeftToeBase mixamorig_LeftToe_End
mixamorig_RightUpLeg mixamorig_RightLeg mixamorig_RightFoot mixamorig_RightToeBase
mixamorig_RightToe_End</Name_array>
          <technique_common>
            <accessor source="#Guard02Controller-Joints-array" count="43">
              <param type="name"/>
            </accessor>
          </technique_common>
        </source>
        <source id="Guard02Controller-Matrices">
          <float_array id="Guard02Controller-Matrices-array" count="688">

1.000000 -0.000000 0.000000 0.000004 0.000000 0.999565 0.029503 -99.957372 -0.000000 -0.029503 0.999565 3.904476 0.000000 0.000000 0.000000 1.000000
1.000000 -0.000000 0.000000 -0.000001 -0.000000 0.999989 0.004597 -114.677895 -0.000000 -0.004597 0.999989 1.048515 0.000000 0.000000 0.000000 1.000000
1.000000 -0.000000 0.000000 -0.000001 0.000000 0.999550 0.030003 -124.983508 -0.000000 -0.030003 0.999550 4.225397 0.000000 0.000000 0.000000 1.000000
1.000000 0.000000 0.000000 -0.000001 0.000000 0.999984 -0.005655 -135.137813 -0.000000 0.005655 0.999984 -0.593356 0.000000 0.000000 0.000000 1.000000
1.000000 -0.000000 0.000000 -0.000014 -0.000000 1.000000 -0.000000 -161.800278 -0.000000 -0.000000 1.000000 1.528448 0.000000 0.000000 0.000000 1.000000
1.000000 -0.000000 0.000000 -0.000014 -0.000000 1.000000 -0.000000 -170.100952 -0.000000 -0.000000 1.000000 -1.810750 0.000000 0.000000 0.000000 1.000000
1.000000 -0.000000 0.000000 -0.000014 -0.000000 1.000000 -0.000000 -205.789322 -0.000000 -0.000000 1.000000 -6.322263 0.000000 0.000000 0.000000 1.000000
1.000000 -0.000000 0.000000 5.243893 -0.000000 1.000000 -0.000000 -187.566376 -0.000000 -0.000000 1.000000 -12.607412 0.000000 0.000000 0.000000 1.000000
1.000000 -0.000000 0.000000 -5.362392 -0.000000 1.000000 -0.000000 -187.566376 -0.000000 -0.000000 1.000000 -12.607412 0.000000 0.000000 0.000000 1.000000
-0.006693 0.003477 -0.999972 -2.026235 0.887382 -0.460974 -0.007542 60.376134 -0.460987 -0.887407 0.000000 147.080232 0.000000 0.000000 0.000000 1.000000
0.000001 0.000000 -1.000000 -1.660895 1.000000 0.000001 0.000001 -24.807779 0.000001 -1.000000 0.000000 152.854606 0.000000 0.000000 0.000000 1.000000
0.017449 -0.000122 -0.999848 -2.638894 0.999823 -0.006989 0.017450 -56.027823 -0.006990 -0.999976 0.000000 153.250319 0.000000 0.000000 0.000000 1.000000
0.017446 -0.000122 -0.999848 -2.638820 0.999823 -0.006989 0.017447 -87.862579 -0.006990 -0.999976 0.000000 153.250316 0.000000 0.000000 0.000000 1.000000
0.402849 -0.223716 -0.887504 -0.924378 0.766674 -0.447156 0.460719 -12.502257 -0.499923 -0.866027 -0.008619 178.580500 0.000000 0.000000 0.000000 1.000000
0.402849 -0.223716 -0.887504 -0.924379 0.766674 -0.447156 0.460719 -17.552101 -0.499923 -0.866027 -0.008619 178.580502 0.000000 0.000000 0.000000 1.000000
0.402837 -0.223712 -0.887511 -0.923478 0.766677 -0.447165 0.460706 -23.348175 -0.499930 -0.866024 -0.008619 178.580643 0.000000 0.000000 0.000000 1.000000
0.620680 -0.064967 -0.781369 -49.070854 0.683945 -0.442415 0.580076 -20.870512 -0.383375 -0.894454 -0.230164 172.681934 0.000000 0.000000 0.000000 1.000000
0.017455 -0.000122 -0.999848 -2.639694 0.999848 0.000007 0.017455 -111.681570 0.000005 -1.000000 0.000122 152.631708 0.000000 0.000000 0.000000 1.000000
0.017454 -0.000122 -0.999848 -2.639550 0.999848 -0.000005 0.017454 -116.825923 -0.000007 -1.000000 0.000122 152.633096 0.000000 0.000000 0.000000 1.000000
0.017472 -0.000122 -0.999847 -2.641744 0.999847 -0.000004 0.017472 -121.933474 -0.000006 -1.000000 0.000122 152.632949 0.000000 0.000000 0.000000 1.000000
0.017504 0.007881 -0.999816 -3.867250 0.999847 -0.000003 0.017504 -125.133219 0.000135 -0.999969 -0.007880 152.606767 0.000000 0.000000 0.000000 1.000000
-0.006693 -0.003477 0.999972 2.026237 -0.887381 -0.460974 -0.007542 60.376108 0.460987 -0.887407 -0.000000 147.080211 0.000000 0.000000 0.000000 1.000000
0.000001 -0.000000 1.000000 1.660892 -1.000000 0.000000 0.000001 -24.807703 -0.000000 -1.000000 0.000000 152.854603 0.000000 0.000000 0.000000 1.000000
0.017451 0.000121 0.999848 2.639196 -0.999824 -0.006912 0.017451 -56.039668 0.006913 -0.999976 -0.000000 153.245949 0.000000 0.000000 0.000000 1.000000
0.017450 0.000121 0.999848 2.639167 -0.999824 -0.006912 0.017450 -88.208564 0.006913 -0.999976 -0.000000 153.245949 0.000000 0.000000 0.000000 1.000000
0.402849 0.223715 0.887505 3.412891 -0.766673 -0.447160 0.460718 -11.596566 0.499926 -0.866025 -0.008622 178.657609 0.000000 0.000000 0.000000 1.000000
0.402849 0.223715 0.887505 3.412889 -0.766673 -0.447160 0.460718 -17.367011 0.499926 -0.866025 -0.008622 178.657606 0.000000 0.000000 0.000000 1.000000
0.402849 0.223715 0.887505 3.412899 -0.766673 -0.447160 0.460718 -23.513460 0.499926 -0.866025 -0.008622 178.657610 0.000000 0.000000 0.000000 1.000000
0.622191 0.062518 0.780365 52.024839 -0.683489 -0.442674 0.580415 -20.597773 0.381734 -0.894500 -0.232697 171.986061 0.000000 0.000000 0.000000 1.000000
0.017457 0.000121 0.999848 2.639890 -0.999848 -0.000002 0.017457 -110.368919 0.000004 -1.000000 0.000121 152.632788 0.000000 0.000000 0.000000 1.000000
0.017457 0.000121 0.999848 2.639890 -0.999848 -0.000002 0.017457 -116.110718 0.000004 -1.000000 0.000121 152.632788 0.000000 0.000000 0.000000 1.000000
0.017457 0.000121 0.999848 2.639870 -0.999848 -0.000002 0.017457 -121.142593 0.000004 -1.000000 0.000121 152.632802 0.000000 0.000000 0.000000 1.000000
0.014699 -0.013297 0.999804 4.338842 -0.999892 0.000163 0.014703 -126.579954 -0.000359 -0.999912 -0.013294 152.567462 0.000000 0.000000 0.000000 1.000000
-0.999982 0.001029 0.005915 12.930660 -0.000476 -0.995690 0.092740 92.505529 0.005985 0.092736 0.995673 -8.597301 0.000000 0.000000 0.000000 1.000000
-0.999974 0.000633 -0.007214 12.995654 0.000422 -0.989396 -0.145245 56.999887 -0.007229 -0.145244 0.989369 5.193515 0.000000 0.000000 0.000000 1.000000
-0.997101 -0.076089 -0.000000 14.281252 0.054000 -0.707634 0.704513 13.195914 -0.053606 0.702470 0.709691 -9.352523 0.000000 0.000000 0.000000 1.000000
-0.999963 -0.000000 0.008579 14.188842 0.008575 0.029814 0.999519 -14.218294 -0.000256 0.999555 -0.029813 0.260656 0.000000 0.000000 0.000000 1.000000
-0.999963 -0.000000 0.008579 14.188842 0.008575 0.029814 0.999519 -27.601343 -0.000256 0.999555 -0.029813 0.260655 0.000000 0.000000 0.000000 1.000000
-0.999982 -0.000981 -0.005914 -12.935116 0.000428 -0.995690 0.092739 92.504925 -0.005979 0.092735 0.995673 -8.597098 0.000000 0.000000 0.000000 1.000000
-0.999976 -0.000621 0.006843 -12.996876 -0.000380 -0.989396 -0.145245 57.000416 0.006861 -0.145244 0.989372 5.188803 0.000000 0.000000 0.000000 1.000000
-0.997101 0.076089 0.000000 -14.281253 -0.054000 -0.707634 0.704513 13.195968 0.053606 0.702470 0.709691 -9.352467 0.000000 0.000000 0.000000 1.000000
-0.999963 -0.000000 0.008579 -14.430718 0.008575 0.029814 0.999519 -13.972798 -0.000256 0.999555 -0.029813 0.253337 0.000000 0.000000 0.000000 1.000000
-0.999963 -0.000000 0.008579 -14.430718 0.008575 0.029814 0.999519 -27.355845 -0.000256 0.999555 -0.029813 0.253336 0.000000 0.000000 0.000000 1.000000</float_array>
          <technique_common>
            <accessor source="#Guard02Controller-Matrices-array" count="43" stride="16">
              <param type="float4x4"/>
            </accessor>
          </technique_common>
        </source>
        <source id="Guard02Controller-Weights">
          <float_array id="Guard02Controller-Weights-array" count="4042">

1.000000 1.000000 1.000000 1.000000 1.000000 1.000000 1.000000 1.000000 1.000000 1.000000 1.000000 1.000000 1.000000 1.000000 1.000000 1.000000
1.000000 1.000000 1.000000 1.000000 1.000000 1.000000 1.000000 1.000000 1.000000 1.000000 1.000000 1.000000 1.000000 1.000000 1.000000 1.000000
1.000000 1.000000 1.000000 1.000000 1.000000 1.000000 1.000000 1.000000 1.000000 1.000000 1.000000 1.000000 1.000000 1.000000 1.000000 1.000000
1.000000 1.000000 1.000000 1.000000 1.000000 1.000000 1.000000 1.000000 1.000000 1.000000 1.000000 1.000000 1.000000 1.000000 1.000000 1.000000
1.000000 1.000000 1.000000 1.000000 1.000000 1.000000 1.000000 1.000000 1.000000 1.000000 1.000000 1.000000 1.000000 1.000000 1.000000 1.000000
1.000000 1.000000 1.000000 1.000000 1.000000 1.000000 1.000000 1.000000 1.000000 1.000000 1.000000 1.000000 1.000000 1.000000 1.000000 1.000000
1.000000 1.000000 1.000000 1.000000 1.000000 1.000000 1.000000 1.000000 1.000000 1.000000 1.000000 1.000000 1.000000 1.000000 1.000000 1.000000
1.000000 1.000000 1.000000 1.000000 1.000000 1.000000 1.000000 1.000000 1.000000 1.000000 1.000000 1.000000 1.000000 1.000000 1.000000 1.000000
1.000000 1.000000 1.000000 1.000000 1.000000 1.000000 1.000000 1.000000 1.000000 1.000000 1.000000 1.000000 1.000000 1.000000 1.000000 1.000000
1.000000 1.000000 1.000000 1.000000 1.000000 1.000000 1.000000 1.000000 1.000000 1.000000 1.000000 1.000000 1.000000 1.000000 1.000000 1.000000
1.000000 1.000000 1.000000 1.000000 1.000000 1.000000 1.000000 1.000000 1.000000 1.000000 1.000000 1.000000 1.000000 1.000000 1.000000 1.000000
1.000000 1.000000 1.000000 1.000000 1.000000 1.000000 1.000000 1.000000 1.000000 1.000000 1.000000 1.000000 1.000000 1.000000 1.000000 1.000000
1.000000 1.000000 1.000000 1.000000 1.000000 1.000000 1.000000 1.000000 1.000000 1.000000 1.000000 1.000000 1.000000 1.000000 1.000000 1.000000
1.000000 1.000000 1.000000 1.000000 1.000000 1.000000 1.000000 1.000000 1.000000 1.000000 1.000000 1.000000 1.000000 1.000000 1.000000 1.000000
1.000000 1.000000 1.000000 1.000000 1.000000 1.000000 1.000000 1.000000 1.000000 1.000000 1.000000 1.000000 1.000000 1.000000 1.000000 1.000000
1.000000 1.000000 1.000000 1.000000 1.000000 1.000000 1.000000 1.000000 1.000000 1.000000 1.000000 1.000000 1.000000 1.000000 1.000000 1.000000
1.000000 1.000000 1.000000 1.000000 1.000000 1.000000 1.000000 1.000000 1.000000 1.000000 1.000000 1.000000 1.000000 1.000000 1.000000 1.000000
1.000000 1.000000 1.000000 1.000000 1.000000 1.000000 1.000000 1.000000 1.000000 1.000000 1.000000 1.000000 1.000000 1.000000 1.000000 1.000000
1.000000 1.000000 1.000000 1.000000 1.000000 1.000000 1.000000 1.000000 1.000000 1.000000 1.000000 1.000000 1.000000 1.000000 1.000000 1.000000
1.000000 1.000000 1.000000 1.000000 1.000000 1.000000 1.000000 1.000000 1.000000 1.000000 1.000000 1.000000 1.000000 1.000000 1.000000 1.000000
1.000000 1.000000 1.000000 1.000000 1.000000 1.000000 1.000000 1.000000 1.000000 1.000000 1.000000 1.000000 1.000000 1.000000 1.000000 1.000000
1.000000 1.000000 1.000000 1.000000 1.000000 1.000000 1.000000 1.000000 1.000000 1.000000 1.000000 1.000000 1.000000 1.000000 1.000000 1.000000
1.000000 1.000000 1.000000 1.000000 1.000000 1.000000 1.000000 1.000000 1.000000 1.000000 1.000000 1.000000 1.000000 1.000000 1.000000 1.000000
1.000000 1.000000 1.000000 1.000000 1.000000 1.000000 1.000000 1.000000 1.000000 1.000000 1.000000 1.000000 1.000000 1.000000 1.000000 1.000000
1.000000 1.000000 1.000000 1.000000 1.000000 1.000000 1.000000 1.000000 1.000000 1.000000 1.000000 1.000000 1.000000 1.000000 1.000000 1.000000
1.000000 1.000000 1.000000 1.000000 1.000000 1.000000 1.000000 1.000000 1.000000 1.000000 1.000000 1.000000 1.000000 1.000000 1.000000 1.000000
1.000000 1.000000 1.000000 1.000000 1.000000 1.000000 1.000000 1.000000 1.000000 1.000000 1.000000 1.000000 1.000000 1.000000 1.000000 1.000000
1.000000 1.000000 1.000000 1.000000 1.000000 1.000000 1.000000 1.000000 1.000000 1.000000 1.000000 1.000000 1.000000 1.000000 1.000000 1.000000
1.000000 1.000000 1.000000 1.000000 1.000000 1.000000 1.000000 1.000000 1.000000 1.000000 1.000000 1.000000 1.000000 1.000000 1.000000 1.000000
1.000000 1.000000 1.000000 1.000000 1.000000 1.000000 1.000000 1.000000 1.000000 1.000000 1.000000 1.000000 1.000000 1.000000 1.000000 1.000000
1.000000 1.000000 1.000000 1.000000 1.000000 1.000000 1.000000 1.000000 1.000000 1.000000 1.000000 1.000000 1.000000 1.000000 1.000000 1.000000
1.000000 1.000000 1.000000 1.000000 1.000000 1.000000 1.000000 1.000000 1.000000 1.000000 1.000000 1.000000 1.000000 1.000000 1.000000 1.000000
1.000000 1.000000 1.000000 1.000000 1.000000 1.000000 0.975000 0.025000 0.850000 0.150000 0.850000 0.150000 0.975000 0.025000 0.850000 0.150000
0.850000 0.150000 0.975900 0.024100 0.975000 0.025000 0.850000 0.150000 0.850000 0.150000 0.975000 0.025000 0.975000 0.025000 0.850000 0.150000
0.850000 0.150000 0.975000 0.025000 0.975000 0.025000 0.975000 0.025000 0.975000 0.025000 0.850000 0.150000 0.850000 0.150000 0.850000 0.150000
0.975000 0.025000 0.975000 0.025000 0.975000 0.025000 0.850000 0.150000 0.850000 0.150000 0.975000 0.025000 0.975000 0.025000 0.850000 0.150000
0.975000 0.025000 0.975000 0.025000 0.850000 0.150000 0.975000 0.025000 0.850000 0.150000 0.975000 0.025000 0.900000 0.100000 0.900000 0.100000
0.906300 0.093700 0.912600 0.087400 0.900000 0.100000 0.900000 0.100000 0.929500 0.070500 0.903000 0.097000 0.903400 0.096600 0.929800 0.070200
0.928300 0.071700 0.901800 0.098200 0.975000 0.025000 0.850000 0.150000 0.850000 0.150000 0.975000 0.025000 0.850000 0.150000 0.850000 0.150000
0.850000 0.150000 0.975000 0.025000 0.975000 0.025000 0.850000 0.150000 0.975000 0.025000 0.198100 0.373400 0.428500 0.325000 0.675000 0.461500
0.538500 0.973800 0.026200 0.423800 0.576200 0.223300 0.390400 0.386300 0.283700 0.367800 0.348500 0.357800 0.310400 0.331800 0.185100 0.307000
0.259600 0.248300 0.092300 0.328000 0.319900 0.259800 0.180400 0.432700 0.386900 0.050000 0.344800 0.440500 0.164700 0.150500 0.303100 0.306000
0.240400 0.050000 0.275000 0.575000 0.100000 0.123000 0.324900 0.287700 0.264400 0.107000 0.370900 0.422100 0.100000 0.134100 0.287000 0.258200
0.320700 0.098400 0.561600 0.340000 0.052600 0.269100 0.354900 0.323400 0.249000 0.351000 0.400000 0.249000 0.426400 0.324600 0.650000 0.350000
0.773800 0.226200 0.171900 0.828100 0.141100 0.050000 0.808900 0.037500 0.937100 0.025400 0.022500 0.923500 0.054000 0.036900 0.936900 0.026200
0.038100 0.937400 0.024500 0.080000 0.206400 0.713600 0.052200 0.211600 0.736200 0.047200 0.170000 0.782800 0.038300 0.939100 0.022600 0.052000
0.134000 0.814000 0.038000 0.936500 0.025500 0.131800 0.099200 0.769000 0.152200 0.050000 0.797800 0.022300 0.923300 0.054400 0.022100 0.921000
0.056900 0.020900 0.918700 0.060400 0.106100 0.086100 0.807800 0.750000 0.250000 0.750000 0.250000 0.067300 0.932700 0.112600 0.887400 0.750000
0.250000 0.067100 0.932900 0.750000 0.250000 0.750000 0.250000 0.189100 0.810900 0.193000 0.807000 0.750000 0.250000 0.750000 0.250000 0.750000
0.250000 0.750000 0.250000 0.072000 0.928000 0.075000 0.925000 0.750000 0.250000 0.750000 0.250000 0.135300 0.864700 0.076500 0.923500 0.750000
0.250000 0.133900 0.866100 0.047200 0.143600 0.809200 0.047800 0.131000 0.821200 0.033100 0.932200 0.034700 0.037700 0.935000 0.027300 0.535900
0.464100 0.456200 0.543800 0.670900 0.329100 0.705700 0.294300 0.724300 0.275700 0.654300 0.345700 0.272200 0.727800 0.248200 0.751800 0.757600
0.242400 0.607000 0.393000 0.779900 0.220100 0.577700 0.422300 0.774200 0.225800 0.250000 0.750000 0.263700 0.736300 0.780000 0.220000 0.843000
0.134100 0.022900 0.923800 0.076200 0.664800 0.150300 0.084900 0.100000 0.074000 0.926000 0.137700 0.862300 1.000000 1.000000 1.000000 0.135300
0.864700 0.173500 0.826500 1.000000 0.246898 0.753102 0.250000 0.750000 0.634400 0.365600 0.755900 0.244100 1.000000 0.101800 0.898200 1.000000
1.000000 0.192500 0.807500 0.168000 0.832000 0.425600 0.574400 0.307900 0.692100 1.000000 1.000000 1.000000 1.000000 0.255400 0.744600 0.460600
0.539400 0.497600 0.502400 1.000000 0.398700 0.601300 0.375800 0.624200 0.040300 0.959700 1.000000 1.000000 0.224900 0.775100 0.500000 0.500000
0.058200 0.500000 0.441800 0.311400 0.688600 1.000000 0.035700 0.500000 0.464300 1.000000 0.070400 0.500000 0.429600 0.295000 0.705000 0.780800
0.219200 0.101400 0.441700 0.433900 0.023000 0.973000 0.027000 0.217900 0.782100 0.031200 0.968800 0.055300 0.944700 0.038100 0.961900 0.015100
0.984900 0.045100 0.954900 0.072700 0.927300 0.071000 0.929000 0.049000 0.951000 0.041500 0.958500 0.074700 0.925300 0.065500 0.934500 0.039200
0.960800 0.043300 0.956700 0.060600 0.939400 0.029400 0.970600 0.019600 0.980400 0.037300 0.962700 1.000000 1.000000 0.017400 0.982600 0.071100
0.928900 0.016800 0.983200 0.028800 0.927400 0.043800 0.911600 0.088400 0.914600 0.085400 0.916100 0.083900 0.901500 0.098500 0.914400 0.085600
0.900600 0.099400 0.901100 0.098900 0.902400 0.097600 0.900600 0.099400 0.500000 0.500000 0.487000 0.513000 0.280000 0.500000 0.220000 0.273900
0.500000 0.226100 0.271500 0.728500 0.209700 0.790300 0.500000 0.500000 0.500000 0.500000 0.500000 0.500000 0.500000 0.500000 0.099800 0.500000
0.400200 0.041200 0.500000 0.458800 0.500000 0.500000 0.355000 0.500000 0.145000 0.253500 0.500000 0.246500 0.400000 0.052700 0.447300 0.100000
0.511300 0.003100 0.485600 0.523200 0.009500 0.467300 0.536100 0.463900 0.706400 0.293600 0.653900 0.346100 0.571000 0.429000 0.664400 0.335600
0.069500 0.500000 0.430500 0.402400 0.548800 0.048800 0.388100 0.555900 0.056000 0.919700 0.080300 0.569800 0.430200 0.530000 0.470000 1.000000
0.036600 0.500000 0.463400 0.066000 0.500000 0.434000 1.000000 0.105700 0.894300 0.164800 0.500000 0.335200 0.176200 0.500000 0.323800 0.696500
0.303500 0.068300 0.931700 0.364800 0.635200 0.633000 0.367000 0.905300 0.094700 0.017300 0.982700 1.000000 1.000000 0.916900 0.083100 0.781000
0.219000 0.418800 0.581200 0.080000 0.098600 0.821400 0.118700 0.500000 0.381300 1.000000 1.000000 0.161500 0.500000 0.338500 0.912700 0.087300
0.907900 0.036400 0.022900 0.032800 0.985400 0.014600 0.974700 0.025300 0.966500 0.033500 0.925500 0.074500 0.011000 0.500000 0.489000 1.000000
1.000000 0.039600 0.500000 0.460400 1.000000 1.000000 0.022900 0.977100 0.022400 0.977600 1.000000 0.029500 0.044200 0.926300 1.000000 1.000000
1.000000 0.500000 0.500000 0.500000 0.500000 1.000000 0.043300 0.956700 0.500000 0.500000 1.000000 0.500000 0.500000 1.000000 0.022800 0.977200
0.031100 0.046700 0.922200 1.000000 1.000000 1.000000 1.000000 0.224000 0.321100 0.454900 0.975000 0.025000 0.975000 0.025000 1.000000 1.000000
0.064400 0.935600 0.106700 0.893300 0.975000 0.025000 0.107800 0.443400 0.448800 0.472100 0.527900 0.150000 0.850000 0.250000 0.750000 0.294300
0.353800 0.351900 0.046000 0.954000 0.100000 0.900000 0.268500 0.731500 0.975000 0.025000 0.975000 0.025000 0.975000 0.025000 0.818600 0.181400
0.815300 0.184700 0.975000 0.025000 0.975000 0.025000 1.000000 1.000000 0.120600 0.879400 0.107700 0.892300 0.295100 0.704900 0.294700 0.705300
0.952700 0.047300 0.099600 0.900400 0.293700 0.706300 0.975000 0.025000 0.975000 0.025000 0.090800 0.909200 0.975000 0.025000 0.476300 0.523700
0.112500 0.865600 0.021900 0.404800 0.595200 0.818100 0.181900 1.000000 0.978900 0.021100 1.000000 0.846700 0.153300 0.850000 0.150000 0.850000
0.150000 0.750000 0.250000 0.825400 0.174600 0.850000 0.150000 0.850000 0.150000 0.800000 0.200000 0.753500 0.246500 0.177300 0.168000 0.265200
0.389500 0.039900 0.285200 0.597100 0.077800 0.150000 0.131600 0.285400 0.433000 0.032500 0.279900 0.687600 0.078000 0.146500 0.588800 0.186700
0.095200 0.146700 0.758100 0.096400 0.144400 0.759200 0.039400 0.139300 0.724500 0.096800 0.092600 0.145600 0.761800 0.725000 0.275000 1.000000
1.000000 0.900000 0.100000 1.000000 0.016800 0.797100 0.186100 0.040100 0.959900 0.038600 0.961400 0.040000 0.960000 0.019500 0.684800 0.295700
0.810500 0.189500 0.847100 0.152900 0.850000 0.150000 0.850000 0.150000 0.850000 0.150000 0.848600 0.151400 0.762500 0.237500 0.759600 0.240400
0.750000 0.250000 0.758000 0.242000 0.787800 0.212200 0.975000 0.025000 0.975000 0.025000 0.975000 0.025000 0.975000 0.025000 0.975000 0.025000
0.975000 0.025000 0.975000 0.025000 0.975000 0.025000 0.969200 0.030800 0.975000 0.025000 0.975000 0.025000 0.975000 0.025000 0.947300 0.052700
0.804700 0.195300 0.807500 0.192500 0.975000 0.025000 0.975000 0.025000 0.294900 0.705100 0.922300 0.077700 0.810700 0.189300 0.975000 0.025000
0.975000 0.025000 0.492100 0.311100 0.139700 0.057100 0.559600 0.298600 0.103300 0.038500 0.561300 0.292800 0.104700 0.041200 0.137000 0.716100
0.146900 0.132400 0.744200 0.123400 0.026400 0.832900 0.140700 0.021200 0.790400 0.188400 0.897300 0.102700 0.865100 0.134900 0.722700 0.102300
0.175000 0.673600 0.076400 0.250000 0.635800 0.128100 0.236100 0.500000 0.500000 0.500000 0.500000 0.070500 0.394000 0.435500 0.100000 0.563700
0.386300 0.050000 0.536600 0.413400 0.050000 0.703500 0.046500 0.250000 0.515700 0.434300 0.050000 0.153300 0.510800 0.285900 0.050000 0.076600
0.373100 0.450300 0.100000 0.080000 0.367200 0.452800 0.100000 0.042000 0.299300 0.558700 0.100000 0.126700 0.100700 0.772600 0.082400 0.106100
0.811500 0.102900 0.080600 0.816500 0.129700 0.096400 0.773900 0.081000 0.184600 0.734400 0.050000 0.191500 0.758500 0.050000 0.191500 0.758500
0.050000 0.050000 0.900000 0.057500 0.150000 0.792500 0.158400 0.113400 0.728200 0.646800 0.353200 0.627200 0.372800 0.678500 0.321500 0.700800
0.299200 0.701100 0.298900 0.699400 0.300600 0.500000 0.500000 0.669400 0.330600 0.667900 0.332100 0.641500 0.358500 0.500000 0.500000 0.500000
0.500000 0.500000 0.500000 0.250000 0.750000 0.250000 0.750000 0.250000 0.750000 0.250000 0.750000 0.250000 0.750000 0.500000 0.500000 1.000000
0.900000 0.100000 0.400000 0.500000 0.100000 1.000000 0.500000 0.500000 1.000000 0.500000 0.500000 1.000000 1.000000 1.000000 1.000000 1.000000
0.400000 0.250000 0.250000 0.100000 1.000000 1.000000 1.000000 1.000000 0.500000 0.500000 0.250000 0.750000 0.550000 0.450000 1.000000 0.500000
0.500000 1.000000 0.035600 0.964400 1.000000 0.500000 0.500000 0.500000 0.500000 0.198000 0.378800 0.423200 0.171400 0.317900 0.510700 0.296200
0.703800 0.115900 0.884100 0.150000 0.850000 0.052800 0.947200 1.000000 1.000000 0.475300 0.524700 0.048800 0.951200 1.000000 0.951700 0.048300
1.000000 1.000000 1.000000 0.113800 0.886200 1.000000 1.000000 0.977000 0.023000 0.977000 0.023000 0.977000 0.023000 0.975000 0.025000 0.975000
0.025000 0.975000 0.025000 0.481400 0.518600 0.091300 0.908700 0.982400 0.017600 0.500300 0.499700 0.147400 0.852600 0.114000 0.886000 0.404700
0.595300 1.000000 1.000000 1.000000 1.000000 0.975000 0.025000 0.975000 0.025000 0.112100 0.887900 1.000000 1.000000 1.000000 0.975000 0.025000
0.084600 0.266700 0.648700 0.090500 0.909500 0.293400 0.256700 0.449900 0.297000 0.703000 0.735600 0.264400 0.918700 0.022700 0.058600 0.350000
0.325000 0.325000 0.059300 0.940700 0.067500 0.932500 0.078400 0.921600 0.056700 0.943300 0.039800 0.960200 0.032300 0.967700 0.032200 0.967800
0.043200 0.956800 0.094400 0.905600 0.070000 0.930000 0.058700 0.941300 0.056500 0.943500 0.055800 0.944200 0.073900 0.926100 0.085600 0.914400
0.098100 0.901900 0.150000 0.850000 0.144300 0.855700 0.050000 0.924200 0.025800 0.050000 0.950000 0.050000 0.950000 0.050000 0.950000 0.050000
0.950000 0.050000 0.928900 0.021100 0.050000 0.915200 0.034800 0.050000 0.920700 0.029300 0.050000 0.914400 0.035600 0.050000 0.905500 0.044500
0.875000 0.125000 0.875000 0.125000 0.875000 0.125000 0.875000 0.125000 0.875000 0.125000 0.500000 0.500000 0.500000 0.500000 0.500000 0.500000
0.500000 0.500000 0.500000 0.500000 0.500000 0.500000 0.500000 0.500000 0.500000 0.500000 0.500000 0.500000 0.500000 0.500000 0.500000 0.500000
0.500000 0.500000 0.500000 0.500000 0.500000 0.500000 0.500000 0.500000 0.500000 0.500000 0.500000 0.500000 1.000000 1.000000 1.000000 0.900000
0.100000 0.500000 0.500000 0.200800 0.320100 0.479100 0.215400 0.236100 0.548500 0.214300 0.302600 0.483100 0.206700 0.321200 0.472100 0.175400
0.249600 0.250000 0.325000 0.150300 0.339900 0.250000 0.259800 0.174900 0.335000 0.250000 0.240100 0.192000 0.308000 0.250000 0.250000 0.071100
0.322700 0.269200 0.337000 0.043700 0.956300 0.034600 0.965400 0.024500 0.975500 1.000000 1.000000 1.000000 0.536600 0.413400 0.050000 0.536600
0.413400 0.050000 0.300500 0.228500 0.321000 0.150000 0.349600 0.272200 0.228200 0.150000 0.336000 0.302100 0.211900 0.150000 0.334100 0.305700
0.210200 0.150000 0.333900 0.302000 0.214100 0.150000 0.344800 0.260800 0.244400 0.150000 0.219800 0.269900 0.360300 0.150000 0.146000 0.345000
0.359000 0.150000 0.150500 0.383400 0.316100 0.150000 0.500000 0.500000 0.500000 0.500000 0.747500 0.252500 0.805500 0.194500 0.109100 0.708300
0.182600 0.402800 0.522300 0.074900 0.839400 0.160600 0.750000 0.250000 0.041900 0.282300 0.675800 0.139400 0.860600 0.025600 0.955300 0.019100
0.984800 0.015200 0.195600 0.804400 0.190000 0.810000 0.184500 0.815500 0.109600 0.137800 0.752600 0.402400 0.074500 0.523100 0.840500 0.159500
0.975000 0.025000 0.750000 0.250000 0.750000 0.250000 0.512300 0.310800 0.129200 0.047700 0.135300 0.375700 0.339000 0.150000 0.037300 0.278700
0.684000 0.138500 0.861500 0.026400 0.973600 1.000000 0.821000 0.179000 0.783400 0.216600 0.182700 0.343000 0.474300 0.178100 0.322600 0.499300
0.759200 0.240800 0.325000 0.419600 0.255400 0.233200 0.416900 0.349900 0.233000 0.369800 0.397200 0.242200 0.354500 0.403300 0.251800 0.359100
0.389100 0.235600 0.375800 0.388600 0.233200 0.395500 0.371300 0.225000 0.432500 0.342500 0.251500 0.301100 0.322400 0.125000 0.201100 0.255900
0.393000 0.150000 0.176400 0.302500 0.371100 0.150000 0.134300 0.292100 0.423600 0.150000 0.175200 0.353700 0.321100 0.150000 0.082100 0.126900
0.730500 0.060500 0.023700 0.852000 0.124300 0.887200 0.112800 0.500000 0.500000 1.000000 0.074500 0.140600 0.745200 0.039700 0.031500 0.896800
0.071700 0.891300 0.108700 0.500000 0.500000 1.000000 1.000000 0.500000 0.500000 0.500000 0.500000 0.500000 0.500000 1.000000 1.000000 0.500000
0.500000 0.500000 0.500000 0.045100 0.954900 0.043000 0.957000 0.046600 0.467300 0.486100 0.043400 0.956600 0.047000 0.953000 0.050300 0.949700
0.052800 0.018400 0.928800 0.047900 0.952100 0.049500 0.950500 0.053600 0.946400 0.049900 0.950100 0.504600 0.286200 0.173100 0.036100 0.551000
0.303400 0.120600 0.025000 0.571400 0.271000 0.157600 0.640700 0.249700 0.109600 0.650400 0.238500 0.111100 0.638900 0.250800 0.110300 0.657300
0.235400 0.107300 0.553800 0.251500 0.194700 0.531200 0.301300 0.145400 0.022100 0.516600 0.293400 0.165000 0.025000 0.512300 0.285700 0.165100
0.036900 0.653100 0.346900 0.167500 0.158200 0.273200 0.401100 0.162300 0.211000 0.239400 0.387300 0.164700 0.215600 0.229000 0.390700 0.163500
0.211900 0.238800 0.385800 0.669200 0.235800 0.095000 0.500000 0.500000 0.500000 0.500000 0.145500 0.284400 0.420100 0.150000 0.200000 0.429700
0.370300 0.500000 0.500000 0.036300 0.323200 0.204200 0.436300 0.087600 0.530600 0.331800 0.050000 0.660600 0.317500 0.021900 0.592300 0.300000
0.107700 0.800000 0.200000 0.741500 0.200000 0.058500 0.800000 0.200000 0.800000 0.200000 0.800000 0.200000 0.740700 0.200000 0.059300 0.650000
0.200000 0.150000 0.594200 0.317000 0.088800 0.686200 0.313800 0.610500 0.389500 0.579100 0.420900 0.074200 0.111300 0.814500 0.074900 0.112400
0.812700 0.181800 0.818200 1.000000 0.181800 0.818200 1.000000 1.000000 1.000000 1.000000 1.000000 1.000000 0.140500 0.859500 0.181800 0.818200
1.000000 1.000000 1.000000 1.000000 1.000000 1.000000 1.000000 1.000000 1.000000 1.000000 1.000000 1.000000 1.000000 1.000000 1.000000 1.000000
1.000000 1.000000 0.034000 0.051000 0.915000 0.034600 0.052000 0.913400 0.037900 0.056800 0.905300 0.944300 0.055700 0.825500 0.174500 0.826300
0.173700 0.826500 0.173500 0.842600 0.157400 0.975000 0.025000 0.975000 0.025000 0.975000 0.025000 0.975000 0.025000 0.601700 0.398300 0.606000
0.394000 0.662400 0.124700 0.212900 0.669300 0.330700 0.530700 0.469300 0.699100 0.300900 0.673000 0.327000 0.664900 0.335100 0.673700 0.326300
0.673700 0.326300 0.700000 0.150400 0.149600 0.697300 0.302700 0.697300 0.302700 0.219900 0.780100 0.230200 0.769800 1.000000 1.000000 0.806700
0.193300 0.802100 0.197900 0.164300 0.117200 0.310400 0.408100 0.337600 0.245900 0.266500 0.150000 0.583000 0.253300 0.163700 0.157300 0.667700
0.175000 1.000000 0.112800 0.887200 0.823600 0.176400 0.975000 0.025000 0.960500 0.039500 0.791200 0.208800 0.757700 0.242300 0.526500 0.290100
0.138700 0.044700 0.176200 0.324800 0.349000 0.150000 0.224100 0.398500 0.346500 0.030900 0.048900 0.331000 0.570100 0.050000 0.110200 0.693900
0.195900 0.725000 0.275000 0.717300 0.282700 0.667300 0.332700 0.667300 0.332700 0.750000 0.250000 0.016200 0.683800 0.300000 0.760200 0.239800
0.772000 0.228000 1.000000 0.128000 0.872000 0.820900 0.179100 0.975000 0.025000 0.967900 0.032100 0.757700 0.242300 0.750000 0.250000 0.175000
0.413400 0.411600 0.147600 0.242000 0.460400 0.150000 0.513900 0.289700 0.171400 0.025000 0.750000 0.250000 0.767900 0.232100 0.750000 0.250000
1.000000 1.000000 0.180900 0.819100 0.819300 0.180700 1.000000 1.000000 1.000000 1.000000 1.000000 0.181800 0.818200 0.114500 0.885500 0.170500
0.314500 0.515000 0.500000 0.500000 0.556800 0.443200 0.750000 0.250000 1.000000 0.023100 0.976900 0.134300 0.865700 0.054400 0.272300 0.673300
0.242800 0.364800 0.392400 0.147800 0.376300 0.325900 0.150000 0.533100 0.302200 0.121300 0.043400 0.750000 0.250000 0.753100 0.246900 0.975000
0.025000 0.975000 0.025000 0.839400 0.081800 0.078800 0.403500 0.301100 0.295400 0.108400 0.451200 0.440400 0.500300 0.499700 0.500000 0.500000
0.500000 0.500000 0.500000 0.500000 0.444700 0.555300 0.505100 0.494900 0.519800 0.480200 0.431600 0.568400 0.250000 0.750000 0.500000 0.500000
0.875000 0.125000 1.000000 0.036100 0.963900 0.060600 0.939400 0.643600 0.356400 0.050000 0.931400 0.018600 0.033900 0.966100 0.875000 0.125000
0.500000 0.500000 0.250000 0.750000 0.150000 0.850000 0.077800 0.922200 0.044100 0.955900 0.875000 0.125000 0.500000 0.500000 0.250000 0.750000
0.500000 0.500000 0.875000 0.125000 0.041500 0.958500 0.071000 0.929000 0.500000 0.500000 1.000000 0.875000 0.125000 0.500000 0.500000 0.250000
0.750000 0.875000 0.125000 0.500000 0.500000 0.250000 0.750000 0.500000 0.500000 0.500000 0.500000 1.000000 0.031500 0.968500 0.242300 0.289700
0.468000 0.017700 0.517700 0.414600 0.050000 0.219900 0.317100 0.463000 0.071400 0.090500 0.838100 0.043900 0.115900 0.840200 0.050000 0.950000
0.697400 0.302600 0.500000 0.500000 0.500000 0.500000 1.000000 1.000000 0.500000 0.500000 0.500000 0.500000 1.000000 1.000000 0.900000 0.100000
0.500000 0.500000 1.000000 1.000000 1.000000 1.000000 1.000000 0.900000 0.100000 0.900000 0.100000 0.960300 0.039700 0.960600 0.039400 0.968100
0.031900 1.000000 1.000000 1.000000 1.000000 1.000000 1.000000 1.000000 1.000000 0.971100 0.028900 0.093900 0.906100 0.610600 0.389400 1.000000
1.000000 1.000000 1.000000 1.000000 0.900000 0.100000 0.900000 0.100000 0.900000 0.100000 0.900000 0.100000 0.900000 0.100000 0.500000 0.500000
1.000000 1.000000 0.500000 0.500000 1.000000 1.000000 0.500000 0.500000 0.500000 0.500000 1.000000 1.000000 0.500000 0.500000 0.500000 0.500000
0.500000 0.500000 0.221900 0.355300 0.422800 1.000000 1.000000 1.000000 1.000000 1.000000 1.000000 1.000000 0.975400 0.024600 1.000000 1.000000
1.000000 1.000000 0.750000 0.250000 0.750000 0.250000 0.750000 0.250000 0.750000 0.250000 0.750000 0.250000 0.500000 0.500000 0.500000 0.500000
0.500000 0.500000 0.500000 0.500000 0.500000 0.500000 0.500000 0.500000 0.500000 0.500000 0.500000 0.500000 0.500000 0.500000 0.500000 0.500000
0.500000 0.500000 0.500000 0.500000 0.500000 0.500000 0.500000 0.500000 0.500000 0.500000 0.500000 0.500000 0.500000 0.500000 0.500000 0.500000
0.500000 0.500000 0.500000 0.500000 0.500000 0.500000 0.500000 0.500000 0.500000 0.500000 0.500000 0.500000 0.900000 0.100000 0.900000 0.100000
0.900000 0.100000 0.900000 0.100000 0.900000 0.100000 0.900000 0.100000 0.900000 0.100000 0.900000 0.100000 0.779700 0.120300 0.100000 0.784900
0.115100 0.100000 0.500000 0.500000 0.500000 0.500000 0.500000 0.500000 0.500000 0.500000 0.500000 0.500000 0.500000 0.500000 0.500000 0.500000
0.500000 0.500000 0.500000 0.500000 0.500000 0.500000 0.500000 0.500000 0.500000 0.500000 0.482200 0.517800 0.496700 0.503300 0.194500 0.652800
0.152700 0.038400 0.730800 0.230800 0.404500 0.595500 0.485100 0.514900 0.500000 0.500000 0.004300 0.500000 0.495700 0.500000 0.500000 0.463100
0.536900 0.500000 0.500000 0.438500 0.561500 0.018400 0.500000 0.481600 0.227100 0.500000 0.272900 0.217900 0.500000 0.282100 0.114800 0.500000
0.385200 0.005000 0.500000 0.495000 0.478200 0.521800 0.436400 0.563600 0.393700 0.606300 0.402000 0.598000 0.056500 0.500000 0.443500 0.044500
0.500000 0.455500 0.035800 0.500000 0.464200 0.053400 0.500000 0.446600 0.113800 0.500000 0.386200 0.418400 0.500000 0.081600 0.326200 0.500000
0.173800 0.255400 0.500000 0.244600 0.168100 0.500000 0.331900 0.101600 0.500000 0.398400 0.500000 0.500000 0.500000 0.500000 0.500000 0.500000
0.500000 0.500000 0.541800 0.458200 0.543000 0.457000 0.633500 0.366500 0.649500 0.350500 0.645700 0.354300 0.584800 0.415200 0.517200 0.069000
0.334700 0.079100 0.564300 0.175000 0.160700 0.100000 0.904200 0.095800 0.900000 0.100000 0.900000 0.100000 0.907700 0.092300 0.943400 0.056600
0.953900 0.046100 0.965300 0.034700 0.946900 0.053100 1.000000 1.000000 1.000000 1.000000 1.000000 1.000000 1.000000 1.000000 1.000000 1.000000
1.000000 1.000000 1.000000 1.000000 1.000000 1.000000 1.000000 1.000000 1.000000 1.000000 1.000000 1.000000 1.000000 1.000000 1.000000 1.000000
1.000000 1.000000 1.000000 1.000000 1.000000 1.000000 1.000000 1.000000 1.000000 1.000000 1.000000 1.000000 1.000000 1.000000 1.000000 1.000000
1.000000 1.000000 1.000000 1.000000 1.000000 1.000000 1.000000 1.000000 1.000000 1.000000 1.000000 1.000000 1.000000 1.000000 1.000000 1.000000
1.000000 1.000000 1.000000 1.000000 1.000000 1.000000 1.000000 1.000000 1.000000 1.000000 1.000000 1.000000 1.000000 1.000000 1.000000 1.000000
1.000000 1.000000 1.000000 1.000000 1.000000 1.000000 1.000000 1.000000 1.000000 1.000000 1.000000 1.000000 1.000000 1.000000 1.000000 1.000000
1.000000 1.000000 1.000000 1.000000 1.000000 1.000000 1.000000 1.000000 1.000000 1.000000 1.000000 1.000000 1.000000 1.000000 1.000000 1.000000
1.000000 1.000000 1.000000 1.000000 1.000000 1.000000 1.000000 1.000000 1.000000 1.000000 1.000000 1.000000 1.000000 1.000000 1.000000 1.000000
1.000000 1.000000 1.000000 1.000000 1.000000 1.000000 1.000000 1.000000 1.000000 1.000000 1.000000 1.000000 1.000000 1.000000 1.000000 1.000000
1.000000 1.000000 1.000000 1.000000 1.000000 1.000000 1.000000 1.000000 1.000000 1.000000 1.000000 1.000000 1.000000 1.000000 1.000000 1.000000
1.000000 1.000000 1.000000 1.000000 1.000000 1.000000 1.000000 1.000000 1.000000 1.000000 1.000000 1.000000 1.000000 1.000000 1.000000 1.000000
1.000000 1.000000 1.000000 1.000000 1.000000 1.000000 1.000000 1.000000 1.000000 1.000000 1.000000 1.000000 1.000000 1.000000 1.000000 1.000000
1.000000 1.000000 1.000000 1.000000 1.000000 1.000000 1.000000 1.000000 1.000000 1.000000 1.000000 1.000000 0.065500 0.934500 0.042400 0.957600
0.041700 0.958300 0.033800 0.966200 1.000000 0.255300 0.744700 0.270600 0.729400 0.256800 0.743200 0.247000 0.753000 0.247300 0.752700 0.500000
0.500000 0.499800 0.500200 0.467600 0.532400 0.481700 0.518300 0.918600 0.081400 1.000000 1.000000 1.000000 1.000000 1.000000 1.000000 1.000000
1.000000 0.248600 0.751400 0.131300 0.851000 0.017700 1.000000 1.000000 0.018900 0.981100 1.000000 1.000000 1.000000 1.000000 0.400300 0.599700
0.408200 0.591800 0.392000 0.608000 0.386400 0.613600 0.384800 0.615200 0.359300 0.640700 1.000000 1.000000 0.088400 0.911600 0.094300 0.905700
0.092400 0.907600 1.000000 1.000000 1.000000 1.000000 1.000000 1.000000 0.086000 0.914000 0.094500 0.905500 0.100800 0.899200 0.089900 0.910100
0.425500 0.574500 0.132200 0.766100 0.101700 0.415900 0.584100 1.000000 0.032600 0.967400 0.485400 0.514600 1.000000 1.000000 1.000000 1.000000
0.018100 0.981900 0.017100 0.982900 1.000000 1.000000 1.000000 1.000000 1.000000 1.000000 1.000000 1.000000 1.000000 1.000000 1.000000 1.000000
0.249100 0.750900 1.000000 0.923000 0.077000 0.954300 0.045700 0.915600 0.084400 0.479800 0.520200 1.000000 0.057100 0.942900 0.253100 0.746900
0.044900 0.955100 0.247900 0.752100 0.550500 0.449500 0.550000 0.450000 0.550000 0.450000 0.548100 0.451900 0.543500 0.456500 0.529800 0.470200
0.528600 0.471400 0.541800 0.458200 0.550000 0.450000 0.950200 0.049800 0.947100 0.052900 0.950200 0.049800 0.950100 0.049900 0.949700 0.050300
0.875000 0.125000 0.874900 0.125100 0.874900 0.125100 0.950400 0.049600 0.950300 0.049700 0.875600 0.124400 0.500000 0.500000 0.500000 0.500000
0.500100 0.499900 0.500000 0.500000 0.949100 0.050900 0.875700 0.124300 0.875300 0.124700 0.875000 0.125000 0.874600 0.125400 0.875100 0.124900
0.500400 0.499600 0.501100 0.498900 0.550000 0.450000 1.000000 1.000000 0.950200 0.049800 0.950100 0.049900 0.500800 0.499200 0.501500 0.498500
0.500800 0.499200 1.000000 1.000000 1.000000 1.000000 1.000000 1.000000 1.000000 1.000000 1.000000 1.000000 1.000000 1.000000 1.000000 1.000000
1.000000 1.000000 0.835200 0.164800 0.896500 0.103500 0.965000 0.035000 0.965700 0.034300 0.902000 0.098000 0.762600 0.237400 0.752400 0.247600
0.550000 0.450000 0.252800 0.747200 0.020100 0.979900 1.000000 1.000000 1.000000 0.875000 0.125000 0.500500 0.499500 0.950300 0.049700 0.025000
0.975000 0.025300 0.974700 0.175300 0.824700 0.175900 0.824100 0.175700 0.824300 0.175700 0.824300 0.175400 0.824600 0.175700 0.824300 0.175500
0.824500 0.175200 0.824800 0.175500 0.824500 0.501400 0.498600 0.875500 0.124500 0.269000 0.731000 1.000000 0.249800 0.750200 1.000000 1.000000
1.000000 0.482500 0.517500 0.500100 0.499900 0.960400 0.039600 1.000000 1.000000 1.000000 1.000000 1.000000 0.960200 0.039800 0.385900 0.614100
0.090000 0.910000 1.000000 1.000000 1.000000 0.086200 0.913800 0.384900 0.615100 0.174900 0.825100 0.175900 0.824100 0.025200 0.974800 0.025200
0.974800 0.025300 0.974700 0.025100 0.974900 0.025100 0.974900 0.025200 0.974800 0.025300 0.974700 0.025200 0.974800 0.025300 0.974700 1.000000
1.000000 1.000000 1.000000 1.000000 1.000000 1.000000 1.000000 1.000000 1.000000 1.000000 0.100600 0.899400 0.101100 0.898900 0.099000 0.901000
0.099400 0.900600 0.099800 0.900200 0.098900 0.901100 0.099700 0.900300 0.100200 0.899800 0.101500 0.898500 0.101000 0.899000 0.102000 0.898000
0.099500 0.900500 1.000000 0.874600 0.125400 0.500000 0.500000 0.175700 0.824300 0.025300 0.974700 1.000000 0.950100 0.049900 0.549500 0.450500
0.500000 0.500000 0.253000 0.747000 0.100000 0.900000 1.000000 1.000000 1.000000 1.000000 1.000000 0.954200 0.045800 0.442100 0.557900 0.137600
0.798100 0.064300 0.758000 0.242000 0.411500 0.588500 0.092900 0.907100 1.000000 1.000000 1.000000 1.000000 1.000000 1.000000 1.000000 1.000000
1.000000 1.000000 1.000000 1.000000 1.000000 1.000000 1.000000 1.000000 1.000000 1.000000 1.000000 1.000000 1.000000 0.099900 0.900100 0.416500
0.583500 0.762400 0.237600 0.140400 0.781800 0.077800 0.413100 0.586900 0.137600 0.829400 0.033000 0.494200 0.505800 0.924800 0.075200 1.000000
0.481600 0.518400 1.000000 1.000000 1.000000 0.932700 0.067300 0.950900 0.049100 0.951400 0.048600 0.912000 0.088000 0.956100 0.043900 1.000000
0.045700 0.954300 0.045900 0.954100 0.048300 0.951700 0.046000 0.954000 0.049600 0.950400 1.000000 1.000000 0.065900 0.934100 0.042400 0.957600
0.041700 0.958300 0.033800 0.966200 1.000000 0.250000 0.750000 0.250000 0.750000 0.250000 0.750000 0.250000 0.750000 0.250000 0.750000 0.500000
0.500000 0.500000 0.500000 0.467500 0.532500 0.481200 0.518800 0.918400 0.081600 1.000000 1.000000 1.000000 1.000000 1.000000 1.000000 1.000000
1.000000 0.250000 0.750000 0.132200 0.850700 0.017100 1.000000 1.000000 0.018400 0.981600 1.000000 1.000000 1.000000 1.000000 0.400000 0.600000
0.408000 0.592000 0.391400 0.608600 0.386000 0.614000 0.384800 0.615200 0.358900 0.641100 1.000000 1.000000 0.086500 0.913500 0.092900 0.907100
0.092500 0.907500 1.000000 1.000000 1.000000 1.000000 1.000000 1.000000 0.085600 0.914400 0.094600 0.905400 0.101000 0.899000 0.090000 0.910000
0.425400 0.574600 0.132800 0.765400 0.101800 0.416600 0.583400 1.000000 0.033900 0.966100 0.484500 0.515500 1.000000 1.000000 1.000000 1.000000
0.018300 0.981700 0.017100 0.982900 1.000000 1.000000 1.000000 1.000000 1.000000 1.000000 1.000000 1.000000 1.000000 1.000000 1.000000 1.000000
0.250000 0.750000 1.000000 0.922600 0.077400 0.954400 0.045600 0.915900 0.084100 0.480100 0.519900 1.000000 0.058000 0.942000 0.250000 0.750000
0.044900 0.955100 0.250000 0.750000 0.550000 0.450000 0.550000 0.450000 0.550000 0.450000 0.550000 0.450000 0.550000 0.450000 0.550000 0.450000
0.550000 0.450000 0.550000 0.450000 0.550000 0.450000 0.950000 0.050000 0.950000 0.050000 0.950000 0.050000 0.950000 0.050000 0.950000 0.050000
0.875000 0.125000 0.875000 0.125000 0.875000 0.125000 0.950000 0.050000 0.950000 0.050000 0.875000 0.125000 0.500000 0.500000 0.500000 0.500000
0.500000 0.500000 0.500000 0.500000 0.950000 0.050000 0.875000 0.125000 0.875000 0.125000 0.875000 0.125000 0.875000 0.125000 0.875000 0.125000
0.500000 0.500000 0.500000 0.500000 0.550000 0.450000 1.000000 1.000000 0.950000 0.050000 0.950000 0.050000 0.500000 0.500000 0.500000 0.500000
0.500000 0.500000 1.000000 1.000000 1.000000 1.000000 1.000000 1.000000 1.000000 1.000000 1.000000 1.000000 1.000000 1.000000 1.000000 1.000000
1.000000 1.000000 0.836000 0.164000 0.897100 0.102900 0.965000 0.035000 0.965700 0.034300 0.901700 0.098300 0.763700 0.236300 0.753400 0.246600
0.550000 0.450000 0.250000 0.750000 0.019700 0.980300 1.000000 1.000000 1.000000 0.875000 0.125000 0.500000 0.500000 0.950000 0.050000 0.025000
0.975000 0.025000 0.975000 0.025000 0.975000 0.025000 0.975000 0.025000 0.975000 0.025000 0.975000 0.025000 0.975000 0.025000 0.975000 0.175000
0.825000 0.175000 0.825000 0.025000 0.975000 0.500000 0.500000 0.875000 0.125000 0.250000 0.750000 1.000000 0.250000 0.750000 1.000000 1.000000
1.000000 0.500000 0.500000 0.500000 0.500000 0.960500 0.039500 1.000000 1.000000 1.000000 1.000000 1.000000 0.960200 0.039800 0.385400 0.614600
0.088600 0.911400 1.000000 1.000000 1.000000 0.087000 0.913000 0.386100 0.613900 0.175000 0.825000 0.175000 0.825000 0.175000 0.825000 0.175000
0.825000 0.175000 0.825000 0.175000 0.825000 0.175000 0.825000 0.175000 0.825000 0.175000 0.825000 0.025000 0.975000 0.025000 0.975000 1.000000
1.000000 1.000000 1.000000 1.000000 1.000000 1.000000 1.000000 1.000000 1.000000 1.000000 0.100000 0.900000 0.100000 0.900000 0.100000 0.900000
0.100000 0.900000 0.100000 0.900000 0.100000 0.900000 0.100000 0.900000 0.100000 0.900000 0.100000 0.900000 0.100000 0.900000 0.100000 0.900000
0.100000 0.900000 1.000000 0.875000 0.125000 0.500000 0.500000 0.175000 0.825000 0.025000 0.975000 1.000000 0.950000 0.050000 0.550000 0.450000
0.500000 0.500000 0.250000 0.750000 0.100000 0.900000 1.000000 1.000000 1.000000 1.000000 1.000000 0.954800 0.045200 0.440300 0.559700 0.138900
0.797400 0.063700 0.758900 0.241100 0.412000 0.588000 0.093200 0.906800 1.000000 1.000000 1.000000 1.000000 1.000000 1.000000 1.000000 1.000000
1.000000 1.000000 1.000000 1.000000 1.000000 1.000000 1.000000 1.000000 1.000000 1.000000 1.000000 1.000000 1.000000 0.100000 0.900000 0.416100
0.583900 0.762600 0.237400 0.140600 0.782300 0.077100 0.412800 0.587200 0.137600 0.829900 0.032500 0.495000 0.505000 0.925000 0.075000 1.000000
0.481200 0.518800 1.000000 1.000000 1.000000 0.932600 0.067400 0.950800 0.049200 0.952000 0.048000 0.912200 0.087800 0.956100 0.043900 1.000000
0.045200 0.954800 0.046000 0.954000 0.048400 0.951600 0.045800 0.954200 0.049300 0.950700 0.375000 0.625000 0.375000 0.625000 0.375000 0.625000
0.375000 0.625000 0.375000 0.625000 0.375000 0.625000 0.375000 0.625000 0.375000 0.625000 0.375000 0.625000 0.375000 0.625000 0.375000 0.625000
0.375000 0.625000 0.409000 0.591000 0.361200 0.638800 0.366400 0.633600 0.390700 0.609300 0.379800 0.620200 0.260300 0.739700 0.252800 0.747200
0.262200 0.737800 0.263000 0.737000 0.336700 0.663300 0.406100 0.593900 0.396000 0.604000</float_array>
          <technique_common>
            <accessor source="#Guard02Controller-Weights-array" count="4042">
              <param type="float"/>
            </accessor>
          </technique_common>
        </source>
        <joints>
          <input semantic="JOINT" source="#Guard02Controller-Joints"/>
          <input semantic="INV_BIND_MATRIX" source="#Guard02Controller-Matrices"/>
        </joints>
        <vertex_weights count="2410">
          <input semantic="JOINT" offset="0" source="#Guard02Controller-Joints"/>
          <input semantic="WEIGHT" offset="1" source="#Guard02Controller-Weights"/>
          <vcount>1 1 1 1 1 1 1 1 1 1 1 1 1 1 1 1 1 1 1 1 1 1 1 1 1 1 1 1 1 1 1 1 1 1 1 1 1 1 1 1 1 1 1 1 1 1 1 1 1 1 1 1 1 1 1 1 1 1 1 1 1 1 1 1 1 1 1 1 1 1 1 1 1 1 1 1 1 1 1 1 1 1 1 1 1 1 1 1 1 1 1 1 1 1 1 1 1 1 1 1 1 1 1 1 1 1 1 1 1 1 1 1 1 1 1 1 1 1 1 1 1 1 1 1 1 1 1 1 1 1 1 1 1 1 1 1 1 1 1 1 1 1 1 1 1 1 1 1 1 1 1 1 1 1 1 1 1 1 1 1 1 1 1 1 1 1 1 1 1 1 1 1 1 1 1 1 1 1 1 1 1 1 1 1 1 1 1 1 1 1 1 1 1 1 1 1 1 1 1 1 1 1 1 1 1 1 1 1 1 1 1 1 1 1 1 1 1 1 1 1 1 1 1 1 1 1 1 1 1 1 1 1 1 1 1 1 1 1 1 1 1 1 1 1 1 1 1 1 1 1 1 1 1 1 1 1 1 1 1 1 1 1 1 1 1 1 1 1 1 1 1 1 1 1 1 1 1 1 1 1 1 1 1 1 1 1 1 1 1 1 1 1 1 1 1 1 1 1 1 1 1 1 1 1 1 1 1 1 1 1 1 1 1 1 1 1 1 1 1 1 1 1 1 1 1 1 1 1 1 1 1 1 1 1 1 1 1 1 1 1 1 1 1 1 1 1 1 1 1 1 1 1 1 1 1 1 1 1 1 1 1 1 1 1 1 1 1 1 1 1 1 1 1 1 1 1 1 1 1 1 1 1 1 1 1 1 1 1 1 1 1 1 1 1 1 1 1 1 1 1 1 1 1 1 1 1 1 1 1 1 1 1 1 1 1 1 1 1 1 1 1 1 1 1 1 1 1 1 1 1 1 1 1 1 1 1 1 1 1 1 1 1 1 1 1 1 1 1 1 1 1 1 1 1 1 1 1 1 1 1 1 1 1 1 1 1 1 1 1 1 1 1 1 1 1 1 1 1 1 1 1 1 1 1 1 1 1 1 1 1 1 1 1 1 1 1 1 1 1 1 1 1 1 1 1 1 1 1 1 1 1 1 1 1 1 1 1 2 2 2 2 2 2 2 2 2 2 2 2 2 2 2 2 2 2 2 2 2 2 2 2 2 2 2 2 2 2 2 2 2 2 2 2 2 2 2 2 2 2 2 2 2 2 2 2 2 2 2 2 2 2 2 2 2 2 3 2 2 2 2 3 3 3 4 4 3 4 4 4 4 4 4 3 4 3 3 2 2 2 3 3 3 3 3 3 3 3 3 3 3 3 3 3 3 3 3 2 2 2 2 2 2 2 2 2 2 2 2 2 2 2 2 2 2 2 2 2 2 3 3 3 3 2 2 2 2 2 2 2 2 2 2 2 2 2 2 2 2 3 2 4 2 2 1 1 1 2 2 1 2 2 2 2 1 2 1 1 2 2 2 2 1 1 1 1 2 2 2 1 2 2 2 1 1 2 2 3 2 1 3 1 3 2 2 4 2 2 2 2 2 2 2 2 2 2 2 2 2 2 2 2 2 2 2 1 1 2 2 2 3 2 2 2 2 2 2 2 2 2 2 2 3 3 2 2 2 2 2 2 3 3 2 3 3 4 3 3 2 2 2 2 2 3 3 3 2 2 2 1 3 3 1 2 3 3 2 2 2 2 2 2 1 1 2 2 2 3 3 1 1 3 2 4 2 2 2 2 3 1 1 3 1 1 2 2 1 3 1 1 1 2 2 1 2 2 1 2 1 2 3 1 1 1 1 3 2 2 1 1 2 2 2 3 2 2 2 3 2 2 2 2 2 2 2 2 2 2 1 1 2 2 2 2 2 2 2 2 2 2 2 2 3 2 2 1 2 1 2 2 2 2 2 2 2 2 2 4 4 4 3 4 3 3 4 3 2 1 1 2 1 3 2 2 2 3 2 2 2 2 2 2 2 2 2 2 2 2 2 2 2 2 2 2 2 2 2 2 2 2 2 2 2 2 2 2 2 2 2 4 4 4 3 3 3 3 2 2 3 3 3 2 2 4 3 3 3 3 4 4 4 4 3 3 3 3 3 3 3 3 3 3 2 2 2 2 2 2 2 2 2 2 2 2 2 2 2 2 2 2 2 1 2 3 1 2 1 2 1 1 1 1 1 4 1 1 1 1 2 2 2 1 2 1 2 1 2 2 3 3 2 2 2 2 1 1 2 2 1 2 1 1 1 2 1 1 2 2 2 2 2 2 2 2 2 2 2 2 2 1 1 1 1 2 2 2 1 1 1 2 3 2 3 2 2 3 3 2 2 2 2 2 2 2 2 2 2 2 2 2 2 2 2 2 2 3 2 2 2 2 3 3 3 3 3 2 2 2 2 2 2 2 2 2 2 2 2 2 2 2 2 2 2 2 2 2 2 1 1 1 2 2 3 3 3 3 4 4 4 4 4 2 2 2 1 1 1 3 3 4 4 4 4 4 4 4 4 4 2 2 2 2 3 3 2 2 3 2 3 2 2 2 2 3 3 2 2 2 2 4 4 3 2 2 1 2 2 3 3 2 3 3 3 3 3 3 3 3 4 4 4 4 4 4 3 2 2 1 4 3 2 2 1 1 2 2 2 1 1 2 2 2 2 3 2 2 2 3 2 2 2 2 4 4 3 3 3 3 3 3 4 4 4 2 4 4 4 4 3 2 2 4 3 2 4 4 3 3 2 3 2 2 2 3 3 3 2 2 2 3 3 2 1 2 1 1 1 1 1 1 2 2 1 1 1 1 1 1 1 1 1 1 1 1 1 1 1 1 1 1 3 3 3 2 2 2 2 2 2 2 2 2 2 2 3 2 2 2 2 2 2 2 3 2 2 2 2 1 1 2 2 4 4 3 3 1 2 2 2 2 2 2 4 4 4 4 3 2 2 2 2 2 3 2 2 1 2 2 2 2 2 2 3 4 4 2 2 2 1 1 2 2 1 1 1 1 1 2 2 3 2 2 2 1 2 2 3 3 4 4 2 2 2 2 3 3 3 2 2 2 2 2 2 2 2 2 2 2 1 2 2 2 3 2 2 2 2 2 2 2 2 2 2 2 2 2 2 2 1 2 2 2 2 2 2 2 2 1 2 3 4 3 3 3 2 2 2 2 1 1 2 2 1 1 2 2 1 1 1 1 1 2 2 2 2 2 1 1 1 1 1 1 1 1 2 2 2 1 1 1 1 1 2 2 2 2 2 2 1 1 2 1 1 2 2 1 1 2 2 2 3 1 1 1 1 1 1 1 2 1 1 1 1 2 2 2 2 2 2 2 2 2 2 2 2 2 2 2 2 2 2 2 2 2 2 2 2 2 2 2 2 2 2 2 2 2 2 2 2 2 3 3 2 2 2 2 2 2 2 2 2 2 2 2 2 2 3 3 2 2 2 3 2 2 2 2 3 3 3 3 3 2 2 2 2 3 3 3 3 3 3 3 3 3 3 2 2 2 2 2 2 2 2 2 2 4 4 2 2 2 2 2 2 2 2 1 1 1 1 1 1 1 1 1 1 1 1 1 1 1 1 1 1 1 1 1 1 1 1 1 1 1 1 1 1 1 1 1 1 1 1 1 1 1 1 1 1 1 1 1 1 1 1 1 1 1 1 1 1 1 1 1 1 1 1 1 1 1 1 1 1 1 1 1 1 1 1 1 1 1 1 1 1 1 1 1 1 1 1 1 1 1 1 1 1 1 1 1 1 1 1 1 1 1 1 1 1 1 1 1 1 1 1 1 1 1 1 1 1 1 1 1 1 1 1 1 1 1 1 1 1 1 1 1 1 1 1 1 1 1 1 1 1 1 1 1 1 1 1 1 1 1 1 1 1 1 1 1 1 1 1 1 1 1 1 1 1 1 1 1 1 1 1 1 1 1 1 1 1 1 1 1 1 1 1 1 1 1 1 1 1 1 1 1 1 1 1 1 1 1 1 1 1 2 2 2 2 1 2 2 2 2 2 2 2 2 2 2 1 1 1 1 1 1 1 1 2 3 1 1 2 1 1 1 1 2 2 2 2 2 2 1 1 2 2 2 1 1 1 1 1 1 2 2 2 2 2 3 2 1 2 2 1 1 1 1 2 2 1 1 1 1 1 1 1 1 1 1 1 1 2 1 2 2 2 2 1 2 2 2 2 2 2 2 2 2 2 2 2 2 2 2 2 2 2 2 2 2 2 2 2 2 2 2 2 2 2 2 2 2 2 2 2 2 1 1 2 2 2 2 2 1 1 1 1 1 1 1 1 1 1 1 1 1 1 1 1 2 2 2 2 2 2 2 2 2 2 1 1 1 2 2 2 2 2 2 2 2 2 2 2 2 2 2 2 2 2 1 2 1 1 1 2 2 2 1 1 1 1 1 2 2 2 1 1 1 2 2 2 2 2 2 2 2 2 2 2 2 2 1 1 1 1 1 1 1 1 1 1 1 2 2 2 2 2 2 2 2 2 2 2 2 1 2 2 2 2 1 2 2 2 2 2 1 1 1 1 1 2 2 3 2 2 2 1 1 1 1 1 1 1 1 1 1 1 1 1 1 1 1 1 1 1 1 1 2 2 2 3 2 3 2 2 1 2 1 1 1 2 2 2 2 2 1 2 2 2 2 2 1 1 2 2 2 2 1 2 2 2 2 2 2 2 2 2 2 1 1 1 1 1 1 1 1 2 3 1 1 2 1 1 1 1 2 2 2 2 2 2 1 1 2 2 2 1 1 1 1 1 1 2 2 2 2 2 3 2 1 2 2 1 1 1 1 2 2 1 1 1 1 1 1 1 1 1 1 1 1 2 1 2 2 2 2 1 2 2 2 2 2 2 2 2 2 2 2 2 2 2 2 2 2 2 2 2 2 2 2 2 2 2 2 2 2 2 2 2 2 2 2 2 2 1 1 2 2 2 2 2 1 1 1 1 1 1 1 1 1 1 1 1 1 1 1 1 2 2 2 2 2 2 2 2 2 2 1 1 1 2 2 2 2 2 2 2 2 2 2 2 2 2 2 2 2 2 1 2 1 1 1 2 2 2 1 1 1 1 1 2 2 2 1 1 1 2 2 2 2 2 2 2 2 2 2 2 2 2 1 1 1 1 1 1 1 1 1 1 1 2 2 2 2 2 2 2 2 2 2 2 2 1 2 2 2 2 1 2 2 2 2 2 1 1 1 1 1 2 2 3 2 2 2 1 1 1 1 1 1 1 1 1 1 1 1 1 1 1 1 1 1 1 1 1 2 2 2 3 2 3 2 2 1 2 1 1 1 2 2 2 2 2 1 2 2 2 2 2 2 2 2 2 2 2 2 2 2 2 2 2 2 2 2 2 2 2 2 2 2 2 2 2</vcount>
          <v>5 1 5 2 5 3 5 4 5 5 5 6 5 7 5 8 5 9 5 10 5 11 5 12 5 13 5 14 5 15 5 16 5 17 5 18 5 19 5 20 5 21 5 22 5 23 5 24 5 25 5 26 5 27 5 28 5 29 5 30 5 31 5 32 5 33 5 34 5 35 5 36 5 37 5 38 5 39 5 40 5 41 5 42 5 43 5 44 5 45 5 46 5 47 5 48 5 49 5 50 5 51 5 52 5 53 5 54 5 55 5 56 5 57 5 58 5 59 5 60 5 61 5 62 5 63 5 64 5 65 5 66 5 67 5 68 5 69 5 70 5 71 5 72 5 73 5 74 5 75 5 76 5 77 5 78 5 79 5 80 5 81 5 82 5 83 5 84 5 85 5 86 5 87 5 88 5 89 5 90 5 91 5 92 5 93 5 94 5 95 5 96 5 97 5 98 5 99 5 100 5 101 5 102 5 103 5 104 5 105 5 106 5 107 5 108 5 109 5 110 5 111 5 112 5 113 5 114 5 115 5 116 5 117 5 118 5 119 5 120 5 121 5 122 5 123 5 124 5 125 5 126 5 127 5 128 5 129 5 130 5 131 5 132 5 133 5 134 5 135 5 136 5 137 5 138 5 139 5 140 5 141 5 142 5 143 5 144 5 145 5 146 5 147 5 148 5 149 5 150 5 151 5 152 5 153 5 154 5 155 5 156 5 157 5 158 5 159 5 160 5 161 5 162 5 163 5 164 5 165 5 166 5 167 5 168 5 169 5 170 5 171 5 172 5 173 5 174 5 175 5 176 5 177 5 178 5 179 5 180 5 181 5 182 5 183 5 184 5 185 5 186 5 187 5 188 5 189 5 190 5 191 5 192 5 193 5 194 5 195 5 196 5 197 5 198 5 199 5 200 5 201 5 202 5 203 5 204 5 205 5 206 5 207 5 208 5 209 5 210 5 211 5 212 5 213 5 214 5 215 5 216 5 217 5 218 5 219 5 220 5 221 5 222 5 223 5 224 5 225 5 226 5 227 5 228 5 229 5 230 5 231 5 232 5 233 5 234 5 235 5 236 5 237 5 238 5 239 5 240 5 241 5 242 5 243 5 244 5 245 5 246 5 247 5 248 5 249 5 250 5 251 5 252 5 253 5 254 5 255 5 256 5 257 5 258 5 259 5 260 5 261 5 262 5 263 5 264 5 265 5 266 5 267 5 268 5 269 5 270 5 271 7 272 7 273 7 274 7 275 7 276 7 277 7 278 7 279 7 280 7 281 7 282 7 283 7 284 7 285 7 286 7 287 7 288 7 289 7 290 7 291 7 292 7 293 7 294 7 295 7 296 7 297 7 298 7 299 7 300 7 301 7 302 7 303 7 304 7 305 7 306 7 307 7 308 8 309 8 310 8 311 8 312 8 313 8 314 8 315 8 316 8 317 8 318 8 319 8 320 8 321 8 322 8 323 8 324 8 325 8 326 8 327 8 328 8 329 8 330 8 331 8 332 8 333 8 334 8 335 8 336 8 337 8 338 8 339 8 340 8 341 8 342 8 343 8 344 8 345 5 346 5 347 5 348 5 349 5 350 5 351 5 352 5 353 5 354 5 355 5 356 5 357 5 358 5 359 5 360 5 361 5 362 5 363 5 364 5 365 5 366 5 367 5 368 5 369 5 370 5 371 5 372 5 373 5 374 5 375 5 376 5 377 5 378 5 379 5 380 5 381 5 382 5 383 5 384 5 385 5 386 5 387 5 388 5 389 5 390 5 391 5 392 5 393 5 394 5 395 5 396 5 397 5 398 5 399 5 400 5 401 5 402 5 403 5 404 5 405 5 406 5 407 5 408 5 409 5 410 5 411 5 412 5 413 5 414 5 415 5 416 5 417 5 418 5 419 5 420 5 421 5 422 5 423 5 424 5 425 5 426 5 427 5 428 5 429 5 430 5 431 5 432 5 433 5 434 5 435 5 436 5 437 5 438 5 439 5 440 5 441 5 442 5 443 5 444 5 445 5 446 5 447 5 448 5 449 5 450 5 451 5 452 5 453 5 454 5 455 5 456 5 457 5 458 5 459 5 460 5 461 5 462 5 463 5 464 5 465 5 466 5 467 5 468 5 469 5 470 5 471 5 472 5 473 5 474 5 475 5 476 5 477 5 478 5 479 5 480 5 481 5 482 5 483 5 484 5 485 5 486 5 487 5 488 5 489 5 490 5 491 5 492 5 493 5 494 5 495 5 496 5 497 5 498 5 499 5 500 5 501 5 502 5 503 5 504 5 505 5 506 5 507 5 508 5 509 5 510 5 511 5 512 5 513 5 514 5 515 5 516 5 517 0 518 1 519 0 520 1 521 0 522 1 523 0 524 1 525 0 526 1 527 0 528 1 529 0 530 1 531 0 532 1 533 0 534 1 535 0 536 1 537 0 538 1 539 0 540 1 541 0 542 1 543 0 544 1 545 0 546 1 547 0 548 1 549 0 550 1 551 0 552 1 553 0 554 1 555 0 556 1 557 0 558 1 559 0 560 1 561 0 562 1 563 0 564 1 565 0 566 1 567 0 568 1 569 0 570 1 571 0 572 1 573 0 574 1 575 0 576 1 577 0 578 1 579 0 580 1 581 0 582 1 583 0 584 1 585 0 586 1 587 0 588 1 589 0 590 1 591 0 592 1 593 0 594 1 595 0 596 1 597 0 598 1 599 0 600 1 601 0 602 1 603 0 604 1 605 0 606 1 607 0 608 1 609 0 610 1 611 0 612 1 613 0 614 1 615 0 616 1 617 0 618 1 619 0 620 1 621 0 622 1 623 0 624 1 625 0 626 1 627 0 628 1 629 0 630 1 631 0 632 1 633 3 634 21 635 22 636 3 637 21 638 3 639 21 640 3 641 21 642 3 643 21 644 3 645 21 646 22 647 3 648 21 649 22 650 2 651 3 652 21 653 2 654 3 655 21 656 22 657 2 658 3 659 21 660 22 661 2 662 3 663 21 664 1 665 2 666 3 667 21 668 2 669 3 670 21 671 22 672 1 673 2 674 3 675 21 676 2 677 3 678 21 679 22 680 1 681 2 682 3 683 21 684 2 685 3 686 21 687 22 688 2 689 3 690 21 691 2 692 3 693 21 694 22 695 3 696 21 697 22 698 3 699 21 700 22 701 3 702 21 703 3 704 21 705 3 706 22 707 3 708 21 709 22 710 21 711 22 712 23 713 21 714 22 715 23 716 21 717 22 718 23 719 21 720 22 721 23 722 3 723 21 724 22 725 3 726 21 727 22 728 3 729 21 730 22 731 21 732 22 733 23 734 3 735 21 736 22 737 21 738 22 739 23 740 3 741 21 742 22 743 3 744 21 745 22 746 21 747 22 748 23 749 21 750 22 751 23 752 21 753 22 754 23 755 3 756 21 757 22 758 22 759 23 760 22 761 23 762 22 763 23 764 22 765 23 766 22 767 23 768 22 769 23 770 22 771 23 772 22 773 23 774 22 775 23 776 22 777 23 778 22 779 23 780 22 781 23 782 22 783 23 784 22 785 23 786 22 787 23 788 22 789 23 790 22 791 23 792 22 793 23 794 22 795 23 796 22 797 23 798 22 799 23 800 22 801 23 802 3 803 21 804 22 805 3 806 21 807 22 808 21 809 22 810 23 811 21 812 22 813 23 814 23 815 24 816 23 817 24 818 23 819 24 820 23 821 24 822 23 823 24 824 23 825 24 826 23 827 24 828 23 829 24 830 23 831 24 832 23 833 24 834 23 835 24 836 23 837 24 838 23 839 24 840 23 841 24 842 23 843 24 844 23 845 24 846 24 847 25 848 29 849 24 850 29 851 24 852 25 853 26 854 29 855 23 856 24 857 23 858 24 859 24 860 24 861 24 862 23 863 24 864 23 865 24 866 24 867 23 868 24 869 23 870 24 871 24 872 25 873 24 874 25 875 24 876 23 877 24 878 24 879 24 880 23 881 24 882 23 883 24 884 24 885 25 886 23 887 24 888 27 889 27 890 27 891 27 892 26 893 27 894 26 895 27 896 26 897 27 898 27 899 26 900 27 901 26 902 27 903 30 904 31 905 31 906 31 907 30 908 31 909 30 910 31 911 29 912 30 913 31 914 30 915 31 916 31 917 29 918 30 919 31 920 31 921 29 922 30 923 31 924 23 925 24 926 23 927 24 928 24 929 25 930 26 931 29 932 24 933 25 934 23 935 24 936 22 937 23 938 22 939 23 940 22 941 23 942 22 943 23 944 22 945 23 946 22 947 23 948 22 949 23 950 22 951 23 952 22 953 23 954 22 955 23 956 22 957 23 958 22 959 23 960 22 961 23 962 22 963 23 964 22 965 23 966 22 967 23 968 22 969 23 970 23 971 23 972 22 973 23 974 22 975 23 976 22 977 23 978 21 979 22 980 23 981 23 982 24 983 23 984 24 985 23 986 24 987 23 988 24 989 23 990 24 991 23 992 24 993 23 994 24 995 23 996 24 997 23 998 24 999 30 1000 31 1001 30 1002 31 1003 29 1004 30 1005 31 1006 29 1007 30 1008 31 1009 30 1010 31 1011 30 1012 31 1013 29 1014 30 1015 29 1016 30 1017 29 1018 30 1019 29 1020 30 1021 24 1022 29 1023 30 1024 24 1025 29 1026 30 1027 30 1028 31 1029 24 1030 29 1031 30 1032 24 1033 29 1034 30 1035 24 1036 25 1037 26 1038 29 1039 24 1040 25 1041 29 1042 24 1043 25 1044 29 1045 24 1046 29 1047 24 1048 29 1049 24 1050 29 1051 24 1052 29 1053 24 1054 29 1055 29 1056 30 1057 31 1058 25 1059 26 1060 27 1061 25 1062 26 1063 27 1064 24 1065 29 1066 24 1067 29 1068 24 1069 29 1070 31 1071 24 1072 29 1073 30 1074 29 1075 30 1076 31 1077 31 1078 30 1079 31 1080 29 1081 30 1082 31 1083 24 1084 29 1085 30 1086 24 1087 29 1088 22 1089 23 1090 23 1091 24 1092 23 1093 24 1094 23 1095 24 1096 22 1097 23 1098 23 1099 23 1100 23 1101 24 1102 23 1103 24 1104 23 1105 24 1106 3 1107 21 1108 22 1109 29 1110 30 1111 31 1112 31 1113 31 1114 29 1115 30 1116 31 1117 24 1118 29 1119 24 1120 25 1121 26 1122 29 1123 24 1124 29 1125 24 1126 29 1127 24 1128 29 1129 24 1130 29 1131 29 1132 30 1133 31 1134 31 1135 31 1136 29 1137 30 1138 31 1139 5 1140 5 1141 4 1142 5 1143 4 1144 5 1145 5 1146 3 1147 4 1148 5 1149 5 1150 5 1151 5 1152 3 1153 4 1154 3 1155 4 1156 5 1157 4 1158 5 1159 3 1160 4 1161 5 1162 3 1163 4 1164 5 1165 4 1166 5 1167 3 1168 4 1169 5 1170 5 1171 5 1172 5 1173 5 1174 1 1175 2 1176 3 1177 0 1178 1 1179 0 1180 1 1181 38 1182 38 1183 0 1184 38 1185 0 1186 38 1187 0 1188 1 1189 0 1190 33 1191 38 1192 33 1193 38 1194 0 1195 38 1196 0 1197 38 1198 0 1199 33 1200 38 1201 33 1202 38 1203 0 1204 38 1205 0 1206 38 1207 0 1208 1 1209 0 1210 1 1211 0 1212 1 1213 0 1214 38 1215 33 1216 38 1217 0 1218 1 1219 0 1220 1 1221 33 1222 33 1223 0 1224 33 1225 0 1226 33 1227 0 1228 33 1229 0 1230 33 1231 33 1232 38 1233 0 1234 33 1235 0 1236 33 1237 0 1238 1 1239 0 1240 1 1241 0 1242 33 1243 0 1244 1 1245 0 1246 33 1247 0 1248 33 1249 38 1250 0 1251 33 1252 0 1253 33 1254 33 1255 33 1256 38 1257 33 1258 0 1259 1 1260 0 1261 1 1262 0 1263 1 1264 0 1265 1 1266 0 1267 1 1268 0 1269 1 1270 0 1271 1 1272 0 1273 1 1274 0 1275 1 1276 0 1277 1 1278 2 1279 3 1280 1 1281 2 1282 3 1283 21 1284 0 1285 1 1286 2 1287 3 1288 1 1289 2 1290 3 1291 1 1292 2 1293 3 1294 21 1295 1 1296 2 1297 3 1298 1 1299 2 1300 3 1301 1 1302 2 1303 3 1304 9 1305 1 1306 2 1307 3 1308 3 1309 21 1310 3 1311 3 1312 3 1313 9 1314 3 1315 2 1316 3 1317 9 1318 2 1319 3 1320 2 1321 3 1322 2 1323 3 1324 2 1325 3 1326 21 1327 0 1328 1 1329 0 1330 1 1331 0 1332 1 1333 0 1334 1 1335 0 1336 1 1337 0 1338 1 1339 0 1340 1 1341 0 1342 1 1343 0 1344 1 1345 0 1346 1 1347 0 1348 1 1349 0 1350 1 1351 0 1352 1 1353 0 1354 1 1355 0 1356 1 1357 0 1358 1 1359 0 1360 1 1361 0 1362 1 1363 0 1364 1 1365 0 1366 1 1367 0 1368 1 1369 0 1370 1 1371 0 1372 1 1373 0 1374 1 1375 0 1376 1 1377 0 1378 1 1379 0 1380 1 1381 0 1382 1 1383 0 1384 33 1385 0 1386 1 1387 0 1388 1 1389 0 1390 1 1391 0 1392 1 1393 0 1394 1 1395 2 1396 3 1397 0 1398 1 1399 2 1400 3 1401 0 1402 1 1403 2 1404 3 1405 2 1406 3 1407 21 1408 2 1409 3 1410 9 1411 2 1412 3 1413 21 1414 2 1415 3 1416 9 1417 3 1418 21 1419 3 1420 9 1421 3 1422 4 1423 21 1424 3 1425 4 1426 9 1427 3 1428 4 1429 21 1430 3 1431 4 1432 3 1433 4 1434 1 1435 2 1436 3 1437 9 1438 3 1439 9 1440 10 1441 3 1442 9 1443 10 1444 3 1445 4 1446 9 1447 3 1448 9 1449 10 1450 2 1451 3 1452 9 1453 10 1454 1 1455 2 1456 3 1457 9 1458 1 1459 2 1460 3 1461 9 1462 1 1463 2 1464 3 1465 9 1466 3 1467 9 1468 10 1469 3 1470 9 1471 10 1472 3 1473 9 1474 10 1475 3 1476 9 1477 10 1478 3 1479 9 1480 10 1481 3 1482 9 1483 10 1484 3 1485 9 1486 10 1487 3 1488 9 1489 10 1490 3 1491 9 1492 10 1493 3 1494 9 1495 10 1496 10 1497 11 1498 10 1499 11 1500 10 1501 11 1502 10 1503 11 1504 10 1505 11 1506 10 1507 11 1508 11 1509 12 1510 10 1511 11 1512 10 1513 11 1514 10 1515 11 1516 11 1517 12 1518 11 1519 12 1520 11 1521 12 1522 11 1523 12 1524 11 1525 12 1526 11 1527 12 1528 11 1529 12 1530 11 1531 12 1532 13 1533 14 1534 12 1535 12 1536 17 1537 12 1538 14 1539 17 1540 12 1541 13 1542 14 1543 12 1544 13 1545 14 1546 15 1547 15 1548 15 1549 15 1550 15 1551 12 1552 13 1553 14 1554 17 1555 19 1556 19 1557 19 1558 19 1559 11 1560 12 1561 11 1562 12 1563 12 1564 13 1565 19 1566 3 1567 4 1568 5 1569 4 1570 5 1571 5 1572 3 1573 4 1574 3 1575 4 1576 3 1577 4 1578 5 1579 3 1580 4 1581 5 1582 0 1583 33 1584 0 1585 33 1586 0 1587 38 1588 0 1589 38 1590 38 1591 38 1592 33 1593 38 1594 33 1595 38 1596 33 1597 33 1598 38 1599 33 1600 33 1601 33 1602 0 1603 33 1604 33 1605 33 1606 0 1607 1 1608 0 1609 1 1610 0 1611 1 1612 0 1613 1 1614 0 1615 1 1616 0 1617 1 1618 0 1619 33 1620 0 1621 33 1622 33 1623 34 1624 33 1625 38 1626 0 1627 38 1628 0 1629 38 1630 0 1631 38 1632 38 1633 38 1634 38 1635 38 1636 0 1637 1 1638 0 1639 1 1640 0 1641 38 1642 38 1643 38 1644 38 1645 0 1646 1 1647 0 1648 33 1649 38 1650 0 1651 33 1652 0 1653 33 1654 38 1655 0 1656 33 1657 0 1658 38 1659 0 1660 1 1661 33 1662 0 1663 33 1664 38 1665 10 1666 11 1667 10 1668 11 1669 10 1670 11 1671 10 1672 11 1673 10 1674 11 1675 10 1676 11 1677 10 1678 11 1679 10 1680 11 1681 10 1682 11 1683 10 1684 11 1685 10 1686 11 1687 10 1688 11 1689 10 1690 11 1691 10 1692 11 1693 10 1694 11 1695 10 1696 11 1697 10 1698 11 1699 10 1700 11 1701 9 1702 10 1703 11 1704 9 1705 10 1706 9 1707 10 1708 9 1709 10 1710 9 1711 10 1712 9 1713 10 1714 11 1715 9 1716 10 1717 11 1718 9 1719 10 1720 11 1721 9 1722 10 1723 11 1724 9 1725 10 1726 11 1727 11 1728 12 1729 11 1730 12 1731 11 1732 12 1733 11 1734 12 1735 11 1736 12 1737 18 1738 19 1739 18 1740 19 1741 18 1742 19 1743 17 1744 18 1745 17 1746 18 1747 17 1748 18 1749 12 1750 17 1751 12 1752 17 1753 12 1754 17 1755 12 1756 17 1757 17 1758 18 1759 18 1760 19 1761 14 1762 15 1763 14 1764 15 1765 14 1766 15 1767 14 1768 15 1769 14 1770 15 1771 12 1772 12 1773 13 1774 12 1775 17 1776 12 1777 17 1778 3 1779 9 1780 10 1781 3 1782 9 1783 10 1784 3 1785 9 1786 10 1787 3 1788 9 1789 10 1790 2 1791 3 1792 9 1793 10 1794 2 1795 3 1796 9 1797 10 1798 2 1799 3 1800 9 1801 10 1802 2 1803 3 1804 9 1805 10 1806 2 1807 3 1808 9 1809 10 1810 10 1811 11 1812 10 1813 11 1814 10 1815 11 1816 11 1817 11 1818 11 1819 3 1820 9 1821 10 1822 3 1823 9 1824 10 1825 0 1826 1 1827 2 1828 3 1829 0 1830 1 1831 2 1832 3 1833 0 1834 1 1835 2 1836 3 1837 0 1838 1 1839 2 1840 3 1841 0 1842 1 1843 2 1844 3 1845 0 1846 1 1847 2 1848 3 1849 0 1850 1 1851 2 1852 3 1853 0 1854 1 1855 2 1856 3 1857 0 1858 1 1859 2 1860 3 1861 3 1862 4 1863 3 1864 4 1865 33 1866 38 1867 33 1868 38 1869 0 1870 33 1871 38 1872 0 1873 33 1874 38 1875 0 1876 33 1877 0 1878 1 1879 1 1880 2 1881 3 1882 2 1883 3 1884 2 1885 3 1886 9 1887 3 1888 9 1889 33 1890 38 1891 33 1892 38 1893 33 1894 38 1895 0 1896 33 1897 38 1898 0 1899 33 1900 38 1901 0 1902 38 1903 0 1904 1 1905 0 1906 1 1907 0 1908 1 1909 0 1910 1 1911 2 1912 3 1913 0 1914 1 1915 2 1916 3 1917 1 1918 2 1919 3 1920 2 1921 3 1922 2 1923 3 1924 3 1925 3 1926 4 1927 3 1928 4 1929 3 1930 4 1931 5 1932 3 1933 4 1934 5 1935 0 1936 1 1937 1 1938 2 1939 3 1940 1 1941 2 1942 3 1943 1 1944 2 1945 3 1946 1 1947 2 1948 3 1949 1 1950 2 1951 3 1952 1 1953 2 1954 3 1955 1 1956 2 1957 3 1958 1 1959 2 1960 3 1961 0 1962 1 1963 2 1964 3 1965 0 1966 1 1967 2 1968 3 1969 0 1970 1 1971 2 1972 3 1973 0 1974 1 1975 2 1976 3 1977 0 1978 1 1979 2 1980 3 1981 1 1982 2 1983 3 1984 21 1985 2 1986 3 1987 21 1988 3 1989 21 1990 3 1991 4 1992 5 1993 1 1994 2 1995 3 1996 9 1997 2 1998 3 1999 9 2000 3 2001 9 2002 3 2003 4 2004 5 2005 19 2006 18 2007 19 2008 17 2009 18 2010 18 2011 19 2012 19 2013 19 2014 17 2015 18 2016 12 2017 17 2018 0 2019 38 2020 0 2021 38 2022 0 2023 33 2024 38 2025 0 2026 33 2027 0 2028 33 2029 0 2030 38 2031 0 2032 33 2033 38 2034 0 2035 33 2036 0 2037 33 2038 0 2039 33 2040 0 2041 33 2042 0 2043 1 2044 2 2045 3 2046 0 2047 1 2048 2 2049 3 2050 0 2051 1 2052 2 2053 0 2054 1 2055 2 2056 0 2057 1 2058 2 2059 0 2060 1 2061 2 2062 0 2063 1 2064 2 2065 0 2066 1 2067 2 2068 0 2069 1 2070 2 2071 3 2072 0 2073 1 2074 2 2075 3 2076 0 2077 1 2078 2 2079 3 2080 10 2081 11 2082 0 2083 1 2084 2 2085 3 2086 0 2087 1 2088 2 2089 3 2090 0 2091 1 2092 2 2093 3 2094 0 2095 1 2096 2 2097 3 2098 0 2099 1 2100 2 2101 17 2102 18 2103 18 2104 19 2105 0 2106 1 2107 2 2108 3 2109 1 2110 2 2111 3 2112 12 2113 17 2114 2 2115 3 2116 9 2117 10 2118 2 2119 3 2120 9 2121 10 2122 3 2123 4 2124 9 2125 3 2126 4 2127 9 2128 3 2129 4 2130 3 2131 4 2132 9 2133 3 2134 4 2135 3 2136 4 2137 3 2138 4 2139 3 2140 4 2141 21 2142 3 2143 4 2144 21 2145 3 2146 4 2147 21 2148 3 2149 4 2150 3 2151 4 2152 3 2153 4 2154 3 2155 4 2156 5 2157 3 2158 4 2159 5 2160 4 2161 5 2162 5 2163 4 2164 5 2165 5 2166 5 2167 5 2168 5 2169 5 2170 5 2171 4 2172 5 2173 4 2174 5 2175 5 2176 5 2177 5 2178 5 2179 5 2180 5 2181 5 2182 5 2183 5 2184 5 2185 5 2186 5 2187 5 2188 5 2189 5 2190 5 2191 5 2192 5 2193 3 2194 4 2195 5 2196 3 2197 4 2198 5 2199 3 2200 4 2201 5 2202 33 2203 38 2204 0 2205 33 2206 0 2207 33 2208 0 2209 38 2210 0 2211 38 2212 0 2213 1 2214 0 2215 1 2216 0 2217 1 2218 0 2219 1 2220 0 2221 38 2222 0 2223 38 2224 0 2225 33 2226 38 2227 0 2228 33 2229 0 2230 33 2231 0 2232 33 2233 0 2234 33 2235 0 2236 33 2237 0 2238 33 2239 0 2240 33 2241 0 2242 33 2243 38 2244 0 2245 38 2246 0 2247 38 2248 33 2249 38 2250 33 2251 38 2252 38 2253 38 2254 33 2255 38 2256 33 2257 38 2258 0 2259 1 2260 2 2261 3 2262 0 2263 1 2264 2 2265 3 2266 0 2267 1 2268 2 2269 2 2270 3 2271 9 2272 33 2273 0 2274 33 2275 0 2276 33 2277 0 2278 1 2279 0 2280 1 2281 0 2282 1 2283 0 2284 1 2285 0 2286 1 2287 2 2288 3 2289 0 2290 1 2291 2 2292 3 2293 1 2294 2 2295 3 2296 9 2297 1 2298 2 2299 3 2300 9 2301 2 2302 3 2303 9 2304 3 2305 9 2306 3 2307 9 2308 3 2309 9 2310 3 2311 9 2312 3 2313 9 2314 2 2315 3 2316 9 2317 0 2318 1 2319 0 2320 1 2321 38 2322 0 2323 38 2324 0 2325 38 2326 0 2327 1 2328 0 2329 1 2330 0 2331 1 2332 0 2333 1 2334 1 2335 2 2336 3 2337 0 2338 1 2339 2 2340 3 2341 0 2342 1 2343 2 2344 3 2345 0 2346 1 2347 0 2348 1 2349 0 2350 1 2351 38 2352 38 2353 33 2354 38 2355 33 2356 38 2357 33 2358 33 2359 33 2360 33 2361 5 2362 4 2363 5 2364 4 2365 5 2366 3 2367 4 2368 5 2369 3 2370 4 2371 3 2372 4 2373 3 2374 4 2375 3 2376 2 2377 3 2378 2 2379 3 2380 1 2381 2 2382 3 2383 1 2384 2 2385 3 2386 0 2387 1 2388 2 2389 3 2390 0 2391 1 2392 2 2393 3 2394 0 2395 1 2396 0 2397 1 2398 0 2399 1 2400 0 2401 1 2402 0 2403 33 2404 38 2405 0 2406 33 2407 38 2408 0 2409 33 2410 38 2411 33 2412 38 2413 33 2414 38 2415 33 2416 38 2417 33 2418 38 2419 0 2420 38 2421 0 2422 38 2423 0 2424 38 2425 0 2426 33 2427 11 2428 12 2429 11 2430 12 2431 11 2432 12 2433 11 2434 10 2435 11 2436 10 2437 11 2438 10 2439 11 2440 9 2441 10 2442 11 2443 10 2444 11 2445 11 2446 12 2447 11 2448 12 2449 11 2450 12 2451 10 2452 11 2453 10 2454 11 2455 10 2456 11 2457 11 2458 12 2459 11 2460 12 2461 11 2462 12 2463 11 2464 12 2465 11 2466 12 2467 10 2468 11 2469 10 2470 11 2471 12 2472 17 2473 11 2474 11 2475 12 2476 11 2477 12 2478 11 2479 12 2480 11 2481 12 2482 11 2483 12 2484 11 2485 12 2486 12 2487 17 2488 17 2489 18 2490 11 2491 10 2492 11 2493 3 2494 9 2495 10 2496 2 2497 3 2498 9 2499 10 2500 3 2501 9 2502 10 2503 3 2504 9 2505 10 2506 3 2507 9 2508 10 2509 9 2510 10 2511 10 2512 11 2513 17 2514 18 2515 18 2516 19 2517 19 2518 19 2519 18 2520 19 2521 17 2522 18 2523 12 2524 12 2525 12 2526 17 2527 12 2528 17 2529 12 2530 12 2531 12 2532 12 2533 12 2534 12 2535 13 2536 12 2537 13 2538 11 2539 12 2540 11 2541 12 2542 11 2543 12 2544 11 2545 11 2546 11 2547 11 2548 11 2549 11 2550 11 2551 11 2552 11 2553 12 2554 12 2555 13 2556 12 2557 13 2558 12 2559 12 2560 12 2561 12 2562 12 2563 12 2564 17 2565 12 2566 17 2567 12 2568 17 2569 12 2570 17 2571 12 2572 17 2573 18 2574 19 2575 19 2576 19 2577 18 2578 19 2579 19 2580 19 2581 18 2582 19 2583 18 2584 19 2585 19 2586 19 2587 18 2588 19 2589 18 2590 19 2591 18 2592 19 2593 3 2594 21 2595 22 2596 23 2597 23 2598 23 2599 23 2600 23 2601 23 2602 23 2603 23 2604 24 2605 23 2606 23 2607 23 2608 23 2609 14 2610 15 2611 14 2612 15 2613 14 2614 15 2615 14 2616 15 2617 14 2618 15 2619 18 2620 19 2621 18 2622 19 2623 18 2624 19 2625 18 2626 19 2627 17 2628 18 2629 17 2630 18 2631 17 2632 18 2633 17 2634 18 2635 17 2636 18 2637 17 2638 18 2639 17 2640 18 2641 17 2642 18 2643 17 2644 18 2645 17 2646 18 2647 12 2648 17 2649 12 2650 17 2651 12 2652 17 2653 12 2654 17 2655 12 2656 17 2657 12 2658 17 2659 12 2660 17 2661 12 2662 17 2663 12 2664 17 2665 12 2666 17 2667 12 2668 17 2669 12 2670 17 2671 12 2672 17 2673 12 2674 17 2675 12 2676 17 2677 12 2678 17 2679 12 2680 17 2681 12 2682 17 2683 12 2684 13 2685 17 2686 12 2687 13 2688 17 2689 18 2690 19 2691 18 2692 19 2693 18 2694 19 2695 18 2696 19 2697 18 2698 19 2699 18 2700 19 2701 18 2702 19 2703 18 2704 19 2705 18 2706 19 2707 18 2708 19 2709 18 2710 19 2711 18 2712 19 2713 26 2714 27 2715 26 2716 27 2717 25 2718 26 2719 27 2720 25 2721 26 2722 27 2723 26 2724 27 2725 30 2726 31 2727 30 2728 31 2729 29 2730 30 2731 31 2732 30 2733 31 2734 30 2735 31 2736 30 2737 31 2738 30 2739 31 2740 29 2741 30 2742 31 2743 29 2744 30 2745 31 2746 29 2747 30 2748 31 2749 29 2750 30 2751 31 2752 29 2753 30 2754 31 2755 30 2756 31 2757 30 2758 31 2759 30 2760 31 2761 30 2762 31 2763 24 2764 29 2765 30 2766 24 2767 29 2768 30 2769 24 2770 29 2771 30 2772 24 2773 29 2774 30 2775 24 2776 29 2777 30 2778 24 2779 29 2780 30 2781 24 2782 29 2783 30 2784 24 2785 29 2786 30 2787 24 2788 29 2789 30 2790 24 2791 29 2792 30 2793 24 2794 29 2795 24 2796 29 2797 24 2798 29 2799 24 2800 29 2801 24 2802 29 2803 24 2804 29 2805 24 2806 29 2807 24 2808 29 2809 24 2810 29 2811 24 2812 29 2813 24 2814 25 2815 26 2816 29 2817 24 2818 25 2819 26 2820 29 2821 24 2822 29 2823 24 2824 29 2825 24 2826 29 2827 24 2828 29 2829 24 2830 29 2831 24 2832 29 2833 24 2834 29 2835 24 2836 29 2837 10 2838 10 2839 10 2840 10 2841 10 2842 10 2843 10 2844 10 2845 10 2846 10 2847 10 2848 10 2849 10 2850 10 2851 10 2852 10 2853 10 2854 10 2855 10 2856 10 2857 10 2858 10 2859 10 2860 10 2861 10 2862 10 2863 10 2864 10 2865 10 2866 10 2867 10 2868 10 2869 10 2870 10 2871 10 2872 10 2873 10 2874 10 2875 10 2876 10 2877 10 2878 10 2879 10 2880 10 2881 10 2882 10 2883 10 2884 10 2885 10 2886 10 2887 10 2888 10 2889 10 2890 10 2891 10 2892 10 2893 10 2894 10 2895 10 2896 10 2897 10 2898 10 2899 10 2900 10 2901 10 2902 10 2903 10 2904 10 2905 10 2906 10 2907 10 2908 10 2909 10 2910 10 2911 10 2912 10 2913 10 2914 10 2915 10 2916 10 2917 10 2918 10 2919 10 2920 10 2921 10 2922 10 2923 10 2924 10 2925 10 2926 10 2927 10 2928 10 2929 10 2930 10 2931 10 2932 10 2933 10 2934 10 2935 22 2936 22 2937 22 2938 22 2939 22 2940 22 2941 22 2942 22 2943 22 2944 22 2945 22 2946 22 2947 22 2948 22 2949 22 2950 22 2951 22 2952 22 2953 22 2954 22 2955 22 2956 22 2957 22 2958 22 2959 22 2960 22 2961 22 2962 22 2963 22 2964 22 2965 22 2966 22 2967 22 2968 22 2969 22 2970 22 2971 22 2972 22 2973 22 2974 22 2975 22 2976 22 2977 22 2978 22 2979 22 2980 22 2981 22 2982 22 2983 22 2984 22 2985 22 2986 22 2987 22 2988 22 2989 22 2990 22 2991 22 2992 22 2993 22 2994 22 2995 22 2996 22 2997 22 2998 22 2999 22 3000 22 3001 22 3002 22 3003 22 3004 22 3005 22 3006 22 3007 22 3008 22 3009 22 3010 22 3011 22 3012 22 3013 22 3014 22 3015 22 3016 22 3017 22 3018 22 3019 22 3020 22 3021 22 3022 22 3023 22 3024 22 3025 22 3026 22 3027 22 3028 22 3029 22 3030 22 3031 22 3032 22 3033 39 3034 39 3035 38 3036 39 3037 38 3038 39 3039 38 3040 39 3041 38 3042 39 3043 39 3044 38 3045 39 3046 38 3047 39 3048 38 3049 39 3050 38 3051 39 3052 38 3053 39 3054 39 3055 40 3056 39 3057 40 3058 39 3059 40 3060 39 3061 40 3062 39 3063 40 3064 39 3065 39 3066 39 3067 39 3068 39 3069 39 3070 39 3071 39 3072 38 3073 39 3074 39 3075 40 3076 41 3077 40 3078 40 3079 39 3080 40 3081 40 3082 40 3083 40 3084 40 3085 40 3086 41 3087 40 3088 41 3089 40 3090 41 3091 40 3092 41 3093 40 3094 41 3095 40 3096 41 3097 40 3098 40 3099 40 3100 41 3101 40 3102 41 3103 40 3104 41 3105 41 3106 41 3107 41 3108 41 3109 41 3110 41 3111 40 3112 41 3113 40 3114 41 3115 40 3116 41 3117 40 3118 41 3119 39 3120 40 3121 39 3122 40 3123 41 3124 40 3125 41 3126 39 3127 38 3128 39 3129 39 3130 40 3131 39 3132 39 3133 39 3134 39 3135 38 3136 39 3137 38 3138 39 3139 39 3140 39 3141 39 3142 39 3143 39 3144 39 3145 39 3146 39 3147 39 3148 39 3149 39 3150 39 3151 38 3152 39 3153 39 3154 39 3155 40 3156 39 3157 40 3158 39 3159 40 3160 39 3161 40 3162 40 3163 38 3164 39 3165 38 3166 39 3167 38 3168 39 3169 38 3170 39 3171 38 3172 39 3173 38 3174 39 3175 38 3176 39 3177 38 3178 39 3179 38 3180 39 3181 38 3182 39 3183 38 3184 39 3185 38 3186 39 3187 38 3188 39 3189 38 3190 39 3191 38 3192 39 3193 38 3194 39 3195 38 3196 39 3197 38 3198 39 3199 0 3200 38 3201 0 3202 38 3203 0 3204 38 3205 38 3206 39 3207 38 3208 39 3209 0 3210 38 3211 0 3212 38 3213 0 3214 38 3215 0 3216 38 3217 0 3218 38 3219 38 3220 39 3221 0 3222 38 3223 0 3224 38 3225 0 3226 38 3227 0 3228 38 3229 0 3230 38 3231 0 3232 38 3233 0 3234 38 3235 38 3236 39 3237 39 3238 39 3239 38 3240 39 3241 38 3242 39 3243 0 3244 38 3245 0 3246 38 3247 0 3248 38 3249 0 3250 0 3251 0 3252 0 3253 0 3254 0 3255 0 3256 0 3257 39 3258 39 3259 39 3260 39 3261 39 3262 39 3263 39 3264 39 3265 40 3266 41 3267 40 3268 41 3269 40 3270 41 3271 40 3272 41 3273 40 3274 41 3275 40 3276 41 3277 40 3278 41 3279 38 3280 39 3281 38 3282 39 3283 38 3284 39 3285 39 3286 39 3287 0 3288 0 3289 38 3290 0 3291 38 3292 38 3293 39 3294 0 3295 38 3296 0 3297 38 3298 0 3299 38 3300 0 3301 38 3302 0 3303 38 3304 0 3305 38 3306 0 3307 38 3308 0 3309 38 3310 0 3311 38 3312 0 3313 38 3314 0 3315 38 3316 0 3317 38 3318 0 3319 38 3320 38 3321 39 3322 39 3323 38 3324 39 3325 39 3326 39 3327 39 3328 38 3329 39 3330 38 3331 39 3332 40 3333 41 3334 40 3335 40 3336 40 3337 40 3338 40 3339 40 3340 41 3341 40 3342 41 3343 40 3344 41 3345 41 3346 41 3347 41 3348 40 3349 41 3350 40 3351 41 3352 0 3353 38 3354 0 3355 38 3356 0 3357 38 3358 0 3359 38 3360 0 3361 38 3362 0 3363 38 3364 0 3365 38 3366 0 3367 38 3368 0 3369 38 3370 0 3371 38 3372 0 3373 38 3374 38 3375 38 3376 38 3377 38 3378 38 3379 38 3380 38 3381 38 3382 38 3383 38 3384 38 3385 38 3386 39 3387 38 3388 39 3389 38 3390 39 3391 38 3392 39 3393 38 3394 39 3395 38 3396 39 3397 38 3398 39 3399 38 3400 39 3401 38 3402 39 3403 38 3404 39 3405 38 3406 39 3407 38 3408 39 3409 0 3410 0 3411 38 3412 0 3413 38 3414 0 3415 38 3416 0 3417 38 3418 38 3419 38 3420 39 3421 38 3422 39 3423 38 3424 39 3425 38 3426 39 3427 38 3428 39 3429 39 3430 39 3431 39 3432 39 3433 39 3434 39 3435 40 3436 39 3437 40 3438 39 3439 40 3440 41 3441 40 3442 41 3443 40 3444 41 3445 40 3446 41 3447 41 3448 41 3449 41 3450 39 3451 39 3452 39 3453 39 3454 39 3455 39 3456 39 3457 39 3458 39 3459 39 3460 39 3461 39 3462 39 3463 39 3464 39 3465 41 3466 41 3467 41 3468 40 3469 41 3470 40 3471 41 3472 40 3473 41 3474 39 3475 40 3476 41 3477 39 3478 40 3479 39 3480 40 3481 41 3482 39 3483 40 3484 39 3485 40 3486 39 3487 39 3488 40 3489 40 3490 40 3491 40 3492 39 3493 40 3494 39 3495 40 3496 39 3497 40 3498 39 3499 40 3500 39 3501 40 3502 39 3503 40 3504 41 3505 40 3506 41 3507 40 3508 41 3509 40 3510 41 3511 40 3512 41 3513 34 3514 34 3515 33 3516 34 3517 33 3518 34 3519 33 3520 34 3521 33 3522 34 3523 34 3524 33 3525 34 3526 33 3527 34 3528 33 3529 34 3530 33 3531 34 3532 33 3533 34 3534 34 3535 35 3536 34 3537 35 3538 34 3539 35 3540 34 3541 35 3542 34 3543 35 3544 34 3545 34 3546 34 3547 34 3548 34 3549 34 3550 34 3551 34 3552 33 3553 34 3554 34 3555 35 3556 36 3557 35 3558 35 3559 34 3560 35 3561 35 3562 35 3563 35 3564 35 3565 35 3566 36 3567 35 3568 36 3569 35 3570 36 3571 35 3572 36 3573 35 3574 36 3575 35 3576 36 3577 35 3578 35 3579 35 3580 36 3581 35 3582 36 3583 35 3584 36 3585 36 3586 36 3587 36 3588 36 3589 36 3590 36 3591 35 3592 36 3593 35 3594 36 3595 35 3596 36 3597 35 3598 36 3599 34 3600 35 3601 34 3602 35 3603 36 3604 35 3605 36 3606 34 3607 33 3608 34 3609 34 3610 35 3611 34 3612 34 3613 34 3614 34 3615 33 3616 34 3617 33 3618 34 3619 34 3620 34 3621 34 3622 34 3623 34 3624 34 3625 34 3626 34 3627 34 3628 34 3629 34 3630 34 3631 33 3632 34 3633 34 3634 34 3635 35 3636 34 3637 35 3638 34 3639 35 3640 34 3641 35 3642 35 3643 33 3644 34 3645 33 3646 34 3647 33 3648 34 3649 33 3650 34 3651 33 3652 34 3653 33 3654 34 3655 33 3656 34 3657 33 3658 34 3659 33 3660 34 3661 33 3662 34 3663 33 3664 34 3665 33 3666 34 3667 33 3668 34 3669 33 3670 34 3671 33 3672 34 3673 33 3674 34 3675 33 3676 34 3677 33 3678 34 3679 0 3680 33 3681 0 3682 33 3683 0 3684 33 3685 33 3686 34 3687 33 3688 34 3689 0 3690 33 3691 0 3692 33 3693 0 3694 33 3695 0 3696 33 3697 0 3698 33 3699 33 3700 34 3701 0 3702 33 3703 0 3704 33 3705 0 3706 33 3707 0 3708 33 3709 0 3710 33 3711 0 3712 33 3713 0 3714 33 3715 33 3716 34 3717 34 3718 34 3719 33 3720 34 3721 33 3722 34 3723 0 3724 33 3725 0 3726 33 3727 0 3728 33 3729 0 3730 0 3731 0 3732 0 3733 0 3734 0 3735 0 3736 0 3737 34 3738 34 3739 34 3740 34 3741 34 3742 34 3743 34 3744 34 3745 35 3746 36 3747 35 3748 36 3749 35 3750 36 3751 35 3752 36 3753 35 3754 36 3755 35 3756 36 3757 35 3758 36 3759 33 3760 34 3761 33 3762 34 3763 33 3764 34 3765 34 3766 34 3767 0 3768 0 3769 33 3770 0 3771 33 3772 33 3773 34 3774 0 3775 33 3776 0 3777 33 3778 0 3779 33 3780 0 3781 33 3782 0 3783 33 3784 0 3785 33 3786 0 3787 33 3788 0 3789 33 3790 0 3791 33 3792 0 3793 33 3794 0 3795 33 3796 0 3797 33 3798 0 3799 33 3800 33 3801 34 3802 34 3803 33 3804 34 3805 34 3806 34 3807 34 3808 33 3809 34 3810 33 3811 34 3812 35 3813 36 3814 35 3815 35 3816 35 3817 35 3818 35 3819 35 3820 36 3821 35 3822 36 3823 35 3824 36 3825 36 3826 36 3827 36 3828 35 3829 36 3830 35 3831 36 3832 0 3833 33 3834 0 3835 33 3836 0 3837 33 3838 0 3839 33 3840 0 3841 33 3842 0 3843 33 3844 0 3845 33 3846 0 3847 33 3848 0 3849 33 3850 0 3851 33 3852 0 3853 33 3854 33 3855 33 3856 33 3857 33 3858 33 3859 33 3860 33 3861 33 3862 33 3863 33 3864 33 3865 33 3866 34 3867 33 3868 34 3869 33 3870 34 3871 33 3872 34 3873 33 3874 34 3875 33 3876 34 3877 33 3878 34 3879 33 3880 34 3881 33 3882 34 3883 33 3884 34 3885 33 3886 34 3887 33 3888 34 3889 0 3890 0 3891 33 3892 0 3893 33 3894 0 3895 33 3896 0 3897 33 3898 33 3899 33 3900 34 3901 33 3902 34 3903 33 3904 34 3905 33 3906 34 3907 33 3908 34 3909 34 3910 34 3911 34 3912 34 3913 34 3914 34 3915 35 3916 34 3917 35 3918 34 3919 35 3920 36 3921 35 3922 36 3923 35 3924 36 3925 35 3926 36 3927 36 3928 36 3929 36 3930 34 3931 34 3932 34 3933 34 3934 34 3935 34 3936 34 3937 34 3938 34 3939 34 3940 34 3941 34 3942 34 3943 34 3944 34 3945 36 3946 36 3947 36 3948 35 3949 36 3950 35 3951 36 3952 35 3953 36 3954 34 3955 35 3956 36 3957 34 3958 35 3959 34 3960 35 3961 36 3962 34 3963 35 3964 34 3965 35 3966 34 3967 34 3968 35 3969 35 3970 35 3971 35 3972 34 3973 35 3974 34 3975 35 3976 34 3977 35 3978 34 3979 35 3980 34 3981 35 3982 34 3983 35 3984 36 3985 35 3986 36 3987 35 3988 36 3989 35 3990 36 3991 35 3992 36 3993 22 3994 23 3995 22 3996 23 3997 22 3998 23 3999 22 4000 23 4001 22 4002 23 4003 22 4004 23 4005 22 4006 23 4007 22 4008 23 4009 22 4010 23 4011 22 4012 23 4013 22 4014 23 4015 22 4016 23 4017 10 4018 11 4019 10 4020 11 4021 10 4022 11 4023 10 4024 11 4025 10 4026 11 4027 10 4028 11 4029 10 4030 11 4031 10 4032 11 4033 10 4034 11 4035 10 4036 11 4037 10 4038 11 4039 10 4040 11 4041</v>
        </vertex_weights>
      </skin>
    </controller>
  </library_controllers>
  <library_animations>
    <animation id="mixamorig_Hips-anim" name="mixamorig_Hips">
      <source id="mixamorig_Hips-Matrix-animation-input">
        <float_array id="mixamorig_Hips-Matrix-animation-input-array" count="2">

0.000000 0.033333</float_array>
        <technique_common>
          <accessor source="#mixamorig_Hips-Matrix-animation-input-array" count="2">
            <param name="TIME" type="float"/>
          </accessor>
        </technique_common>
      </source>
      <source id="mixamorig_Hips-Matrix-animation-output-transform">
        <float_array id="mixamorig_Hips-Matrix-animation-output-transform-array" count="32">

1.000000 -0.000000 -0.000000 -0.000006 0.000000 0.999565 -0.029502 100.116508 0.000000 0.029502 0.999565 -0.949783 0.000000 0.000000 0.000000 1.000000
1.000000 -0.000000 -0.000000 -0.000006 0.000000 0.999565 -0.029502 100.116508 0.000000 0.029502 0.999565 -0.949783 0.000000 0.000000 0.000000 1.000000</float_array>
        <technique_common>
          <accessor source="#mixamorig_Hips-Matrix-animation-output-transform-array" count="2" stride="16">
            <param type="float4x4"/>
          </accessor>
        </technique_common>
      </source>
      <source id="mixamorig_Hips-Interpolations">
        <Name_array id="mixamorig_Hips-Interpolations-array" count="2">
 LINEAR LINEAR</Name_array>
        <technique_common>
          <accessor source="#mixamorig_Hips-Interpolations-array" count="2">
            <param type="name"/>
          </accessor>
        </technique_common>
      </source>
      <sampler id="mixamorig_Hips-Matrix-animation-transform">
        <input semantic="INPUT" source="#mixamorig_Hips-Matrix-animation-input"/>
        <input semantic="OUTPUT" source="#mixamorig_Hips-Matrix-animation-output-transform"/>
        <input semantic="INTERPOLATION" source="#mixamorig_Hips-Interpolations"/>
      </sampler>
      <channel source="#mixamorig_Hips-Matrix-animation-transform" target="mixamorig_Hips/matrix"/>
    </animation>
    <animation id="mixamorig_Spine-anim" name="mixamorig_Spine">
      <source id="mixamorig_Spine-Matrix-animation-input">
        <float_array id="mixamorig_Spine-Matrix-animation-input-array" count="2">

0.000000 0.033333</float_array>
        <technique_common>
          <accessor source="#mixamorig_Spine-Matrix-animation-input-array" count="2">
            <param name="TIME" type="float"/>
          </accessor>
        </technique_common>
      </source>
      <source id="mixamorig_Spine-Matrix-animation-output-transform">
        <float_array id="mixamorig_Spine-Matrix-animation-output-transform-array" count="32">

1.000000 0.000000 0.000000 0.000000 -0.000000 0.999690 0.024907 14.658832 -0.000000 -0.024907 0.999690 -0.000000 0.000000 0.000000 0.000000 1.000000
1.000000 0.000000 0.000000 0.000000 -0.000000 0.999690 0.024907 14.658832 -0.000000 -0.024907 0.999690 -0.000000 0.000000 0.000000 0.000000 1.000000</float_array>
        <technique_common>
          <accessor source="#mixamorig_Spine-Matrix-animation-output-transform-array" count="2" stride="16">
            <param type="float4x4"/>
          </accessor>
        </technique_common>
      </source>
      <source id="mixamorig_Spine-Interpolations">
        <Name_array id="mixamorig_Spine-Interpolations-array" count="2">
 LINEAR LINEAR</Name_array>
        <technique_common>
          <accessor source="#mixamorig_Spine-Interpolations-array" count="2">
            <param type="name"/>
          </accessor>
        </technique_common>
      </source>
      <sampler id="mixamorig_Spine-Matrix-animation-transform">
        <input semantic="INPUT" source="#mixamorig_Spine-Matrix-animation-input"/>
        <input semantic="OUTPUT" source="#mixamorig_Spine-Matrix-animation-output-transform"/>
        <input semantic="INTERPOLATION" source="#mixamorig_Spine-Interpolations"/>
      </sampler>
      <channel source="#mixamorig_Spine-Matrix-animation-transform" target="mixamorig_Spine/matrix"/>
    </animation>
    <animation id="mixamorig_Spine1-anim" name="mixamorig_Spine1">
      <source id="mixamorig_Spine1-Matrix-animation-input">
        <float_array id="mixamorig_Spine1-Matrix-animation-input-array" count="2">

0.000000 0.033333</float_array>
        <technique_common>
          <accessor source="#mixamorig_Spine1-Matrix-animation-input-array" count="2">
            <param name="TIME" type="float"/>
          </accessor>
        </technique_common>
      </source>
      <source id="mixamorig_Spine1-Matrix-animation-output-transform">
        <float_array id="mixamorig_Spine1-Matrix-animation-output-transform-array" count="32">

1.000000 0.000000 0.000000 -0.000000 -0.000000 0.999677 -0.025407 10.372622 -0.000000 0.025407 0.999677 -0.000000 0.000000 0.000000 0.000000 1.000000
1.000000 0.000000 0.000000 -0.000000 -0.000000 0.999677 -0.025407 10.372622 -0.000000 0.025407 0.999677 -0.000000 0.000000 0.000000 0.000000 1.000000</float_array>
        <technique_common>
          <accessor source="#mixamorig_Spine1-Matrix-animation-output-transform-array" count="2" stride="16">
            <param type="float4x4"/>
          </accessor>
        </technique_common>
      </source>
      <source id="mixamorig_Spine1-Interpolations">
        <Name_array id="mixamorig_Spine1-Interpolations-array" count="2">
 LINEAR LINEAR</Name_array>
        <technique_common>
          <accessor source="#mixamorig_Spine1-Interpolations-array" count="2">
            <param type="name"/>
          </accessor>
        </technique_common>
      </source>
      <sampler id="mixamorig_Spine1-Matrix-animation-transform">
        <input semantic="INPUT" source="#mixamorig_Spine1-Matrix-animation-input"/>
        <input semantic="OUTPUT" source="#mixamorig_Spine1-Matrix-animation-output-transform"/>
        <input semantic="INTERPOLATION" source="#mixamorig_Spine1-Interpolations"/>
      </sampler>
      <channel source="#mixamorig_Spine1-Matrix-animation-transform" target="mixamorig_Spine1/matrix"/>
    </animation>
    <animation id="mixamorig_Spine2-anim" name="mixamorig_Spine2">
      <source id="mixamorig_Spine2-Matrix-animation-input">
        <float_array id="mixamorig_Spine2-Matrix-animation-input-array" count="2">

0.000000 0.033333</float_array>
        <technique_common>
          <accessor source="#mixamorig_Spine2-Matrix-animation-input-array" count="2">
            <param name="TIME" type="float"/>
          </accessor>
        </technique_common>
      </source>
      <source id="mixamorig_Spine2-Matrix-animation-output-transform">
        <float_array id="mixamorig_Spine2-Matrix-animation-output-transform-array" count="32">

1.000000 0.000000 -0.000000 -0.000000 -0.000000 0.999364 0.035655 10.089534 0.000000 -0.035655 0.999364 0.000000 0.000000 0.000000 0.000000 1.000000
1.000000 0.000000 -0.000000 -0.000000 -0.000000 0.999364 0.035655 10.089534 0.000000 -0.035655 0.999364 0.000000 0.000000 0.000000 0.000000 1.000000</float_array>
        <technique_common>
          <accessor source="#mixamorig_Spine2-Matrix-animation-output-transform-array" count="2" stride="16">
            <param type="float4x4"/>
          </accessor>
        </technique_common>
      </source>
      <source id="mixamorig_Spine2-Interpolations">
        <Name_array id="mixamorig_Spine2-Interpolations-array" count="2">
 LINEAR LINEAR</Name_array>
        <technique_common>
          <accessor source="#mixamorig_Spine2-Interpolations-array" count="2">
            <param type="name"/>
          </accessor>
        </technique_common>
      </source>
      <sampler id="mixamorig_Spine2-Matrix-animation-transform">
        <input semantic="INPUT" source="#mixamorig_Spine2-Matrix-animation-input"/>
        <input semantic="OUTPUT" source="#mixamorig_Spine2-Matrix-animation-output-transform"/>
        <input semantic="INTERPOLATION" source="#mixamorig_Spine2-Interpolations"/>
      </sampler>
      <channel source="#mixamorig_Spine2-Matrix-animation-transform" target="mixamorig_Spine2/matrix"/>
    </animation>
    <animation id="mixamorig_Neck-anim" name="mixamorig_Neck">
      <source id="mixamorig_Neck-Matrix-animation-input">
        <float_array id="mixamorig_Neck-Matrix-animation-input-array" count="2">

0.000000 0.033333</float_array>
        <technique_common>
          <accessor source="#mixamorig_Neck-Matrix-animation-input-array" count="2">
            <param name="TIME" type="float"/>
          </accessor>
        </technique_common>
      </source>
      <source id="mixamorig_Neck-Matrix-animation-output-transform">
        <float_array id="mixamorig_Neck-Matrix-animation-output-transform-array" count="32">

1.000000 0.000000 -0.000000 0.000013 -0.000000 0.999984 -0.005655 26.668522 0.000000 0.005655 0.999984 -1.206735 0.000000 0.000000 0.000000 1.000000
1.000000 0.000000 -0.000000 0.000013 -0.000000 0.999984 -0.005655 26.668522 0.000000 0.005655 0.999984 -1.206735 0.000000 0.000000 0.000000 1.000000</float_array>
        <technique_common>
          <accessor source="#mixamorig_Neck-Matrix-animation-output-transform-array" count="2" stride="16">
            <param type="float4x4"/>
          </accessor>
        </technique_common>
      </source>
      <source id="mixamorig_Neck-Interpolations">
        <Name_array id="mixamorig_Neck-Interpolations-array" count="2">
 LINEAR LINEAR</Name_array>
        <technique_common>
          <accessor source="#mixamorig_Neck-Interpolations-array" count="2">
            <param type="name"/>
          </accessor>
        </technique_common>
      </source>
      <sampler id="mixamorig_Neck-Matrix-animation-transform">
        <input semantic="INPUT" source="#mixamorig_Neck-Matrix-animation-input"/>
        <input semantic="OUTPUT" source="#mixamorig_Neck-Matrix-animation-output-transform"/>
        <input semantic="INTERPOLATION" source="#mixamorig_Neck-Interpolations"/>
      </sampler>
      <channel source="#mixamorig_Neck-Matrix-animation-transform" target="mixamorig_Neck/matrix"/>
    </animation>
    <animation id="mixamorig_Head-anim" name="mixamorig_Head">
      <source id="mixamorig_Head-Matrix-animation-input">
        <float_array id="mixamorig_Head-Matrix-animation-input-array" count="2">

0.000000 0.033333</float_array>
        <technique_common>
          <accessor source="#mixamorig_Head-Matrix-animation-input-array" count="2">
            <param name="TIME" type="float"/>
          </accessor>
        </technique_common>
      </source>
      <source id="mixamorig_Head-Matrix-animation-output-transform">
        <float_array id="mixamorig_Head-Matrix-animation-output-transform-array" count="32">

1.000000 0.000000 -0.000000 -0.000000 0.000000 1.000000 0.000000 8.300674 0.000000 0.000000 1.000000 3.339198 0.000000 0.000000 0.000000 1.000000
1.000000 0.000000 -0.000000 -0.000000 0.000000 1.000000 0.000000 8.300674 0.000000 0.000000 1.000000 3.339198 0.000000 0.000000 0.000000 1.000000</float_array>
        <technique_common>
          <accessor source="#mixamorig_Head-Matrix-animation-output-transform-array" count="2" stride="16">
            <param type="float4x4"/>
          </accessor>
        </technique_common>
      </source>
      <source id="mixamorig_Head-Interpolations">
        <Name_array id="mixamorig_Head-Interpolations-array" count="2">
 LINEAR LINEAR</Name_array>
        <technique_common>
          <accessor source="#mixamorig_Head-Interpolations-array" count="2">
            <param type="name"/>
          </accessor>
        </technique_common>
      </source>
      <sampler id="mixamorig_Head-Matrix-animation-transform">
        <input semantic="INPUT" source="#mixamorig_Head-Matrix-animation-input"/>
        <input semantic="OUTPUT" source="#mixamorig_Head-Matrix-animation-output-transform"/>
        <input semantic="INTERPOLATION" source="#mixamorig_Head-Interpolations"/>
      </sampler>
      <channel source="#mixamorig_Head-Matrix-animation-transform" target="mixamorig_Head/matrix"/>
    </animation>
    <animation id="mixamorig_LeftShoulder-anim" name="mixamorig_LeftShoulder">
      <source id="mixamorig_LeftShoulder-Matrix-animation-input">
        <float_array id="mixamorig_LeftShoulder-Matrix-animation-input-array" count="2">

0.000000 0.033333</float_array>
        <technique_common>
          <accessor source="#mixamorig_LeftShoulder-Matrix-animation-input-array" count="2">
            <param name="TIME" type="float"/>
          </accessor>
        </technique_common>
      </source>
      <source id="mixamorig_LeftShoulder-Matrix-animation-output-transform">
        <float_array id="mixamorig_LeftShoulder-Matrix-animation-output-transform-array" count="32">

-0.006695 0.887691 -0.460391 14.211895 0.009127 -0.460328 -0.887702 23.227409 -0.999936 -0.010146 -0.005020 -1.268558 0.000000 0.000000 0.000000 1.000000
-0.006695 0.887691 -0.460391 14.211895 0.009127 -0.460328 -0.887702 23.227409 -0.999936 -0.010146 -0.005020 -1.268558 0.000000 0.000000 0.000000 1.000000</float_array>
        <technique_common>
          <accessor source="#mixamorig_LeftShoulder-Matrix-animation-output-transform-array" count="2" stride="16">
            <param type="float4x4"/>
          </accessor>
        </technique_common>
      </source>
      <source id="mixamorig_LeftShoulder-Interpolations">
        <Name_array id="mixamorig_LeftShoulder-Interpolations-array" count="2">
 LINEAR LINEAR</Name_array>
        <technique_common>
          <accessor source="#mixamorig_LeftShoulder-Interpolations-array" count="2">
            <param type="name"/>
          </accessor>
        </technique_common>
      </source>
      <sampler id="mixamorig_LeftShoulder-Matrix-animation-transform">
        <input semantic="INPUT" source="#mixamorig_LeftShoulder-Matrix-animation-input"/>
        <input semantic="OUTPUT" source="#mixamorig_LeftShoulder-Matrix-animation-output-transform"/>
        <input semantic="INTERPOLATION" source="#mixamorig_LeftShoulder-Interpolations"/>
      </sampler>
      <channel source="#mixamorig_LeftShoulder-Matrix-animation-transform" target="mixamorig_LeftShoulder/matrix"/>
    </animation>
    <animation id="mixamorig_LeftArm-anim" name="mixamorig_LeftArm">
      <source id="mixamorig_LeftArm-Matrix-animation-input">
        <float_array id="mixamorig_LeftArm-Matrix-animation-input-array" count="2">

0.000000 0.033333</float_array>
        <technique_common>
          <accessor source="#mixamorig_LeftArm-Matrix-animation-input-array" count="2">
            <param name="TIME" type="float"/>
          </accessor>
        </technique_common>
      </source>
      <source id="mixamorig_LeftArm-Matrix-animation-output-transform">
        <float_array id="mixamorig_LeftArm-Matrix-animation-output-transform-array" count="32">

0.999972 -0.006695 -0.003472 -0.000000 0.007542 0.887701 0.460360 11.940456 -0.000000 -0.460373 0.887726 0.000000 0.000000 0.000000 0.000000 1.000000
0.999972 -0.006695 -0.003472 -0.000000 0.007542 0.887701 0.460360 11.940456 -0.000000 -0.460373 0.887726 0.000000 0.000000 0.000000 0.000000 1.000000</float_array>
        <technique_common>
          <accessor source="#mixamorig_LeftArm-Matrix-animation-output-transform-array" count="2" stride="16">
            <param type="float4x4"/>
          </accessor>
        </technique_common>
      </source>
      <source id="mixamorig_LeftArm-Interpolations">
        <Name_array id="mixamorig_LeftArm-Interpolations-array" count="2">
 LINEAR LINEAR</Name_array>
        <technique_common>
          <accessor source="#mixamorig_LeftArm-Interpolations-array" count="2">
            <param type="name"/>
          </accessor>
        </technique_common>
      </source>
      <sampler id="mixamorig_LeftArm-Matrix-animation-transform">
        <input semantic="INPUT" source="#mixamorig_LeftArm-Matrix-animation-input"/>
        <input semantic="OUTPUT" source="#mixamorig_LeftArm-Matrix-animation-output-transform"/>
        <input semantic="INTERPOLATION" source="#mixamorig_LeftArm-Interpolations"/>
      </sampler>
      <channel source="#mixamorig_LeftArm-Matrix-animation-transform" target="mixamorig_LeftArm/matrix"/>
    </animation>
    <animation id="mixamorig_LeftForeArm-anim" name="mixamorig_LeftForeArm">
      <source id="mixamorig_LeftForeArm-Matrix-animation-input">
        <float_array id="mixamorig_LeftForeArm-Matrix-animation-input-array" count="2">

0.000000 0.033333</float_array>
        <technique_common>
          <accessor source="#mixamorig_LeftForeArm-Matrix-animation-input-array" count="2">
            <param name="TIME" type="float"/>
          </accessor>
        </technique_common>
      </source>
      <source id="mixamorig_LeftForeArm-Matrix-animation-output-transform">
        <float_array id="mixamorig_LeftForeArm-Matrix-animation-output-transform-array" count="32">

1.000000 -0.000006 -0.000061 -0.000000 0.000006 1.000000 0.000001 32.327599 0.000061 -0.000001 1.000000 -0.000000 0.000000 0.000000 0.000000 1.000000
1.000000 -0.000006 -0.000061 -0.000000 0.000006 1.000000 0.000001 32.327599 0.000061 -0.000001 1.000000 -0.000000 0.000000 0.000000 0.000000 1.000000</float_array>
        <technique_common>
          <accessor source="#mixamorig_LeftForeArm-Matrix-animation-output-transform-array" count="2" stride="16">
            <param type="float4x4"/>
          </accessor>
        </technique_common>
      </source>
      <source id="mixamorig_LeftForeArm-Interpolations">
        <Name_array id="mixamorig_LeftForeArm-Interpolations-array" count="2">
 LINEAR LINEAR</Name_array>
        <technique_common>
          <accessor source="#mixamorig_LeftForeArm-Interpolations-array" count="2">
            <param type="name"/>
          </accessor>
        </technique_common>
      </source>
      <sampler id="mixamorig_LeftForeArm-Matrix-animation-transform">
        <input semantic="INPUT" source="#mixamorig_LeftForeArm-Matrix-animation-input"/>
        <input semantic="OUTPUT" source="#mixamorig_LeftForeArm-Matrix-animation-output-transform"/>
        <input semantic="INTERPOLATION" source="#mixamorig_LeftForeArm-Interpolations"/>
      </sampler>
      <channel source="#mixamorig_LeftForeArm-Matrix-animation-transform" target="mixamorig_LeftForeArm/matrix"/>
    </animation>
    <animation id="mixamorig_LeftHand-anim" name="mixamorig_LeftHand">
      <source id="mixamorig_LeftHand-Matrix-animation-input">
        <float_array id="mixamorig_LeftHand-Matrix-animation-input-array" count="2">

0.000000 0.033333</float_array>
        <technique_common>
          <accessor source="#mixamorig_LeftHand-Matrix-animation-input-array" count="2">
            <param name="TIME" type="float"/>
          </accessor>
        </technique_common>
      </source>
      <source id="mixamorig_LeftHand-Matrix-animation-output-transform">
        <float_array id="mixamorig_LeftHand-Matrix-animation-output-transform-array" count="32">

1.000000 0.000011 0.000000 0.000181 -0.000011 0.999976 -0.006989 31.834743 -0.000000 0.006989 0.999976 -0.000000 0.000000 0.000000 0.000000 1.000000
1.000000 0.000011 0.000000 0.000181 -0.000011 0.999976 -0.006989 31.834743 -0.000000 0.006989 0.999976 -0.000000 0.000000 0.000000 0.000000 1.000000</float_array>
        <technique_common>
          <accessor source="#mixamorig_LeftHand-Matrix-animation-output-transform-array" count="2" stride="16">
            <param type="float4x4"/>
          </accessor>
        </technique_common>
      </source>
      <source id="mixamorig_LeftHand-Interpolations">
        <Name_array id="mixamorig_LeftHand-Interpolations-array" count="2">
 LINEAR LINEAR</Name_array>
        <technique_common>
          <accessor source="#mixamorig_LeftHand-Interpolations-array" count="2">
            <param type="name"/>
          </accessor>
        </technique_common>
      </source>
      <sampler id="mixamorig_LeftHand-Matrix-animation-transform">
        <input semantic="INPUT" source="#mixamorig_LeftHand-Matrix-animation-input"/>
        <input semantic="OUTPUT" source="#mixamorig_LeftHand-Matrix-animation-output-transform"/>
        <input semantic="INTERPOLATION" source="#mixamorig_LeftHand-Interpolations"/>
      </sampler>
      <channel source="#mixamorig_LeftHand-Matrix-animation-transform" target="mixamorig_LeftHand/matrix"/>
    </animation>
    <animation id="mixamorig_LeftHandThumb1-anim" name="mixamorig_LeftHandThumb1">
      <source id="mixamorig_LeftHandThumb1-Matrix-animation-input">
        <float_array id="mixamorig_LeftHandThumb1-Matrix-animation-input-array" count="2">

0.000000 0.033333</float_array>
        <technique_common>
          <accessor source="#mixamorig_LeftHandThumb1-Matrix-animation-input-array" count="2">
            <param name="TIME" type="float"/>
          </accessor>
        </technique_common>
      </source>
      <source id="mixamorig_LeftHandThumb1-Matrix-animation-output-transform">
        <float_array id="mixamorig_LeftHandThumb1-Matrix-animation-output-transform-array" count="32">

0.894439 -0.447189 0.000013 -7.403536 0.388832 0.777702 -0.493953 10.426579 0.220880 0.441816 0.869488 3.702016 0.000000 0.000000 0.000000 1.000000
0.894439 -0.447189 0.000013 -7.403536 0.388832 0.777702 -0.493953 10.426579 0.220880 0.441816 0.869488 3.702016 0.000000 0.000000 0.000000 1.000000</float_array>
        <technique_common>
          <accessor source="#mixamorig_LeftHandThumb1-Matrix-animation-output-transform-array" count="2" stride="16">
            <param type="float4x4"/>
          </accessor>
        </technique_common>
      </source>
      <source id="mixamorig_LeftHandThumb1-Interpolations">
        <Name_array id="mixamorig_LeftHandThumb1-Interpolations-array" count="2">
 LINEAR LINEAR</Name_array>
        <technique_common>
          <accessor source="#mixamorig_LeftHandThumb1-Interpolations-array" count="2">
            <param type="name"/>
          </accessor>
        </technique_common>
      </source>
      <sampler id="mixamorig_LeftHandThumb1-Matrix-animation-transform">
        <input semantic="INPUT" source="#mixamorig_LeftHandThumb1-Matrix-animation-input"/>
        <input semantic="OUTPUT" source="#mixamorig_LeftHandThumb1-Matrix-animation-output-transform"/>
        <input semantic="INTERPOLATION" source="#mixamorig_LeftHandThumb1-Interpolations"/>
      </sampler>
      <channel source="#mixamorig_LeftHandThumb1-Matrix-animation-transform" target="mixamorig_LeftHandThumb1/matrix"/>
    </animation>
    <animation id="mixamorig_LeftHandThumb2-anim" name="mixamorig_LeftHandThumb2">
      <source id="mixamorig_LeftHandThumb2-Matrix-animation-input">
        <float_array id="mixamorig_LeftHandThumb2-Matrix-animation-input-array" count="2">

0.000000 0.033333</float_array>
        <technique_common>
          <accessor source="#mixamorig_LeftHandThumb2-Matrix-animation-input-array" count="2">
            <param name="TIME" type="float"/>
          </accessor>
        </technique_common>
      </source>
      <source id="mixamorig_LeftHandThumb2-Matrix-animation-output-transform">
        <float_array id="mixamorig_LeftHandThumb2-Matrix-animation-output-transform-array" count="32">

1.000000 0.000001 0.000000 -0.000000 -0.000001 1.000000 0.000000 5.049845 -0.000000 -0.000000 1.000000 -0.000000 0.000000 0.000000 0.000000 1.000000
1.000000 0.000001 0.000000 -0.000000 -0.000001 1.000000 0.000000 5.049845 -0.000000 -0.000000 1.000000 -0.000000 0.000000 0.000000 0.000000 1.000000</float_array>
        <technique_common>
          <accessor source="#mixamorig_LeftHandThumb2-Matrix-animation-output-transform-array" count="2" stride="16">
            <param type="float4x4"/>
          </accessor>
        </technique_common>
      </source>
      <source id="mixamorig_LeftHandThumb2-Interpolations">
        <Name_array id="mixamorig_LeftHandThumb2-Interpolations-array" count="2">
 LINEAR LINEAR</Name_array>
        <technique_common>
          <accessor source="#mixamorig_LeftHandThumb2-Interpolations-array" count="2">
            <param type="name"/>
          </accessor>
        </technique_common>
      </source>
      <sampler id="mixamorig_LeftHandThumb2-Matrix-animation-transform">
        <input semantic="INPUT" source="#mixamorig_LeftHandThumb2-Matrix-animation-input"/>
        <input semantic="OUTPUT" source="#mixamorig_LeftHandThumb2-Matrix-animation-output-transform"/>
        <input semantic="INTERPOLATION" source="#mixamorig_LeftHandThumb2-Interpolations"/>
      </sampler>
      <channel source="#mixamorig_LeftHandThumb2-Matrix-animation-transform" target="mixamorig_LeftHandThumb2/matrix"/>
    </animation>
    <animation id="mixamorig_LeftHandThumb3-anim" name="mixamorig_LeftHandThumb3">
      <source id="mixamorig_LeftHandThumb3-Matrix-animation-input">
        <float_array id="mixamorig_LeftHandThumb3-Matrix-animation-input-array" count="2">

0.000000 0.033333</float_array>
        <technique_common>
          <accessor source="#mixamorig_LeftHandThumb3-Matrix-animation-input-array" count="2">
            <param name="TIME" type="float"/>
          </accessor>
        </technique_common>
      </source>
      <source id="mixamorig_LeftHandThumb3-Matrix-animation-output-transform">
        <float_array id="mixamorig_LeftHandThumb3-Matrix-animation-output-transform-array" count="32">

1.000000 0.000001 -0.000003 0.000039 -0.000001 1.000000 -0.000001 5.797240 0.000003 0.000001 1.000000 0.000008 0.000000 0.000000 0.000000 1.000000
1.000000 0.000001 -0.000003 0.000039 -0.000001 1.000000 -0.000001 5.797240 0.000003 0.000001 1.000000 0.000008 0.000000 0.000000 0.000000 1.000000</float_array>
        <technique_common>
          <accessor source="#mixamorig_LeftHandThumb3-Matrix-animation-output-transform-array" count="2" stride="16">
            <param type="float4x4"/>
          </accessor>
        </technique_common>
      </source>
      <source id="mixamorig_LeftHandThumb3-Interpolations">
        <Name_array id="mixamorig_LeftHandThumb3-Interpolations-array" count="2">
 LINEAR LINEAR</Name_array>
        <technique_common>
          <accessor source="#mixamorig_LeftHandThumb3-Interpolations-array" count="2">
            <param type="name"/>
          </accessor>
        </technique_common>
      </source>
      <sampler id="mixamorig_LeftHandThumb3-Matrix-animation-transform">
        <input semantic="INPUT" source="#mixamorig_LeftHandThumb3-Matrix-animation-input"/>
        <input semantic="OUTPUT" source="#mixamorig_LeftHandThumb3-Matrix-animation-output-transform"/>
        <input semantic="INTERPOLATION" source="#mixamorig_LeftHandThumb3-Interpolations"/>
      </sampler>
      <channel source="#mixamorig_LeftHandThumb3-Matrix-animation-transform" target="mixamorig_LeftHandThumb3/matrix"/>
    </animation>
    <animation id="mixamorig_LeftHandIndex1-anim" name="mixamorig_LeftHandIndex1">
      <source id="mixamorig_LeftHandIndex1-Matrix-animation-input">
        <float_array id="mixamorig_LeftHandIndex1-Matrix-animation-input-array" count="2">

0.000000 0.033333</float_array>
        <technique_common>
          <accessor source="#mixamorig_LeftHandIndex1-Matrix-animation-input-array" count="2">
            <param name="TIME" type="float"/>
          </accessor>
        </technique_common>
      </source>
      <source id="mixamorig_LeftHandIndex1-Matrix-animation-output-transform">
        <float_array id="mixamorig_LeftHandIndex1-Matrix-animation-output-transform-array" count="32">

1.000000 -0.000004 0.000000 -0.000108 0.000004 0.999976 0.006988 22.748438 -0.000000 -0.006988 0.999976 -0.159007 0.000000 0.000000 0.000000 1.000000
1.000000 -0.000004 0.000000 -0.000108 0.000004 0.999976 0.006988 22.748438 -0.000000 -0.006988 0.999976 -0.159007 0.000000 0.000000 0.000000 1.000000</float_array>
        <technique_common>
          <accessor source="#mixamorig_LeftHandIndex1-Matrix-animation-output-transform-array" count="2" stride="16">
            <param type="float4x4"/>
          </accessor>
        </technique_common>
      </source>
      <source id="mixamorig_LeftHandIndex1-Interpolations">
        <Name_array id="mixamorig_LeftHandIndex1-Interpolations-array" count="2">
 LINEAR LINEAR</Name_array>
        <technique_common>
          <accessor source="#mixamorig_LeftHandIndex1-Interpolations-array" count="2">
            <param type="name"/>
          </accessor>
        </technique_common>
      </source>
      <sampler id="mixamorig_LeftHandIndex1-Matrix-animation-transform">
        <input semantic="INPUT" source="#mixamorig_LeftHandIndex1-Matrix-animation-input"/>
        <input semantic="OUTPUT" source="#mixamorig_LeftHandIndex1-Matrix-animation-output-transform"/>
        <input semantic="INTERPOLATION" source="#mixamorig_LeftHandIndex1-Interpolations"/>
      </sampler>
      <channel source="#mixamorig_LeftHandIndex1-Matrix-animation-transform" target="mixamorig_LeftHandIndex1/matrix"/>
    </animation>
    <animation id="mixamorig_LeftHandIndex2-anim" name="mixamorig_LeftHandIndex2">
      <source id="mixamorig_LeftHandIndex2-Matrix-animation-input">
        <float_array id="mixamorig_LeftHandIndex2-Matrix-animation-input-array" count="2">

0.000000 0.033333</float_array>
        <technique_common>
          <accessor source="#mixamorig_LeftHandIndex2-Matrix-animation-input-array" count="2">
            <param name="TIME" type="float"/>
          </accessor>
        </technique_common>
      </source>
      <source id="mixamorig_LeftHandIndex2-Matrix-animation-output-transform">
        <float_array id="mixamorig_LeftHandIndex2-Matrix-animation-output-transform-array" count="32">

1.000000 -0.000000 -0.000000 0.000000 0.000000 1.000000 0.000000 5.146164 0.000000 -0.000000 1.000000 -0.000000 0.000000 0.000000 0.000000 1.000000
1.000000 -0.000000 -0.000000 0.000000 0.000000 1.000000 0.000000 5.146164 0.000000 -0.000000 1.000000 -0.000000 0.000000 0.000000 0.000000 1.000000</float_array>
        <technique_common>
          <accessor source="#mixamorig_LeftHandIndex2-Matrix-animation-output-transform-array" count="2" stride="16">
            <param type="float4x4"/>
          </accessor>
        </technique_common>
      </source>
      <source id="mixamorig_LeftHandIndex2-Interpolations">
        <Name_array id="mixamorig_LeftHandIndex2-Interpolations-array" count="2">
 LINEAR LINEAR</Name_array>
        <technique_common>
          <accessor source="#mixamorig_LeftHandIndex2-Interpolations-array" count="2">
            <param type="name"/>
          </accessor>
        </technique_common>
      </source>
      <sampler id="mixamorig_LeftHandIndex2-Matrix-animation-transform">
        <input semantic="INPUT" source="#mixamorig_LeftHandIndex2-Matrix-animation-input"/>
        <input semantic="OUTPUT" source="#mixamorig_LeftHandIndex2-Matrix-animation-output-transform"/>
        <input semantic="INTERPOLATION" source="#mixamorig_LeftHandIndex2-Interpolations"/>
      </sampler>
      <channel source="#mixamorig_LeftHandIndex2-Matrix-animation-transform" target="mixamorig_LeftHandIndex2/matrix"/>
    </animation>
    <animation id="mixamorig_LeftHandIndex3-anim" name="mixamorig_LeftHandIndex3">
      <source id="mixamorig_LeftHandIndex3-Matrix-animation-input">
        <float_array id="mixamorig_LeftHandIndex3-Matrix-animation-input-array" count="2">

0.000000 0.033333</float_array>
        <technique_common>
          <accessor source="#mixamorig_LeftHandIndex3-Matrix-animation-input-array" count="2">
            <param name="TIME" type="float"/>
          </accessor>
        </technique_common>
      </source>
      <source id="mixamorig_LeftHandIndex3-Matrix-animation-output-transform">
        <float_array id="mixamorig_LeftHandIndex3-Matrix-animation-output-transform-array" count="32">

1.000000 -0.000001 -0.000000 0.000000 0.000001 1.000000 -0.000000 5.107414 0.000000 0.000000 1.000000 0.000000 0.000000 0.000000 0.000000 1.000000
1.000000 -0.000001 -0.000000 0.000000 0.000001 1.000000 -0.000000 5.107414 0.000000 0.000000 1.000000 0.000000 0.000000 0.000000 0.000000 1.000000</float_array>
        <technique_common>
          <accessor source="#mixamorig_LeftHandIndex3-Matrix-animation-output-transform-array" count="2" stride="16">
            <param type="float4x4"/>
          </accessor>
        </technique_common>
      </source>
      <source id="mixamorig_LeftHandIndex3-Interpolations">
        <Name_array id="mixamorig_LeftHandIndex3-Interpolations-array" count="2">
 LINEAR LINEAR</Name_array>
        <technique_common>
          <accessor source="#mixamorig_LeftHandIndex3-Interpolations-array" count="2">
            <param type="name"/>
          </accessor>
        </technique_common>
      </source>
      <sampler id="mixamorig_LeftHandIndex3-Matrix-animation-transform">
        <input semantic="INPUT" source="#mixamorig_LeftHandIndex3-Matrix-animation-input"/>
        <input semantic="OUTPUT" source="#mixamorig_LeftHandIndex3-Matrix-animation-output-transform"/>
        <input semantic="INTERPOLATION" source="#mixamorig_LeftHandIndex3-Interpolations"/>
      </sampler>
      <channel source="#mixamorig_LeftHandIndex3-Matrix-animation-transform" target="mixamorig_LeftHandIndex3/matrix"/>
    </animation>
    <animation id="mixamorig_RightShoulder-anim" name="mixamorig_RightShoulder">
      <source id="mixamorig_RightShoulder-Matrix-animation-input">
        <float_array id="mixamorig_RightShoulder-Matrix-animation-input-array" count="2">

0.000000 0.033333</float_array>
        <technique_common>
          <accessor source="#mixamorig_RightShoulder-Matrix-animation-input-array" count="2">
            <param name="TIME" type="float"/>
          </accessor>
        </technique_common>
      </source>
      <source id="mixamorig_RightShoulder-Matrix-animation-output-transform">
        <float_array id="mixamorig_RightShoulder-Matrix-animation-output-transform-array" count="32">

-0.006695 -0.887699 0.460375 -14.211868 -0.009127 -0.460312 -0.887710 23.227409 0.999936 -0.010146 -0.005020 -1.268558 0.000000 0.000000 0.000000 1.000000
-0.006695 -0.887699 0.460375 -14.211868 -0.009127 -0.460312 -0.887710 23.227409 0.999936 -0.010146 -0.005020 -1.268558 0.000000 0.000000 0.000000 1.000000</float_array>
        <technique_common>
          <accessor source="#mixamorig_RightShoulder-Matrix-animation-output-transform-array" count="2" stride="16">
            <param type="float4x4"/>
          </accessor>
        </technique_common>
      </source>
      <source id="mixamorig_RightShoulder-Interpolations">
        <Name_array id="mixamorig_RightShoulder-Interpolations-array" count="2">
 LINEAR LINEAR</Name_array>
        <technique_common>
          <accessor source="#mixamorig_RightShoulder-Interpolations-array" count="2">
            <param type="name"/>
          </accessor>
        </technique_common>
      </source>
      <sampler id="mixamorig_RightShoulder-Matrix-animation-transform">
        <input semantic="INPUT" source="#mixamorig_RightShoulder-Matrix-animation-input"/>
        <input semantic="OUTPUT" source="#mixamorig_RightShoulder-Matrix-animation-output-transform"/>
        <input semantic="INTERPOLATION" source="#mixamorig_RightShoulder-Interpolations"/>
      </sampler>
      <channel source="#mixamorig_RightShoulder-Matrix-animation-transform" target="mixamorig_RightShoulder/matrix"/>
    </animation>
    <animation id="mixamorig_RightArm-anim" name="mixamorig_RightArm">
      <source id="mixamorig_RightArm-Matrix-animation-input">
        <float_array id="mixamorig_RightArm-Matrix-animation-input-array" count="2">

0.000000 0.033333</float_array>
        <technique_common>
          <accessor source="#mixamorig_RightArm-Matrix-animation-input-array" count="2">
            <param name="TIME" type="float"/>
          </accessor>
        </technique_common>
      </source>
      <source id="mixamorig_RightArm-Matrix-animation-output-transform">
        <float_array id="mixamorig_RightArm-Matrix-animation-output-transform-array" count="32">

0.999972 0.006696 0.003472 -0.000000 -0.007542 0.887701 0.460360 11.940486 0.000000 -0.460373 0.887726 0.000000 0.000000 0.000000 0.000000 1.000000
0.999972 0.006696 0.003472 -0.000000 -0.007542 0.887701 0.460360 11.940486 0.000000 -0.460373 0.887726 0.000000 0.000000 0.000000 0.000000 1.000000</float_array>
        <technique_common>
          <accessor source="#mixamorig_RightArm-Matrix-animation-output-transform-array" count="2" stride="16">
            <param type="float4x4"/>
          </accessor>
        </technique_common>
      </source>
      <source id="mixamorig_RightArm-Interpolations">
        <Name_array id="mixamorig_RightArm-Interpolations-array" count="2">
 LINEAR LINEAR</Name_array>
        <technique_common>
          <accessor source="#mixamorig_RightArm-Interpolations-array" count="2">
            <param type="name"/>
          </accessor>
        </technique_common>
      </source>
      <sampler id="mixamorig_RightArm-Matrix-animation-transform">
        <input semantic="INPUT" source="#mixamorig_RightArm-Matrix-animation-input"/>
        <input semantic="OUTPUT" source="#mixamorig_RightArm-Matrix-animation-output-transform"/>
        <input semantic="INTERPOLATION" source="#mixamorig_RightArm-Interpolations"/>
      </sampler>
      <channel source="#mixamorig_RightArm-Matrix-animation-transform" target="mixamorig_RightArm/matrix"/>
    </animation>
    <animation id="mixamorig_RightForeArm-anim" name="mixamorig_RightForeArm">
      <source id="mixamorig_RightForeArm-Matrix-animation-input">
        <float_array id="mixamorig_RightForeArm-Matrix-animation-input-array" count="2">

0.000000 0.033333</float_array>
        <technique_common>
          <accessor source="#mixamorig_RightForeArm-Matrix-animation-input-array" count="2">
            <param name="TIME" type="float"/>
          </accessor>
        </technique_common>
      </source>
      <source id="mixamorig_RightForeArm-Matrix-animation-output-transform">
        <float_array id="mixamorig_RightForeArm-Matrix-animation-output-transform-array" count="32">

1.000000 0.000002 0.000061 -0.000000 -0.000002 1.000000 -0.000000 32.327599 -0.000061 0.000000 1.000000 0.000000 0.000000 0.000000 0.000000 1.000000
1.000000 0.000002 0.000061 -0.000000 -0.000002 1.000000 -0.000000 32.327599 -0.000061 0.000000 1.000000 0.000000 0.000000 0.000000 0.000000 1.000000</float_array>
        <technique_common>
          <accessor source="#mixamorig_RightForeArm-Matrix-animation-output-transform-array" count="2" stride="16">
            <param type="float4x4"/>
          </accessor>
        </technique_common>
      </source>
      <source id="mixamorig_RightForeArm-Interpolations">
        <Name_array id="mixamorig_RightForeArm-Interpolations-array" count="2">
 LINEAR LINEAR</Name_array>
        <technique_common>
          <accessor source="#mixamorig_RightForeArm-Interpolations-array" count="2">
            <param type="name"/>
          </accessor>
        </technique_common>
      </source>
      <sampler id="mixamorig_RightForeArm-Matrix-animation-transform">
        <input semantic="INPUT" source="#mixamorig_RightForeArm-Matrix-animation-input"/>
        <input semantic="OUTPUT" source="#mixamorig_RightForeArm-Matrix-animation-output-transform"/>
        <input semantic="INTERPOLATION" source="#mixamorig_RightForeArm-Interpolations"/>
      </sampler>
      <channel source="#mixamorig_RightForeArm-Matrix-animation-transform" target="mixamorig_RightForeArm/matrix"/>
    </animation>
    <animation id="mixamorig_RightHand-anim" name="mixamorig_RightHand">
      <source id="mixamorig_RightHand-Matrix-animation-input">
        <float_array id="mixamorig_RightHand-Matrix-animation-input-array" count="2">

0.000000 0.033333</float_array>
        <technique_common>
          <accessor source="#mixamorig_RightHand-Matrix-animation-input-array" count="2">
            <param name="TIME" type="float"/>
          </accessor>
        </technique_common>
      </source>
      <source id="mixamorig_RightHand-Matrix-animation-output-transform">
        <float_array id="mixamorig_RightHand-Matrix-animation-output-transform-array" count="32">

1.000000 -0.000008 -0.000000 -0.000077 0.000008 0.999976 -0.006913 32.168892 0.000000 0.006913 0.999976 -0.000000 0.000000 0.000000 0.000000 1.000000
1.000000 -0.000008 -0.000000 -0.000077 0.000008 0.999976 -0.006913 32.168892 0.000000 0.006913 0.999976 -0.000000 0.000000 0.000000 0.000000 1.000000</float_array>
        <technique_common>
          <accessor source="#mixamorig_RightHand-Matrix-animation-output-transform-array" count="2" stride="16">
            <param type="float4x4"/>
          </accessor>
        </technique_common>
      </source>
      <source id="mixamorig_RightHand-Interpolations">
        <Name_array id="mixamorig_RightHand-Interpolations-array" count="2">
 LINEAR LINEAR</Name_array>
        <technique_common>
          <accessor source="#mixamorig_RightHand-Interpolations-array" count="2">
            <param type="name"/>
          </accessor>
        </technique_common>
      </source>
      <sampler id="mixamorig_RightHand-Matrix-animation-transform">
        <input semantic="INPUT" source="#mixamorig_RightHand-Matrix-animation-input"/>
        <input semantic="OUTPUT" source="#mixamorig_RightHand-Matrix-animation-output-transform"/>
        <input semantic="INTERPOLATION" source="#mixamorig_RightHand-Interpolations"/>
      </sampler>
      <channel source="#mixamorig_RightHand-Matrix-animation-transform" target="mixamorig_RightHand/matrix"/>
    </animation>
    <animation id="mixamorig_RightHandThumb1-anim" name="mixamorig_RightHandThumb1">
      <source id="mixamorig_RightHandThumb1-Matrix-animation-input">
        <float_array id="mixamorig_RightHandThumb1-Matrix-animation-input-array" count="2">

0.000000 0.033333</float_array>
        <technique_common>
          <accessor source="#mixamorig_RightHandThumb1-Matrix-animation-input-array" count="2">
            <param name="TIME" type="float"/>
          </accessor>
        </technique_common>
      </source>
      <source id="mixamorig_RightHandThumb1-Matrix-animation-output-transform">
        <float_array id="mixamorig_RightHandThumb1-Matrix-animation-output-transform-array" count="32">

0.894439 0.447191 -0.000012 4.773039 -0.388815 0.777668 -0.494020 10.394019 -0.220912 0.441875 0.869451 3.788100 0.000000 0.000000 0.000000 1.000000
0.894439 0.447191 -0.000012 4.773039 -0.388815 0.777668 -0.494020 10.394019 -0.220912 0.441875 0.869451 3.788100 0.000000 0.000000 0.000000 1.000000</float_array>
        <technique_common>
          <accessor source="#mixamorig_RightHandThumb1-Matrix-animation-output-transform-array" count="2" stride="16">
            <param type="float4x4"/>
          </accessor>
        </technique_common>
      </source>
      <source id="mixamorig_RightHandThumb1-Interpolations">
        <Name_array id="mixamorig_RightHandThumb1-Interpolations-array" count="2">
 LINEAR LINEAR</Name_array>
        <technique_common>
          <accessor source="#mixamorig_RightHandThumb1-Interpolations-array" count="2">
            <param type="name"/>
          </accessor>
        </technique_common>
      </source>
      <sampler id="mixamorig_RightHandThumb1-Matrix-animation-transform">
        <input semantic="INPUT" source="#mixamorig_RightHandThumb1-Matrix-animation-input"/>
        <input semantic="OUTPUT" source="#mixamorig_RightHandThumb1-Matrix-animation-output-transform"/>
        <input semantic="INTERPOLATION" source="#mixamorig_RightHandThumb1-Interpolations"/>
      </sampler>
      <channel source="#mixamorig_RightHandThumb1-Matrix-animation-transform" target="mixamorig_RightHandThumb1/matrix"/>
    </animation>
    <animation id="mixamorig_RightHandThumb2-anim" name="mixamorig_RightHandThumb2">
      <source id="mixamorig_RightHandThumb2-Matrix-animation-input">
        <float_array id="mixamorig_RightHandThumb2-Matrix-animation-input-array" count="2">

0.000000 0.033333</float_array>
        <technique_common>
          <accessor source="#mixamorig_RightHandThumb2-Matrix-animation-input-array" count="2">
            <param name="TIME" type="float"/>
          </accessor>
        </technique_common>
      </source>
      <source id="mixamorig_RightHandThumb2-Matrix-animation-output-transform">
        <float_array id="mixamorig_RightHandThumb2-Matrix-animation-output-transform-array" count="32">

1.000000 -0.000000 0.000000 -0.000000 0.000000 1.000000 -0.000000 5.770444 -0.000000 0.000000 1.000000 -0.000000 0.000000 0.000000 0.000000 1.000000
1.000000 -0.000000 0.000000 -0.000000 0.000000 1.000000 -0.000000 5.770444 -0.000000 0.000000 1.000000 -0.000000 0.000000 0.000000 0.000000 1.000000</float_array>
        <technique_common>
          <accessor source="#mixamorig_RightHandThumb2-Matrix-animation-output-transform-array" count="2" stride="16">
            <param type="float4x4"/>
          </accessor>
        </technique_common>
      </source>
      <source id="mixamorig_RightHandThumb2-Interpolations">
        <Name_array id="mixamorig_RightHandThumb2-Interpolations-array" count="2">
 LINEAR LINEAR</Name_array>
        <technique_common>
          <accessor source="#mixamorig_RightHandThumb2-Interpolations-array" count="2">
            <param type="name"/>
          </accessor>
        </technique_common>
      </source>
      <sampler id="mixamorig_RightHandThumb2-Matrix-animation-transform">
        <input semantic="INPUT" source="#mixamorig_RightHandThumb2-Matrix-animation-input"/>
        <input semantic="OUTPUT" source="#mixamorig_RightHandThumb2-Matrix-animation-output-transform"/>
        <input semantic="INTERPOLATION" source="#mixamorig_RightHandThumb2-Interpolations"/>
      </sampler>
      <channel source="#mixamorig_RightHandThumb2-Matrix-animation-transform" target="mixamorig_RightHandThumb2/matrix"/>
    </animation>
    <animation id="mixamorig_RightHandThumb3-anim" name="mixamorig_RightHandThumb3">
      <source id="mixamorig_RightHandThumb3-Matrix-animation-input">
        <float_array id="mixamorig_RightHandThumb3-Matrix-animation-input-array" count="2">

0.000000 0.033333</float_array>
        <technique_common>
          <accessor source="#mixamorig_RightHandThumb3-Matrix-animation-input-array" count="2">
            <param name="TIME" type="float"/>
          </accessor>
        </technique_common>
      </source>
      <source id="mixamorig_RightHandThumb3-Matrix-animation-output-transform">
        <float_array id="mixamorig_RightHandThumb3-Matrix-animation-output-transform-array" count="32">

1.000000 0.000000 -0.000000 -0.000012 0.000000 1.000000 -0.000000 6.146449 -0.000000 0.000000 1.000000 -0.000007 0.000000 0.000000 0.000000 1.000000
1.000000 0.000000 -0.000000 -0.000012 0.000000 1.000000 -0.000000 6.146449 -0.000000 0.000000 1.000000 -0.000007 0.000000 0.000000 0.000000 1.000000</float_array>
        <technique_common>
          <accessor source="#mixamorig_RightHandThumb3-Matrix-animation-output-transform-array" count="2" stride="16">
            <param type="float4x4"/>
          </accessor>
        </technique_common>
      </source>
      <source id="mixamorig_RightHandThumb3-Interpolations">
        <Name_array id="mixamorig_RightHandThumb3-Interpolations-array" count="2">
 LINEAR LINEAR</Name_array>
        <technique_common>
          <accessor source="#mixamorig_RightHandThumb3-Interpolations-array" count="2">
            <param type="name"/>
          </accessor>
        </technique_common>
      </source>
      <sampler id="mixamorig_RightHandThumb3-Matrix-animation-transform">
        <input semantic="INPUT" source="#mixamorig_RightHandThumb3-Matrix-animation-input"/>
        <input semantic="OUTPUT" source="#mixamorig_RightHandThumb3-Matrix-animation-output-transform"/>
        <input semantic="INTERPOLATION" source="#mixamorig_RightHandThumb3-Interpolations"/>
      </sampler>
      <channel source="#mixamorig_RightHandThumb3-Matrix-animation-transform" target="mixamorig_RightHandThumb3/matrix"/>
    </animation>
    <animation id="mixamorig_RightHandIndex1-anim" name="mixamorig_RightHandIndex1">
      <source id="mixamorig_RightHandIndex1-Matrix-animation-input">
        <float_array id="mixamorig_RightHandIndex1-Matrix-animation-input-array" count="2">

0.000000 0.033333</float_array>
        <technique_common>
          <accessor source="#mixamorig_RightHandIndex1-Matrix-animation-input-array" count="2">
            <param name="TIME" type="float"/>
          </accessor>
        </technique_common>
      </source>
      <source id="mixamorig_RightHandIndex1-Matrix-animation-output-transform">
        <float_array id="mixamorig_RightHandIndex1-Matrix-animation-output-transform-array" count="32">

1.000000 0.000005 0.000000 0.000103 -0.000005 0.999976 0.006914 21.103012 0.000000 -0.006914 0.999976 -0.145872 0.000000 0.000000 0.000000 1.000000
1.000000 0.000005 0.000000 0.000103 -0.000005 0.999976 0.006914 21.103012 0.000000 -0.006914 0.999976 -0.145872 0.000000 0.000000 0.000000 1.000000</float_array>
        <technique_common>
          <accessor source="#mixamorig_RightHandIndex1-Matrix-animation-output-transform-array" count="2" stride="16">
            <param type="float4x4"/>
          </accessor>
        </technique_common>
      </source>
      <source id="mixamorig_RightHandIndex1-Interpolations">
        <Name_array id="mixamorig_RightHandIndex1-Interpolations-array" count="2">
 LINEAR LINEAR</Name_array>
        <technique_common>
          <accessor source="#mixamorig_RightHandIndex1-Interpolations-array" count="2">
            <param type="name"/>
          </accessor>
        </technique_common>
      </source>
      <sampler id="mixamorig_RightHandIndex1-Matrix-animation-transform">
        <input semantic="INPUT" source="#mixamorig_RightHandIndex1-Matrix-animation-input"/>
        <input semantic="OUTPUT" source="#mixamorig_RightHandIndex1-Matrix-animation-output-transform"/>
        <input semantic="INTERPOLATION" source="#mixamorig_RightHandIndex1-Interpolations"/>
      </sampler>
      <channel source="#mixamorig_RightHandIndex1-Matrix-animation-transform" target="mixamorig_RightHandIndex1/matrix"/>
    </animation>
    <animation id="mixamorig_RightHandIndex2-anim" name="mixamorig_RightHandIndex2">
      <source id="mixamorig_RightHandIndex2-Matrix-animation-input">
        <float_array id="mixamorig_RightHandIndex2-Matrix-animation-input-array" count="2">

0.000000 0.033333</float_array>
        <technique_common>
          <accessor source="#mixamorig_RightHandIndex2-Matrix-animation-input-array" count="2">
            <param name="TIME" type="float"/>
          </accessor>
        </technique_common>
      </source>
      <source id="mixamorig_RightHandIndex2-Matrix-animation-output-transform">
        <float_array id="mixamorig_RightHandIndex2-Matrix-animation-output-transform-array" count="32">

1.000000 -0.000000 -0.000000 0.000000 0.000000 1.000000 0.000000 5.741798 0.000000 -0.000000 1.000000 0.000000 0.000000 0.000000 0.000000 1.000000
1.000000 -0.000000 -0.000000 0.000000 0.000000 1.000000 0.000000 5.741798 0.000000 -0.000000 1.000000 0.000000 0.000000 0.000000 0.000000 1.000000</float_array>
        <technique_common>
          <accessor source="#mixamorig_RightHandIndex2-Matrix-animation-output-transform-array" count="2" stride="16">
            <param type="float4x4"/>
          </accessor>
        </technique_common>
      </source>
      <source id="mixamorig_RightHandIndex2-Interpolations">
        <Name_array id="mixamorig_RightHandIndex2-Interpolations-array" count="2">
 LINEAR LINEAR</Name_array>
        <technique_common>
          <accessor source="#mixamorig_RightHandIndex2-Interpolations-array" count="2">
            <param type="name"/>
          </accessor>
        </technique_common>
      </source>
      <sampler id="mixamorig_RightHandIndex2-Matrix-animation-transform">
        <input semantic="INPUT" source="#mixamorig_RightHandIndex2-Matrix-animation-input"/>
        <input semantic="OUTPUT" source="#mixamorig_RightHandIndex2-Matrix-animation-output-transform"/>
        <input semantic="INTERPOLATION" source="#mixamorig_RightHandIndex2-Interpolations"/>
      </sampler>
      <channel source="#mixamorig_RightHandIndex2-Matrix-animation-transform" target="mixamorig_RightHandIndex2/matrix"/>
    </animation>
    <animation id="mixamorig_RightHandIndex3-anim" name="mixamorig_RightHandIndex3">
      <source id="mixamorig_RightHandIndex3-Matrix-animation-input">
        <float_array id="mixamorig_RightHandIndex3-Matrix-animation-input-array" count="2">

0.000000 0.033333</float_array>
        <technique_common>
          <accessor source="#mixamorig_RightHandIndex3-Matrix-animation-input-array" count="2">
            <param name="TIME" type="float"/>
          </accessor>
        </technique_common>
      </source>
      <source id="mixamorig_RightHandIndex3-Matrix-animation-output-transform">
        <float_array id="mixamorig_RightHandIndex3-Matrix-animation-output-transform-array" count="32">

1.000000 0.000000 0.000000 0.000020 -0.000000 1.000000 0.000000 5.031876 -0.000000 -0.000000 1.000000 -0.000013 0.000000 0.000000 0.000000 1.000000
1.000000 0.000000 0.000000 0.000020 -0.000000 1.000000 0.000000 5.031876 -0.000000 -0.000000 1.000000 -0.000013 0.000000 0.000000 0.000000 1.000000</float_array>
        <technique_common>
          <accessor source="#mixamorig_RightHandIndex3-Matrix-animation-output-transform-array" count="2" stride="16">
            <param type="float4x4"/>
          </accessor>
        </technique_common>
      </source>
      <source id="mixamorig_RightHandIndex3-Interpolations">
        <Name_array id="mixamorig_RightHandIndex3-Interpolations-array" count="2">
 LINEAR LINEAR</Name_array>
        <technique_common>
          <accessor source="#mixamorig_RightHandIndex3-Interpolations-array" count="2">
            <param type="name"/>
          </accessor>
        </technique_common>
      </source>
      <sampler id="mixamorig_RightHandIndex3-Matrix-animation-transform">
        <input semantic="INPUT" source="#mixamorig_RightHandIndex3-Matrix-animation-input"/>
        <input semantic="OUTPUT" source="#mixamorig_RightHandIndex3-Matrix-animation-output-transform"/>
        <input semantic="INTERPOLATION" source="#mixamorig_RightHandIndex3-Interpolations"/>
      </sampler>
      <channel source="#mixamorig_RightHandIndex3-Matrix-animation-transform" target="mixamorig_RightHandIndex3/matrix"/>
    </animation>
    <animation id="mixamorig_LeftUpLeg-anim" name="mixamorig_LeftUpLeg">
      <source id="mixamorig_LeftUpLeg-Matrix-animation-input">
        <float_array id="mixamorig_LeftUpLeg-Matrix-animation-input-array" count="2">

0.000000 0.033333</float_array>
        <technique_common>
          <accessor source="#mixamorig_LeftUpLeg-Matrix-animation-input-array" count="2">
            <param name="TIME" type="float"/>
          </accessor>
        </technique_common>
      </source>
      <source id="mixamorig_LeftUpLeg-Matrix-animation-output-transform">
        <float_array id="mixamorig_LeftUpLeg-Matrix-animation-output-transform-array" count="32">

-0.999982 -0.000476 0.005985 13.025906 0.001232 -0.991910 0.126935 -7.109797 0.005876 0.126940 0.991893 1.068628 0.000000 0.000000 0.000000 1.000000
-0.999982 -0.000476 0.005985 13.025906 0.001232 -0.991910 0.126935 -7.109797 0.005876 0.126940 0.991893 1.068628 0.000000 0.000000 0.000000 1.000000</float_array>
        <technique_common>
          <accessor source="#mixamorig_LeftUpLeg-Matrix-animation-output-transform-array" count="2" stride="16">
            <param type="float4x4"/>
          </accessor>
        </technique_common>
      </source>
      <source id="mixamorig_LeftUpLeg-Interpolations">
        <Name_array id="mixamorig_LeftUpLeg-Interpolations-array" count="2">
 LINEAR LINEAR</Name_array>
        <technique_common>
          <accessor source="#mixamorig_LeftUpLeg-Interpolations-array" count="2">
            <param type="name"/>
          </accessor>
        </technique_common>
      </source>
      <sampler id="mixamorig_LeftUpLeg-Matrix-animation-transform">
        <input semantic="INPUT" source="#mixamorig_LeftUpLeg-Matrix-animation-input"/>
        <input semantic="OUTPUT" source="#mixamorig_LeftUpLeg-Matrix-animation-output-transform"/>
        <input semantic="INTERPOLATION" source="#mixamorig_LeftUpLeg-Interpolations"/>
      </sampler>
      <channel source="#mixamorig_LeftUpLeg-Matrix-animation-transform" target="mixamorig_LeftUpLeg/matrix"/>
    </animation>
    <animation id="mixamorig_LeftLeg-anim" name="mixamorig_LeftLeg">
      <source id="mixamorig_LeftLeg-Matrix-animation-input">
        <float_array id="mixamorig_LeftLeg-Matrix-animation-input-array" count="2">

0.000000 0.033333</float_array>
        <technique_common>
          <accessor source="#mixamorig_LeftLeg-Matrix-animation-input-array" count="2">
            <param name="TIME" type="float"/>
          </accessor>
        </technique_common>
      </source>
      <source id="mixamorig_LeftLeg-Matrix-animation-output-transform">
        <float_array id="mixamorig_LeftLeg-Matrix-animation-output-transform-array" count="32">

0.999914 -0.002352 0.012913 -0.000000 -0.000890 0.969412 0.245439 35.904018 -0.013095 -0.245430 0.969326 -0.000000 0.000000 0.000000 0.000000 1.000000
0.999914 -0.002352 0.012913 -0.000000 -0.000890 0.969412 0.245439 35.904018 -0.013095 -0.245430 0.969326 -0.000000 0.000000 0.000000 0.000000 1.000000</float_array>
        <technique_common>
          <accessor source="#mixamorig_LeftLeg-Matrix-animation-output-transform-array" count="2" stride="16">
            <param type="float4x4"/>
          </accessor>
        </technique_common>
      </source>
      <source id="mixamorig_LeftLeg-Interpolations">
        <Name_array id="mixamorig_LeftLeg-Interpolations-array" count="2">
 LINEAR LINEAR</Name_array>
        <technique_common>
          <accessor source="#mixamorig_LeftLeg-Interpolations-array" count="2">
            <param type="name"/>
          </accessor>
        </technique_common>
      </source>
      <sampler id="mixamorig_LeftLeg-Matrix-animation-transform">
        <input semantic="INPUT" source="#mixamorig_LeftLeg-Matrix-animation-input"/>
        <input semantic="OUTPUT" source="#mixamorig_LeftLeg-Matrix-animation-output-transform"/>
        <input semantic="INTERPOLATION" source="#mixamorig_LeftLeg-Interpolations"/>
      </sampler>
      <channel source="#mixamorig_LeftLeg-Matrix-animation-transform" target="mixamorig_LeftLeg/matrix"/>
    </animation>
    <animation id="mixamorig_LeftFoot-anim" name="mixamorig_LeftFoot">
      <source id="mixamorig_LeftFoot-Matrix-animation-input">
        <float_array id="mixamorig_LeftFoot-Matrix-animation-input-array" count="2">

0.000000 0.033333</float_array>
        <technique_common>
          <accessor source="#mixamorig_LeftFoot-Matrix-animation-input-array" count="2">
            <param name="TIME" type="float"/>
          </accessor>
        </technique_common>
      </source>
      <source id="mixamorig_LeftFoot-Matrix-animation-output-transform">
        <float_array id="mixamorig_LeftFoot-Matrix-animation-output-transform-array" count="32">

0.997024 -0.059548 0.048955 0.000000 0.074812 0.594271 -0.800778 40.577450 0.018592 0.802057 0.596958 0.000000 0.000000 0.000000 0.000000 1.000000
0.997024 -0.059548 0.048955 0.000000 0.074812 0.594271 -0.800778 40.577450 0.018592 0.802057 0.596958 0.000000 0.000000 0.000000 0.000000 1.000000</float_array>
        <technique_common>
          <accessor source="#mixamorig_LeftFoot-Matrix-animation-output-transform-array" count="2" stride="16">
            <param type="float4x4"/>
          </accessor>
        </technique_common>
      </source>
      <source id="mixamorig_LeftFoot-Interpolations">
        <Name_array id="mixamorig_LeftFoot-Interpolations-array" count="2">
 LINEAR LINEAR</Name_array>
        <technique_common>
          <accessor source="#mixamorig_LeftFoot-Interpolations-array" count="2">
            <param type="name"/>
          </accessor>
        </technique_common>
      </source>
      <sampler id="mixamorig_LeftFoot-Matrix-animation-transform">
        <input semantic="INPUT" source="#mixamorig_LeftFoot-Matrix-animation-input"/>
        <input semantic="OUTPUT" source="#mixamorig_LeftFoot-Matrix-animation-output-transform"/>
        <input semantic="INTERPOLATION" source="#mixamorig_LeftFoot-Interpolations"/>
      </sampler>
      <channel source="#mixamorig_LeftFoot-Matrix-animation-transform" target="mixamorig_LeftFoot/matrix"/>
    </animation>
    <animation id="mixamorig_LeftToeBase-anim" name="mixamorig_LeftToeBase">
      <source id="mixamorig_LeftToeBase-Matrix-animation-input">
        <float_array id="mixamorig_LeftToeBase-Matrix-animation-input-array" count="2">

0.000000 0.033333</float_array>
        <technique_common>
          <accessor source="#mixamorig_LeftToeBase-Matrix-animation-input-array" count="2">
            <param name="TIME" type="float"/>
          </accessor>
        </technique_common>
      </source>
      <source id="mixamorig_LeftToeBase-Matrix-animation-output-transform">
        <float_array id="mixamorig_LeftToeBase-Matrix-animation-output-transform-array" count="32">

0.982916 0.001905 0.184046 -0.000000 0.126398 0.719880 -0.682492 23.784925 -0.133791 0.694096 0.707341 -0.000000 0.000000 0.000000 0.000000 1.000000
0.982916 0.001905 0.184046 -0.000000 0.126398 0.719880 -0.682492 23.784925 -0.133791 0.694096 0.707341 -0.000000 0.000000 0.000000 0.000000 1.000000</float_array>
        <technique_common>
          <accessor source="#mixamorig_LeftToeBase-Matrix-animation-output-transform-array" count="2" stride="16">
            <param type="float4x4"/>
          </accessor>
        </technique_common>
      </source>
      <source id="mixamorig_LeftToeBase-Interpolations">
        <Name_array id="mixamorig_LeftToeBase-Interpolations-array" count="2">
 LINEAR LINEAR</Name_array>
        <technique_common>
          <accessor source="#mixamorig_LeftToeBase-Interpolations-array" count="2">
            <param type="name"/>
          </accessor>
        </technique_common>
      </source>
      <sampler id="mixamorig_LeftToeBase-Matrix-animation-transform">
        <input semantic="INPUT" source="#mixamorig_LeftToeBase-Matrix-animation-input"/>
        <input semantic="OUTPUT" source="#mixamorig_LeftToeBase-Matrix-animation-output-transform"/>
        <input semantic="INTERPOLATION" source="#mixamorig_LeftToeBase-Interpolations"/>
      </sampler>
      <channel source="#mixamorig_LeftToeBase-Matrix-animation-transform" target="mixamorig_LeftToeBase/matrix"/>
    </animation>
    <animation id="mixamorig_RightUpLeg-anim" name="mixamorig_RightUpLeg">
      <source id="mixamorig_RightUpLeg-Matrix-animation-input">
        <float_array id="mixamorig_RightUpLeg-Matrix-animation-input-array" count="2">

0.000000 0.033333</float_array>
        <technique_common>
          <accessor source="#mixamorig_RightUpLeg-Matrix-animation-input-array" count="2">
            <param name="TIME" type="float"/>
          </accessor>
        </technique_common>
      </source>
      <source id="mixamorig_RightUpLeg-Matrix-animation-output-transform">
        <float_array id="mixamorig_RightUpLeg-Matrix-animation-output-transform-array" count="32">

-0.999982 0.000428 -0.005980 -13.025906 -0.001184 -0.991913 0.126917 -7.109797 -0.005877 0.126921 0.991895 1.068628 0.000000 0.000000 0.000000 1.000000
-0.999982 0.000428 -0.005980 -13.025906 -0.001184 -0.991913 0.126917 -7.109797 -0.005877 0.126921 0.991895 1.068628 0.000000 0.000000 0.000000 1.000000</float_array>
        <technique_common>
          <accessor source="#mixamorig_RightUpLeg-Matrix-animation-output-transform-array" count="2" stride="16">
            <param type="float4x4"/>
          </accessor>
        </technique_common>
      </source>
      <source id="mixamorig_RightUpLeg-Interpolations">
        <Name_array id="mixamorig_RightUpLeg-Interpolations-array" count="2">
 LINEAR LINEAR</Name_array>
        <technique_common>
          <accessor source="#mixamorig_RightUpLeg-Interpolations-array" count="2">
            <param type="name"/>
          </accessor>
        </technique_common>
      </source>
      <sampler id="mixamorig_RightUpLeg-Matrix-animation-transform">
        <input semantic="INPUT" source="#mixamorig_RightUpLeg-Matrix-animation-input"/>
        <input semantic="OUTPUT" source="#mixamorig_RightUpLeg-Matrix-animation-output-transform"/>
        <input semantic="INTERPOLATION" source="#mixamorig_RightUpLeg-Interpolations"/>
      </sampler>
      <channel source="#mixamorig_RightUpLeg-Matrix-animation-transform" target="mixamorig_RightUpLeg/matrix"/>
    </animation>
    <animation id="mixamorig_RightLeg-anim" name="mixamorig_RightLeg">
      <source id="mixamorig_RightLeg-Matrix-animation-input">
        <float_array id="mixamorig_RightLeg-Matrix-animation-input-array" count="2">

0.000000 0.033333</float_array>
        <technique_common>
          <accessor source="#mixamorig_RightLeg-Matrix-animation-input-array" count="2">
            <param name="TIME" type="float"/>
          </accessor>
        </technique_common>
      </source>
      <source id="mixamorig_RightLeg-Matrix-animation-output-transform">
        <float_array id="mixamorig_RightLeg-Matrix-animation-output-transform-array" count="32">

0.999919 0.002263 -0.012550 0.000000 0.000887 0.969420 0.245407 35.904018 0.012722 -0.245398 0.969339 0.000000 0.000000 0.000000 0.000000 1.000000
0.999919 0.002263 -0.012550 0.000000 0.000887 0.969420 0.245407 35.904018 0.012722 -0.245398 0.969339 0.000000 0.000000 0.000000 0.000000 1.000000</float_array>
        <technique_common>
          <accessor source="#mixamorig_RightLeg-Matrix-animation-output-transform-array" count="2" stride="16">
            <param type="float4x4"/>
          </accessor>
        </technique_common>
      </source>
      <source id="mixamorig_RightLeg-Interpolations">
        <Name_array id="mixamorig_RightLeg-Interpolations-array" count="2">
 LINEAR LINEAR</Name_array>
        <technique_common>
          <accessor source="#mixamorig_RightLeg-Interpolations-array" count="2">
            <param type="name"/>
          </accessor>
        </technique_common>
      </source>
      <sampler id="mixamorig_RightLeg-Matrix-animation-transform">
        <input semantic="INPUT" source="#mixamorig_RightLeg-Matrix-animation-input"/>
        <input semantic="OUTPUT" source="#mixamorig_RightLeg-Matrix-animation-output-transform"/>
        <input semantic="INTERPOLATION" source="#mixamorig_RightLeg-Interpolations"/>
      </sampler>
      <channel source="#mixamorig_RightLeg-Matrix-animation-transform" target="mixamorig_RightLeg/matrix"/>
    </animation>
    <animation id="mixamorig_RightFoot-anim" name="mixamorig_RightFoot">
      <source id="mixamorig_RightFoot-Matrix-animation-input">
        <float_array id="mixamorig_RightFoot-Matrix-animation-input-array" count="2">

0.000000 0.033333</float_array>
        <technique_common>
          <accessor source="#mixamorig_RightFoot-Matrix-animation-input-array" count="2">
            <param name="TIME" type="float"/>
          </accessor>
        </technique_common>
      </source>
      <source id="mixamorig_RightFoot-Matrix-animation-output-transform">
        <float_array id="mixamorig_RightFoot-Matrix-animation-output-transform-array" count="32">

0.997028 0.059277 -0.049209 0.000000 -0.074854 0.594282 -0.800766 40.577446 -0.018223 0.802070 0.596952 -0.000000 0.000000 0.000000 0.000000 1.000000
0.997028 0.059277 -0.049209 0.000000 -0.074854 0.594282 -0.800766 40.577446 -0.018223 0.802070 0.596952 -0.000000 0.000000 0.000000 0.000000 1.000000</float_array>
        <technique_common>
          <accessor source="#mixamorig_RightFoot-Matrix-animation-output-transform-array" count="2" stride="16">
            <param type="float4x4"/>
          </accessor>
        </technique_common>
      </source>
      <source id="mixamorig_RightFoot-Interpolations">
        <Name_array id="mixamorig_RightFoot-Interpolations-array" count="2">
 LINEAR LINEAR</Name_array>
        <technique_common>
          <accessor source="#mixamorig_RightFoot-Interpolations-array" count="2">
            <param type="name"/>
          </accessor>
        </technique_common>
      </source>
      <sampler id="mixamorig_RightFoot-Matrix-animation-transform">
        <input semantic="INPUT" source="#mixamorig_RightFoot-Matrix-animation-input"/>
        <input semantic="OUTPUT" source="#mixamorig_RightFoot-Matrix-animation-output-transform"/>
        <input semantic="INTERPOLATION" source="#mixamorig_RightFoot-Interpolations"/>
      </sampler>
      <channel source="#mixamorig_RightFoot-Matrix-animation-transform" target="mixamorig_RightFoot/matrix"/>
    </animation>
    <animation id="mixamorig_RightToeBase-anim" name="mixamorig_RightToeBase">
      <source id="mixamorig_RightToeBase-Matrix-animation-input">
        <float_array id="mixamorig_RightToeBase-Matrix-animation-input-array" count="2">

0.000000 0.033333</float_array>
        <technique_common>
          <accessor source="#mixamorig_RightToeBase-Matrix-animation-input-array" count="2">
            <param name="TIME" type="float"/>
          </accessor>
        </technique_common>
      </source>
      <source id="mixamorig_RightToeBase-Matrix-animation-output-transform">
        <float_array id="mixamorig_RightToeBase-Matrix-animation-output-transform-array" count="32">

0.982520 -0.018986 -0.185184 0.000000 -0.115322 0.718830 -0.685554 23.784927 0.146132 0.694926 0.704076 0.000000 0.000000 0.000000 0.000000 1.000000
0.982520 -0.018986 -0.185184 0.000000 -0.115322 0.718830 -0.685554 23.784927 0.146132 0.694926 0.704076 0.000000 0.000000 0.000000 0.000000 1.000000</float_array>
        <technique_common>
          <accessor source="#mixamorig_RightToeBase-Matrix-animation-output-transform-array" count="2" stride="16">
            <param type="float4x4"/>
          </accessor>
        </technique_common>
      </source>
      <source id="mixamorig_RightToeBase-Interpolations">
        <Name_array id="mixamorig_RightToeBase-Interpolations-array" count="2">
 LINEAR LINEAR</Name_array>
        <technique_common>
          <accessor source="#mixamorig_RightToeBase-Interpolations-array" count="2">
            <param type="name"/>
          </accessor>
        </technique_common>
      </source>
      <sampler id="mixamorig_RightToeBase-Matrix-animation-transform">
        <input semantic="INPUT" source="#mixamorig_RightToeBase-Matrix-animation-input"/>
        <input semantic="OUTPUT" source="#mixamorig_RightToeBase-Matrix-animation-output-transform"/>
        <input semantic="INTERPOLATION" source="#mixamorig_RightToeBase-Interpolations"/>
      </sampler>
      <channel source="#mixamorig_RightToeBase-Matrix-animation-transform" target="mixamorig_RightToeBase/matrix"/>
    </animation>
  </library_animations>
  <library_visual_scenes>
    <visual_scene id="RootNode" name="RootNode">
      <node id="mixamorig_Hips" name="mixamorig_Hips" sid="mixamorig_Hips" type="JOINT">
        <matrix sid="matrix">1.000000 -0.000000 -0.000000 -0.000006 0.000000 0.999565 -0.029502 100.116508 0.000000 0.029502 0.999565 -0.949783 0.000000 0.000000 0.000000 1.000000</matrix>
        <node id="mixamorig_Spine" name="mixamorig_Spine" sid="mixamorig_Spine" type="JOINT">
          <matrix sid="matrix">1.000000 0.000000 0.000000 0.000000 -0.000000 0.999690 0.024907 14.658832 -0.000000 -0.024907 0.999690 -0.000000 0.000000 0.000000 0.000000 1.000000</matrix>
          <node id="mixamorig_Spine1" name="mixamorig_Spine1" sid="mixamorig_Spine1" type="JOINT">
            <matrix sid="matrix">1.000000 0.000000 0.000000 -0.000000 -0.000000 0.999677 -0.025407 10.372622 -0.000000 0.025407 0.999677 -0.000000 0.000000 0.000000 0.000000 1.000000</matrix>
            <node id="mixamorig_Spine2" name="mixamorig_Spine2" sid="mixamorig_Spine2" type="JOINT">
              <matrix sid="matrix">1.000000 0.000000 -0.000000 -0.000000 -0.000000 0.999364 0.035655 10.089534 0.000000 -0.035655 0.999364 0.000000 0.000000 0.000000 0.000000 1.000000</matrix>
              <node id="mixamorig_Neck" name="mixamorig_Neck" sid="mixamorig_Neck" type="JOINT">
                <matrix sid="matrix">1.000000 0.000000 -0.000000 0.000013 -0.000000 0.999984 -0.005655 26.668522 0.000000 0.005655 0.999984 -1.206735 0.000000 0.000000 0.000000 1.000000</matrix>
                <node id="mixamorig_Head" name="mixamorig_Head" sid="mixamorig_Head" type="JOINT">
                  <matrix sid="matrix">1.000000 0.000000 -0.000000 -0.000000 0.000000 1.000000 0.000000 8.300674 0.000000 0.000000 1.000000 3.339198 0.000000 0.000000 0.000000 1.000000</matrix>
                  <node id="mixamorig_HeadTop_End" name="mixamorig_HeadTop_End" sid="mixamorig_HeadTop_End" type="JOINT">
                    <matrix sid="matrix">1.000000 0.000000 0.000000 -0.000000 0.000000 1.000000 -0.000000 35.688370 0.000000 0.000000 1.000000 4.511513 0.000000 0.000000 0.000000 1.000000</matrix>
                  </node>
                  <node id="mixamorig_Reye" name="mixamorig_Reye" sid="mixamorig_Reye" type="JOINT">
                    <matrix sid="matrix">1.000000 0.000000 0.000000 -5.243907 0.000000 1.000000 0.000000 17.465424 0.000000 0.000000 1.000000 10.796662 0.000000 0.000000 0.000000 1.000000</matrix>
                  </node>
                  <node id="mixamorig_Leye" name="mixamorig_Leye" sid="mixamorig_Leye" type="JOINT">
                    <matrix sid="matrix">1.000000 0.000000 0.000000 5.362378 0.000000 1.000000 0.000000 17.465424 0.000000 0.000000 1.000000 10.796662 0.000000 0.000000 0.000000 1.000000</matrix>
                  </node>
                </node>
              </node>
              <node id="mixamorig_LeftShoulder" name="mixamorig_LeftShoulder" sid="mixamorig_LeftShoulder" type="JOINT">
                <matrix sid="matrix">-0.006695 0.887691 -0.460391 14.211895 0.009127 -0.460328 -0.887702 23.227409 -0.999936 -0.010146 -0.005020 -1.268558 0.000000 0.000000 0.000000 1.000000</matrix>
                <node id="mixamorig_LeftArm" name="mixamorig_LeftArm" sid="mixamorig_LeftArm" type="JOINT">
                  <matrix sid="matrix">0.999972 -0.006695 -0.003472 -0.000000 0.007542 0.887701 0.460360 11.940456 -0.000000 -0.460373 0.887726 0.000000 0.000000 0.000000 0.000000 1.000000</matrix>
                  <node id="mixamorig_LeftForeArm" name="mixamorig_LeftForeArm" sid="mixamorig_LeftForeArm" type="JOINT">
                    <matrix sid="matrix">1.000000 -0.000006 -0.000061 -0.000000 0.000006 1.000000 0.000001 32.327599 0.000061 -0.000001 1.000000 -0.000000 0.000000 0.000000 0.000000 1.000000</matrix>
                    <node id="mixamorig_LeftHand" name="mixamorig_LeftHand" sid="mixamorig_LeftHand" type="JOINT">
                      <matrix sid="matrix">1.000000 0.000011 0.000000 0.000181 -0.000011 0.999976 -0.006989 31.834743 -0.000000 0.006989 0.999976 -0.000000 0.000000 0.000000 0.000000 1.000000</matrix>
                      <node id="mixamorig_LeftHandThumb1" name="mixamorig_LeftHandThumb1" sid="mixamorig_LeftHandThumb1" type="JOINT">
                        <matrix sid="matrix">0.894439 -0.447189 0.000013 -7.403536 0.388832 0.777702 -0.493953 10.426579 0.220880 0.441816 0.869488 3.702016 0.000000 0.000000 0.000000 1.000000</matrix>
                        <node id="mixamorig_LeftHandThumb2" name="mixamorig_LeftHandThumb2" sid="mixamorig_LeftHandThumb2" type="JOINT">
                          <matrix sid="matrix">1.000000 0.000001 0.000000 -0.000000 -0.000001 1.000000 0.000000 5.049845 -0.000000 -0.000000 1.000000 -0.000000 0.000000 0.000000 0.000000 1.000000</matrix>
                          <node id="mixamorig_LeftHandThumb3" name="mixamorig_LeftHandThumb3" sid="mixamorig_LeftHandThumb3" type="JOINT">
                            <matrix sid="matrix">1.000000 0.000001 -0.000003 0.000039 -0.000001 1.000000 -0.000001 5.797240 0.000003 0.000001 1.000000 0.000008 0.000000 0.000000 0.000000 1.000000</matrix>
                            <node id="mixamorig_LeftHandThumb4" name="mixamorig_LeftHandThumb4" sid="mixamorig_LeftHandThumb4" type="JOINT">
                              <matrix sid="matrix">0.958039 -0.140331 0.249936 -0.000000 0.144930 0.989442 0.000005 4.412881 -0.247298 0.036218 0.968262 -0.000000 0.000000 0.000000 0.000000 1.000000</matrix>
                            </node>
                          </node>
                        </node>
                      </node>
                      <node id="mixamorig_LeftHandIndex1" name="mixamorig_LeftHandIndex1" sid="mixamorig_LeftHandIndex1" type="JOINT">
                        <matrix sid="matrix">1.000000 -0.000004 0.000000 -0.000108 0.000004 0.999976 0.006988 22.748438 -0.000000 -0.006988 0.999976 -0.159007 0.000000 0.000000 0.000000 1.000000</matrix>
                        <node id="mixamorig_LeftHandIndex2" name="mixamorig_LeftHandIndex2" sid="mixamorig_LeftHandIndex2" type="JOINT">
                          <matrix sid="matrix">1.000000 -0.000000 -0.000000 0.000000 0.000000 1.000000 0.000000 5.146164 0.000000 -0.000000 1.000000 -0.000000 0.000000 0.000000 0.000000 1.000000</matrix>
                          <node id="mixamorig_LeftHandIndex3" name="mixamorig_LeftHandIndex3" sid="mixamorig_LeftHandIndex3" type="JOINT">
                            <matrix sid="matrix">1.000000 -0.000001 -0.000000 0.000000 0.000001 1.000000 -0.000000 5.107414 0.000000 0.000000 1.000000 0.000000 0.000000 0.000000 0.000000 1.000000</matrix>
                            <node id="mixamorig_LeftHandIndex4" name="mixamorig_LeftHandIndex4" sid="mixamorig_LeftHandIndex4" type="JOINT">
                              <matrix sid="matrix">0.999968 -0.000032 0.008003 0.000000 0.000032 1.000000 0.000003 3.199684 -0.008003 -0.000003 0.999968 0.000000 0.000000 0.000000 0.000000 1.000000</matrix>
                            </node>
                          </node>
                        </node>
                      </node>
                    </node>
                  </node>
                </node>
              </node>
              <node id="mixamorig_RightShoulder" name="mixamorig_RightShoulder" sid="mixamorig_RightShoulder" type="JOINT">
                <matrix sid="matrix">-0.006695 -0.887699 0.460375 -14.211868 -0.009127 -0.460312 -0.887710 23.227409 0.999936 -0.010146 -0.005020 -1.268558 0.000000 0.000000 0.000000 1.000000</matrix>
                <node id="mixamorig_RightArm" name="mixamorig_RightArm" sid="mixamorig_RightArm" type="JOINT">
                  <matrix sid="matrix">0.999972 0.006696 0.003472 -0.000000 -0.007542 0.887701 0.460360 11.940486 0.000000 -0.460373 0.887726 0.000000 0.000000 0.000000 0.000000 1.000000</matrix>
                  <node id="mixamorig_RightForeArm" name="mixamorig_RightForeArm" sid="mixamorig_RightForeArm" type="JOINT">
                    <matrix sid="matrix">1.000000 0.000002 0.000061 -0.000000 -0.000002 1.000000 -0.000000 32.327599 -0.000061 0.000000 1.000000 0.000000 0.000000 0.000000 0.000000 1.000000</matrix>
                    <node id="mixamorig_RightHand" name="mixamorig_RightHand" sid="mixamorig_RightHand" type="JOINT">
                      <matrix sid="matrix">1.000000 -0.000008 -0.000000 -0.000077 0.000008 0.999976 -0.006913 32.168892 0.000000 0.006913 0.999976 -0.000000 0.000000 0.000000 0.000000 1.000000</matrix>
                      <node id="mixamorig_RightHandThumb1" name="mixamorig_RightHandThumb1" sid="mixamorig_RightHandThumb1" type="JOINT">
                        <matrix sid="matrix">0.894439 0.447191 -0.000012 4.773039 -0.388815 0.777668 -0.494020 10.394019 -0.220912 0.441875 0.869451 3.788100 0.000000 0.000000 0.000000 1.000000</matrix>
                        <node id="mixamorig_RightHandThumb2" name="mixamorig_RightHandThumb2" sid="mixamorig_RightHandThumb2" type="JOINT">
                          <matrix sid="matrix">1.000000 -0.000000 0.000000 -0.000000 0.000000 1.000000 -0.000000 5.770444 -0.000000 0.000000 1.000000 -0.000000 0.000000 0.000000 0.000000 1.000000</matrix>
                          <node id="mixamorig_RightHandThumb3" name="mixamorig_RightHandThumb3" sid="mixamorig_RightHandThumb3" type="JOINT">
                            <matrix sid="matrix">1.000000 0.000000 -0.000000 -0.000012 0.000000 1.000000 -0.000000 6.146449 -0.000000 0.000000 1.000000 -0.000007 0.000000 0.000000 0.000000 1.000000</matrix>
                            <node id="mixamorig_RightHandThumb4" name="mixamorig_RightHandThumb4" sid="mixamorig_RightHandThumb4" type="JOINT">
                              <matrix sid="matrix">0.957213 0.140746 -0.252852 -0.000023 -0.145444 0.989366 0.000112 4.412878 0.250179 0.036669 0.967505 0.000020 0.000000 0.000000 0.000000 1.000000</matrix>
                            </node>
                          </node>
                        </node>
                      </node>
                      <node id="mixamorig_RightHandIndex1" name="mixamorig_RightHandIndex1" sid="mixamorig_RightHandIndex1" type="JOINT">
                        <matrix sid="matrix">1.000000 0.000005 0.000000 0.000103 -0.000005 0.999976 0.006914 21.103012 0.000000 -0.006914 0.999976 -0.145872 0.000000 0.000000 0.000000 1.000000</matrix>
                        <node id="mixamorig_RightHandIndex2" name="mixamorig_RightHandIndex2" sid="mixamorig_RightHandIndex2" type="JOINT">
                          <matrix sid="matrix">1.000000 -0.000000 -0.000000 0.000000 0.000000 1.000000 0.000000 5.741798 0.000000 -0.000000 1.000000 0.000000 0.000000 0.000000 0.000000 1.000000</matrix>
                          <node id="mixamorig_RightHandIndex3" name="mixamorig_RightHandIndex3" sid="mixamorig_RightHandIndex3" type="JOINT">
                            <matrix sid="matrix">1.000000 0.000000 0.000000 0.000020 -0.000000 1.000000 0.000000 5.031876 -0.000000 -0.000000 1.000000 -0.000013 0.000000 0.000000 0.000000 1.000000</matrix>
                            <node id="mixamorig_RightHandIndex4" name="mixamorig_RightHandIndex4" sid="mixamorig_RightHandIndex4" type="JOINT">
                              <matrix sid="matrix">0.999906 -0.002755 -0.013419 -0.000027 0.002757 0.999996 0.000130 5.405365 0.013418 -0.000167 0.999910 -0.000045 0.000000 0.000000 0.000000 1.000000</matrix>
                            </node>
                          </node>
                        </node>
                      </node>
                    </node>
                  </node>
                </node>
              </node>
            </node>
          </node>
        </node>
        <node id="mixamorig_LeftUpLeg" name="mixamorig_LeftUpLeg" sid="mixamorig_LeftUpLeg" type="JOINT">
          <matrix sid="matrix">-0.999982 -0.000476 0.005985 13.025906 0.001232 -0.991910 0.126935 -7.109797 0.005876 0.126940 0.991893 1.068628 0.000000 0.000000 0.000000 1.000000</matrix>
          <node id="mixamorig_LeftLeg" name="mixamorig_LeftLeg" sid="mixamorig_LeftLeg" type="JOINT">
            <matrix sid="matrix">0.999914 -0.002352 0.012913 -0.000000 -0.000890 0.969412 0.245439 35.904018 -0.013095 -0.245430 0.969326 -0.000000 0.000000 0.000000 0.000000 1.000000</matrix>
            <node id="mixamorig_LeftFoot" name="mixamorig_LeftFoot" sid="mixamorig_LeftFoot" type="JOINT">
              <matrix sid="matrix">0.997024 -0.059548 0.048955 0.000000 0.074812 0.594271 -0.800778 40.577450 0.018592 0.802057 0.596958 0.000000 0.000000 0.000000 0.000000 1.000000</matrix>
              <node id="mixamorig_LeftToeBase" name="mixamorig_LeftToeBase" sid="mixamorig_LeftToeBase" type="JOINT">
                <matrix sid="matrix">0.982916 0.001905 0.184046 -0.000000 0.126398 0.719880 -0.682492 23.784925 -0.133791 0.694096 0.707341 -0.000000 0.000000 0.000000 0.000000 1.000000</matrix>
                <node id="mixamorig_LeftToe_End" name="mixamorig_LeftToe_End" sid="mixamorig_LeftToe_End" type="JOINT">
                  <matrix sid="matrix">1.000000 -0.000000 0.000000 -0.000000 0.000000 1.000000 0.000000 13.383049 -0.000000 -0.000000 1.000000 -0.000000 0.000000 0.000000 0.000000 1.000000</matrix>
                </node>
              </node>
            </node>
          </node>
        </node>
        <node id="mixamorig_RightUpLeg" name="mixamorig_RightUpLeg" sid="mixamorig_RightUpLeg" type="JOINT">
          <matrix sid="matrix">-0.999982 0.000428 -0.005980 -13.025906 -0.001184 -0.991913 0.126917 -7.109797 -0.005877 0.126921 0.991895 1.068628 0.000000 0.000000 0.000000 1.000000</matrix>
          <node id="mixamorig_RightLeg" name="mixamorig_RightLeg" sid="mixamorig_RightLeg" type="JOINT">
            <matrix sid="matrix">0.999919 0.002263 -0.012550 0.000000 0.000887 0.969420 0.245407 35.904018 0.012722 -0.245398 0.969339 0.000000 0.000000 0.000000 0.000000 1.000000</matrix>
            <node id="mixamorig_RightFoot" name="mixamorig_RightFoot" sid="mixamorig_RightFoot" type="JOINT">
              <matrix sid="matrix">0.997028 0.059277 -0.049209 0.000000 -0.074854 0.594282 -0.800766 40.577446 -0.018223 0.802070 0.596952 -0.000000 0.000000 0.000000 0.000000 1.000000</matrix>
              <node id="mixamorig_RightToeBase" name="mixamorig_RightToeBase" sid="mixamorig_RightToeBase" type="JOINT">
                <matrix sid="matrix">0.982520 -0.018986 -0.185184 0.000000 -0.115322 0.718830 -0.685554 23.784927 0.146132 0.694926 0.704076 0.000000 0.000000 0.000000 0.000000 1.000000</matrix>
                <node id="mixamorig_RightToe_End" name="mixamorig_RightToe_End" sid="mixamorig_RightToe_End" type="JOINT">
                  <matrix sid="matrix">1.000000 -0.000000 -0.000000 0.000000 0.000000 1.000000 -0.000000 13.383048 0.000000 0.000000 1.000000 0.000000 0.000000 0.000000 0.000000 1.000000</matrix>
                </node>
              </node>
            </node>
          </node>
        </node>
      </node>
      <node id="Guard02" name="Guard02" sid="Guard02">
        <instance_controller url="#Guard02Controller">
          <skeleton>#mixamorig_Hips</skeleton>
          <bind_material>
            <technique_common>
              <instance_material symbol="Guard_02SG" target="#Guard_02"/>
            </technique_common>
          </bind_material>
        </instance_controller>
      </node>
    </visual_scene>
  </library_visual_scenes>
  <scene>
    <instance_visual_scene url="#RootNode"/>
  </scene>
</COLLADA>
